id,source,source_url,name,lat,lon,geometry,start_lat,start_lon,end_lat,end_lon,line_polyline,length_mi,stars,stars_basis,stars_raw_avg,votes,difficulty,riding_area,location,state,country,direction,closed,also_listed_as,point_basis,excluded_reason
mtb-7028832,mtbproject,https://www.mtbproject.com/trail/7028832/peacock-flats,Peacock Flats,21.5816,-158.1929,point_trailhead,21.5816,-158.1929,,,,22.0,5.0,mtbproject_avg,,1,dblack,,"Mokulēia, Hawaii",Hawaii,United States,,,,mtbproject_trailhead,difficulty=dblack
mtb-7029091,mtbproject,https://www.mtbproject.com/trail/7029091/kealia-trail,Kealia Trail,21.554,-158.2139,point_trailhead,21.554,-158.2139,,,,2.8,5.0,mtbproject_avg,,1,dblack,,"Mokulēia, Hawaii",Hawaii,United States,,,,mtbproject_trailhead,difficulty=dblack
mtb-5069336,mtbproject,https://www.mtbproject.com/trail/5069336/kahakapao-west,Kahakapao West,20.8129,-156.2693,point_trailhead,20.8129,-156.2693,,,,2.5,5.0,mtbproject_avg,,1,greenBlue,,"Makawao, Hawaii",Hawaii,United States,,,,mtbproject_trailhead,difficulty=greenBlue
mtb-7013155,mtbproject,https://www.mtbproject.com/trail/7013155/tram-road,Tram Road,25.757,-80.7649,point_trailhead,25.757,-80.7649,,,,15.3,4.7,mtbproject_avg,,3,green,,"Tamiami, Florida",Florida,United States,,,,mtbproject_trailhead,difficulty=green
mtb-7013251,mtbproject,https://www.mtbproject.com/trail/7013251/kitchen-sink,Kitchen Sink,25.9133,-80.1361,point_trailhead,25.9133,-80.1361,,,,0.2,5.0,mtbproject_avg,,1,blue,,"Bal Harbour, Florida",Florida,United States,,,,mtbproject_trailhead,mtbproject type=Connector
mtb-7013248,mtbproject,https://www.mtbproject.com/trail/7013248/gumbo-limbo,Gumbo Limbo,25.9161,-80.1342,point_trailhead,25.9161,-80.1342,,,,0.1,5.0,mtbproject_avg,,1,greenBlue,,"Bal Harbour, Florida",Florida,United States,,,,mtbproject_trailhead,difficulty=greenBlue
mtb-7013991,mtbproject,https://www.mtbproject.com/trail/7013991/cabin-loop,Cabin Loop,25.9162,-80.133,point_trailhead,25.9162,-80.133,,,,0.7,4.0,mtbproject_avg,,1,green,,"Bal Harbour, Florida",Florida,United States,,,,mtbproject_trailhead,difficulty=green
mtb-7014682,mtbproject,https://www.mtbproject.com/trail/7014682/half-pipe-trail,Half Pipe Trail,25.9176,-80.1316,point_trailhead,25.9176,-80.1316,,,,0.3,4.0,mtbproject_avg,,1,greenBlue,,"Bal Harbour, Florida",Florida,United States,,,,mtbproject_trailhead,difficulty=greenBlue
mtb-4830295,mtbproject,https://www.mtbproject.com/trail/4830295/deep-dark-forest-a-winding-section-of-trail-with-lots-of-roots,Deep Dark Forest - a winding section of trail with lots of roots.,26.1314,-80.3505,point_trailhead,26.1314,-80.3505,,,,0.2,5.0,mtbproject_avg,,1,blueBlack,,"Weston, Florida",Florida,United States,,,,mtbproject_trailhead,mtbproject type=Connector
mtb-4831195,mtbproject,https://www.mtbproject.com/trail/4831195/rock-garden-lots-of-rocks-to-navigate-through-and-a-couple-of-technical-drops,Rock Garden - Lots of rocks to navigate through and a couple of technical drops.,26.133,-80.3508,point_trailhead,26.133,-80.3508,,,,0.3,5.0,mtbproject_avg,,1,black,,"Weston, Florida",Florida,United States,,,,mtbproject_trailhead,mtbproject type=Connector
mtb-4833942,mtbproject,https://www.mtbproject.com/trail/4833942/fishing-hole-loop-a-great-trail-for-beginners-and-is-also-accessible-to-offroad-,Fishing Hole Loop - A great trail for beginners and is also accessible to offroad handcrank bikes.,26.1345,-80.3522,point_trailhead,26.1345,-80.3522,,,,0.2,5.0,mtbproject_avg,,1,green,,"Weston, Florida",Florida,United States,,,,mtbproject_trailhead,difficulty=green
mtb-4833062,mtbproject,https://www.mtbproject.com/trail/4833062/iguana-ridge-a-short-advanced-ridgeline-with-an-optional-technical-drop-halfway-,Iguana Ridge - A short advanced ridgeline with an optional technical drop halfway down on the right.,26.1351,-80.3516,point_trailhead,26.1351,-80.3516,,,,0.1,5.0,mtbproject_avg,,1,black,,"Weston, Florida",Florida,United States,,,,mtbproject_trailhead,mtbproject type=Connector
mtb-7011788,mtbproject,https://www.mtbproject.com/trail/7011788/dyer-perimeter-trail,Dyer Perimeter Trail,26.7871,-80.1308,point_trailhead,26.7871,-80.1308,,,,4.4,4.4,mtbproject_avg,,9,greenBlue,,"Palm Beach Gardens, Florida",Florida,United States,,,,mtbproject_trailhead,difficulty=greenBlue
mtb-7001941,mtbproject,https://www.mtbproject.com/trail/7001941/halpatiokee,Halpatiokee,27.1027,-80.252,point_trailhead,27.1027,-80.252,,,,7.2,3.9,mtbproject_avg,,8,greenBlue,,"Palm City, Florida",Florida,United States,,,,mtbproject_trailhead,difficulty=greenBlue
mtb-7008318,mtbproject,https://www.mtbproject.com/trail/7008318/hare-trail,Hare Trail,27.0074,-80.1064,point_trailhead,27.0074,-80.1064,,,,0.7,4.5,mtbproject_avg,,2,greenBlue,,"Tequesta, Florida",Florida,United States,,,,mtbproject_trailhead,difficulty=greenBlue
mtb-7008260,mtbproject,https://www.mtbproject.com/trail/7008260/tortoise-trail,Tortoise Trail,27.0116,-80.1121,point_trailhead,27.0116,-80.1121,,,,0.8,4.0,mtbproject_avg,,1,green,,"Tequesta, Florida",Florida,United States,,,,mtbproject_trailhead,difficulty=green
mtb-7008320,mtbproject,https://www.mtbproject.com/trail/7008320/eight-tenths-trail,Eight Tenths Trail,27.0062,-80.1051,point_trailhead,27.0062,-80.1051,,,,0.8,4.0,mtbproject_avg,,1,blue,,"Tequesta, Florida",Florida,United States,,,,mtbproject_trailhead,mtbproject type=Connector
mtb-7001368,mtbproject,https://www.mtbproject.com/trail/7001368/shiloh-bike-trail,Shiloh Bike Trail,27.5897,-99.4874,point_trailhead,27.5897,-99.4874,,,,3.9,4.0,mtbproject_avg,,2,greenBlue,,"Laredo, Texas",Texas,United States,,,,mtbproject_trailhead,difficulty=greenBlue
mtb-7021457,mtbproject,https://www.mtbproject.com/trail/7021457/oso-creek-park,Oso Creek Park,27.6414,-97.3887,point_trailhead,27.6414,-97.3887,,,,2.7,4.0,mtbproject_avg,,3,greenBlue,,"Corpus Christi, Texas",Texas,United States,,,,mtbproject_trailhead,difficulty=greenBlue
mtb-7009159,mtbproject,https://www.mtbproject.com/trail/7009159/oso-main-line,Oso Main Line,27.6414,-97.3887,point_trailhead,27.6414,-97.3887,,,,1.7,5.0,mtbproject_avg,,1,greenBlue,,"Corpus Christi, Texas",Texas,United States,,,,mtbproject_trailhead,difficulty=greenBlue
mtb-7008968,mtbproject,https://www.mtbproject.com/trail/7008968/moonscape,Moonscape,27.7876,-82.1385,point_trailhead,27.7876,-82.1385,,,,0.9,5.0,mtbproject_avg,,5,dblack,,"Lithia, Florida",Florida,United States,,,,mtbproject_trailhead,difficulty=dblack
mtb-7008976,mtbproject,https://www.mtbproject.com/trail/7008976/gravitron,Gravitron,27.7877,-82.1394,point_trailhead,27.7877,-82.1394,,,,0.3,5.0,mtbproject_avg,,4,dblack,,"Lithia, Florida",Florida,United States,,,,mtbproject_trailhead,difficulty=dblack
mtb-7008975,mtbproject,https://www.mtbproject.com/trail/7008975/doom,Doom,27.7878,-82.1398,point_trailhead,27.7878,-82.1398,,,,0.4,5.0,mtbproject_avg,,3,dblack,,"Lithia, Florida",Florida,United States,,,,mtbproject_trailhead,difficulty=dblack
mtb-7004337,mtbproject,https://www.mtbproject.com/trail/7004337/southeast,Southeast,27.7719,-82.2139,point_trailhead,27.7719,-82.2139,,,,1.1,4.5,mtbproject_avg,,2,green,,"Boyette, Florida",Florida,United States,,,,mtbproject_trailhead,difficulty=green
mtb-7004336,mtbproject,https://www.mtbproject.com/trail/7004336/southwest,Southwest,27.7769,-82.2196,point_trailhead,27.7769,-82.2196,,,,0.8,4.5,mtbproject_avg,,2,green,,"Boyette, Florida",Florida,United States,,,,mtbproject_trailhead,difficulty=green
mtb-7005505,mtbproject,https://www.mtbproject.com/trail/7005505/river-loop,River Loop,27.7851,-82.1376,point_trailhead,27.7851,-82.1376,,,,2.4,4.0,mtbproject_avg,,4,greenBlue,,"Lithia, Florida",Florida,United States,,,,mtbproject_trailhead,difficulty=greenBlue
mtb-6066970,mtbproject,https://www.mtbproject.com/trail/6066970/red-shirt-northwest,Red Shirt Northwest,27.7746,-82.2132,point_trailhead,27.7746,-82.2132,,,,1.7,4.0,mtbproject_avg,,1,greenBlue,,"Boyette, Florida",Florida,United States,,,,mtbproject_trailhead,difficulty=greenBlue
mtb-6262000,mtbproject,https://www.mtbproject.com/trail/6262000/blue-loop,Blue Loop,28.0061,-80.5973,point_trailhead,28.0061,-80.5973,,,,1.6,4.0,mtbproject_avg,,1,greenBlue,,"Malabar, Florida",Florida,United States,,,,mtbproject_trailhead,difficulty=greenBlue
mtb-7017503,mtbproject,https://www.mtbproject.com/trail/7017503/yellow-east,Yellow East,28.0083,-80.5944,point_trailhead,28.0083,-80.5944,,,,1.1,4.0,mtbproject_avg,,1,greenBlue,,"Malabar, Florida",Florida,United States,,,,mtbproject_trailhead,difficulty=greenBlue
mtb-7017504,mtbproject,https://www.mtbproject.com/trail/7017504/yellow-west,Yellow West,28.011,-80.5854,point_trailhead,28.011,-80.5854,,,,1.1,4.0,mtbproject_avg,,1,greenBlue,,"Malabar, Florida",Florida,United States,,,,mtbproject_trailhead,difficulty=greenBlue
mtb-7010582,mtbproject,https://www.mtbproject.com/trail/7010582/jb-starkey-loop,J.B. Starkey Loop,28.2592,-82.6357,point_trailhead,28.2592,-82.6357,,,,13.7,4.0,mtbproject_avg,,6,greenBlue,,"New Port Richey East, Florida",Florida,United States,,,,mtbproject_trailhead,difficulty=greenBlue
mtb-7034286,mtbproject,https://www.mtbproject.com/trail/7034286/twisted-pine,Twisted Pine,28.2371,-82.6152,point_trailhead,28.2371,-82.6152,,,,5.8,4.0,mtbproject_avg,,2,greenBlue,,"Odessa, Florida",Florida,United States,,,,mtbproject_trailhead,difficulty=greenBlue
mtb-7013211,mtbproject,https://www.mtbproject.com/trail/7013211/sugar-mountain-loop,Sugar Mountain Loop,28.6187,-82.2691,point_trailhead,28.6187,-82.2691,,,,1.7,4.0,mtbproject_avg,,1,greenBlue,,"Lake Lindsey, Florida",Florida,United States,,,,mtbproject_trailhead,difficulty=greenBlue
mtb-7013074,mtbproject,https://www.mtbproject.com/trail/7013074/northeast-territory,Northeast Territory,28.6273,-82.2568,point_trailhead,28.6273,-82.2568,,,,3.2,4.0,mtbproject_avg,,1,green,,"Lake Lindsey, Florida",Florida,United States,,,,mtbproject_trailhead,difficulty=green
mtb-7012974,mtbproject,https://www.mtbproject.com/trail/7012974/yellow-bypass-this-trail-cuts-off-approximately-4-miles-of-the-yellow-loop-marke,Yellow Bypass - This trail cuts off approximately 4 miles of the Yellow Loop. Marked w/ Green Signs.,28.5976,-82.2933,point_trailhead,28.5976,-82.2933,,,,0.6,4.0,mtbproject_avg,,1,green,,"Hill 'n Dale, Florida",Florida,United States,,,,mtbproject_trailhead,difficulty=green
mtb-7013210,mtbproject,https://www.mtbproject.com/trail/7013210/northwest-blue,Northwest Blue,28.6171,-82.2687,point_trailhead,28.6171,-82.2687,,,,1.0,4.0,mtbproject_avg,,1,green,,"Lake Lindsey, Florida",Florida,United States,,,,mtbproject_trailhead,difficulty=green
mtb-7012915,mtbproject,https://www.mtbproject.com/trail/7012915/southeast-blue,Southeast Blue,28.5959,-82.232,point_trailhead,28.5959,-82.232,,,,8.5,4.0,mtbproject_avg,,1,green,,"Hill 'n Dale, Florida",Florida,United States,,,,mtbproject_trailhead,difficulty=green
mtb-7012910,mtbproject,https://www.mtbproject.com/trail/7012910/south-blue,South Blue,28.5952,-82.2619,point_trailhead,28.5952,-82.2619,,,,2.0,4.0,mtbproject_avg,,1,green,,"Hill 'n Dale, Florida",Florida,United States,,,,mtbproject_trailhead,difficulty=green
mtb-7013073,mtbproject,https://www.mtbproject.com/trail/7013073/northeast-blue,Northeast Blue,28.6218,-82.2641,point_trailhead,28.6218,-82.2641,,,,1.0,4.0,mtbproject_avg,,1,greenBlue,,"Lake Lindsey, Florida",Florida,United States,,,,mtbproject_trailhead,difficulty=greenBlue
mtb-7013013,mtbproject,https://www.mtbproject.com/trail/7013013/northeast-blue,Northeast Blue,28.6201,-82.2595,point_trailhead,28.6201,-82.2595,,,,0.5,4.0,mtbproject_avg,,1,greenBlue,,"Lake Lindsey, Florida",Florida,United States,,,,mtbproject_trailhead,difficulty=greenBlue
mtb-7015373,mtbproject,https://www.mtbproject.com/trail/7015373/lake-apopka-loop-trail,Lake Apopka Loop Trail,28.6346,-81.5504,point_trailhead,28.6346,-81.5504,,,,36.1,4.7,mtbproject_avg,,3,green,,"Paradise Heights, Florida",Florida,United States,,,,mtbproject_trailhead,difficulty=green
mtb-7030209,mtbproject,https://www.mtbproject.com/trail/7030209/pure-adrenaline,Pure Adrenaline,28.8028,-81.6273,point_trailhead,28.8028,-81.6273,,,,,5.0,mtbproject_avg,,2,dblack,,"Mount Dora, Florida",Florida,United States,,,,mtbproject_trailhead,difficulty=dblack
mtb-7027884,mtbproject,https://www.mtbproject.com/trail/7027884/main-loop,Main Loop,28.8058,-81.6283,point_trailhead,28.8058,-81.6283,,,,2.2,4.7,mtbproject_avg,,3,green,,"Mount Dora, Florida",Florida,United States,,,,mtbproject_trailhead,difficulty=green
mtb-5946280,mtbproject,https://www.mtbproject.com/trail/5946280/soldiers-creek,Soldier's Creek,28.7193,-81.3094,point_trailhead,28.7193,-81.3094,,,,1.4,3.9,mtbproject_avg,,8,greenBlue,,"Winter Springs, Florida",Florida,United States,,,,mtbproject_trailhead,difficulty=greenBlue
mtb-7025228,mtbproject,https://www.mtbproject.com/trail/7025228/lake-apopka-loop-alternate-bypass,Lake Apopka Loop Alternate Bypass,28.6957,-81.681,point_trailhead,28.6957,-81.681,,,,4.3,4.0,mtbproject_avg,,1,greenBlue,,"Astatula, Florida",Florida,United States,,,,mtbproject_trailhead,difficulty=greenBlue
mtb-7019848,mtbproject,https://www.mtbproject.com/trail/7019848/little-big-econ,Little Big Econ,28.6738,-81.1142,point_trailhead,28.6738,-81.1142,,,,10.6,3.9,mtbproject_avg,,11,greenBlue,,"Chuluota, Florida",Florida,United States,,,,mtbproject_trailhead,difficulty=greenBlue
mtb-7019869,mtbproject,https://www.mtbproject.com/trail/7019869/ditch-of-doom,Ditch of Doom,28.6782,-81.1224,point_trailhead,28.6782,-81.1224,,,,1.2,4.3,mtbproject_avg,,3,greenBlue,,"Chuluota, Florida",Florida,United States,,,,mtbproject_trailhead,difficulty=greenBlue
mtb-7021572,mtbproject,https://www.mtbproject.com/trail/7021572/medina-river-greenway,Medina River Greenway,29.2634,-98.5782,point_trailhead,29.2634,-98.5782,,,,6.8,4.0,mtbproject_avg,,4,greenBlue,,"Von Ormy, Texas",Texas,United States,,,,mtbproject_trailhead,difficulty=greenBlue
mtb-7023791,mtbproject,https://www.mtbproject.com/trail/7023791/limerock-road,Limerock Road,29.045,-82.3775,point_trailhead,29.045,-82.3775,,,,6.2,5.0,mtbproject_avg,,1,green,,"Dunnellon, Florida",Florida,United States,,,,mtbproject_trailhead,difficulty=green
mtb-7023793,mtbproject,https://www.mtbproject.com/trail/7023793/renees-trail,Renee's Trail,29.0587,-82.1619,point_trailhead,29.0587,-82.1619,,,,1.2,5.0,mtbproject_avg,,1,green,,"Belleview, Florida",Florida,United States,,,,mtbproject_trailhead,difficulty=green
mtb-7022735,mtbproject,https://www.mtbproject.com/trail/7022735/spider-kingdom-south,Spider Kingdom South,29.0845,-82.1175,point_trailhead,29.0845,-82.1175,,,,2.4,4.0,mtbproject_avg,,2,green,,"Belleview, Florida",Florida,United States,,,,mtbproject_trailhead,difficulty=green
mtb-7006941,mtbproject,https://www.mtbproject.com/trail/7006941/pine-tree-east,Pine Tree East,29.1049,-82.0952,point_trailhead,29.1049,-82.0952,,,,1.7,4.0,mtbproject_avg,,2,green,,"Silver Springs Shores, Florida",Florida,United States,,,,mtbproject_trailhead,difficulty=green
mtb-7023795,mtbproject,https://www.mtbproject.com/trail/7023795/limerock-road,Limerock Road,29.0533,-82.1679,point_trailhead,29.0533,-82.1679,,,,1.2,4.0,mtbproject_avg,,1,green,,"Belleview, Florida",Florida,United States,,,,mtbproject_trailhead,difficulty=green
mtb-7022016,mtbproject,https://www.mtbproject.com/trail/7022016/clearwater-lake-connector,Clearwater Lake Connector,28.9767,-81.5503,point_trailhead,28.9767,-81.5503,,,,0.5,5.0,mtbproject_avg,,1,green,,"Paisley, Florida",Florida,United States,,,,mtbproject_trailhead,difficulty=green
mtb-7022015,mtbproject,https://www.mtbproject.com/trail/7022015/alexander-springs-connector,Alexander Springs Connector,29.0675,-81.5814,point_trailhead,29.0675,-81.5814,,,,0.9,5.0,mtbproject_avg,,1,green,,"Paisley, Florida",Florida,United States,,,,mtbproject_trailhead,difficulty=green
mtb-7022013,mtbproject,https://www.mtbproject.com/trail/7022013/west-trail,West Trail,28.9819,-81.5506,point_trailhead,28.9819,-81.5506,,,,10.4,4.7,mtbproject_avg,,3,greenBlue,,"Lake Mack-Forest Hills, Florida",Florida,United States,,,,mtbproject_trailhead,difficulty=greenBlue
mtb-7022014,mtbproject,https://www.mtbproject.com/trail/7022014/paisley-woods-trail-east,Paisley Woods Trail - East,29.0675,-81.5814,point_trailhead,29.0675,-81.5814,,,,8.5,4.4,mtbproject_avg,,5,greenBlue,,"Paisley, Florida",Florida,United States,,,,mtbproject_trailhead,difficulty=greenBlue
mtb-7003043,mtbproject,https://www.mtbproject.com/trail/7003043/spruce-creek-trail,Spruce Creek Trail,29.0703,-80.985,point_trailhead,29.0703,-80.985,,,,7.7,4.1,mtbproject_avg,,13,greenBlue,,"Glencoe, Florida",Florida,United States,,,,mtbproject_trailhead,difficulty=greenBlue
mtb-7033046,mtbproject,https://www.mtbproject.com/trail/7033046/la-mota-road,La Mota Road,29.4732,-103.9353,point_trailhead,29.4732,-103.9353,,,,6.2,4.0,mtbproject_avg,,1,greenBlue,,"Lajitas, Texas",Texas,United States,,,,mtbproject_trailhead,difficulty=greenBlue
mtb-7032927,mtbproject,https://www.mtbproject.com/trail/7032927/road-to-nowhere,Road to Nowhere,29.4506,-103.7798,point_trailhead,29.4506,-103.7798,,,,2.2,4.0,mtbproject_avg,,1,greenBlue,,"Lajitas, Texas",Texas,United States,,,,mtbproject_trailhead,difficulty=greenBlue
mtb-7034011,mtbproject,https://www.mtbproject.com/trail/7034011/bald-cypress-trail,Bald Cypress Trail,29.8751,-98.4859,point_trailhead,29.8751,-98.4859,,,,0.6,4.5,mtbproject_avg,,2,greenBlue,,"Bulverde, Texas",Texas,United States,,,,mtbproject_trailhead,difficulty=greenBlue
mtb-7021571,mtbproject,https://www.mtbproject.com/trail/7021571/salado-creek-singletrack,Salado Creek Singletrack,29.5815,-98.538,point_trailhead,29.5815,-98.538,,,,2.1,4.0,mtbproject_avg,,4,greenBlue,,"Shavano Park, Texas",Texas,United States,,,,mtbproject_trailhead,difficulty=greenBlue
mtb-7022794,mtbproject,https://www.mtbproject.com/trail/7022794/leon-creek-greenway,Leon Creek Greenway,29.4488,-98.6343,point_trailhead,29.4488,-98.6343,,,,14.0,4.0,mtbproject_avg,,3,green,,"Leon Valley, Texas",Texas,United States,,,,mtbproject_trailhead,difficulty=green
mtb-7033301,mtbproject,https://www.mtbproject.com/trail/7033301/old-no-9-trail,Old No. 9 Trail,29.7889,-98.7158,point_trailhead,29.7889,-98.7158,,,,1.5,4.0,mtbproject_avg,,1,green,,"Boerne, Texas",Texas,United States,,,,mtbproject_trailhead,difficulty=green
mtb-7009160,mtbproject,https://www.mtbproject.com/trail/7009160/river-bend-trails,River Bend Trails,29.5655,-95.6931,point_trailhead,29.5655,-95.6931,,,,6.1,4.0,mtbproject_avg,,2,greenBlue,,"Greatwood, Texas",Texas,United States,,,,mtbproject_trailhead,difficulty=greenBlue
mtb-7021068,mtbproject,https://www.mtbproject.com/trail/7021068/quail-trail,Quail Trail,29.7716,-95.6207,point_trailhead,29.7716,-95.6207,,,,5.2,5.0,mtbproject_avg,,1,green,,"Bunker Hill Village, Texas",Texas,United States,,,,mtbproject_trailhead,difficulty=green
mtb-7020640,mtbproject,https://www.mtbproject.com/trail/7020640/oc-main-loop-trail,OC Main Loop Trail,29.583,-95.5728,point_trailhead,29.583,-95.5728,,,,2.0,3.8,mtbproject_avg,,5,greenBlue,,"Fifth Street, Texas",Texas,United States,,,,mtbproject_trailhead,difficulty=greenBlue
mtb-7010072,mtbproject,https://www.mtbproject.com/trail/7010072/justin-brindley-trail,Justin Brindley Trail,29.5543,-95.6427,point_trailhead,29.5543,-95.6427,,,,1.1,4.0,mtbproject_avg,,4,greenBlue,,"Greatwood, Texas",Texas,United States,,,,mtbproject_trailhead,difficulty=greenBlue
mtb-7025703,mtbproject,https://www.mtbproject.com/trail/7025703/river-run,River Run,29.6356,-95.6584,point_trailhead,29.6356,-95.6584,,,,1.0,4.0,mtbproject_avg,,1,greenBlue,,"Four Corners, Texas",Texas,United States,,,,mtbproject_trailhead,difficulty=greenBlue
mtb-7033752,mtbproject,https://www.mtbproject.com/trail/7033752/george-bush-hike-and-bike-trail,George Bush Hike and Bike Trail,29.7697,-95.6438,point_trailhead,29.7697,-95.6438,,,,10.6,4.0,mtbproject_avg,,1,green,,"Addicks, Texas",Texas,United States,,,,mtbproject_trailhead,difficulty=green
mtb-7012152,mtbproject,https://www.mtbproject.com/trail/7012152/san-jacinto-loop-trail,San Jacinto Loop Trail,29.9044,-95.1488,point_trailhead,29.9044,-95.1488,,,,3.3,4.0,mtbproject_avg,,2,green,,"Sheldon, Texas",Texas,United States,,,,mtbproject_trailhead,difficulty=green
mtb-7012968,mtbproject,https://www.mtbproject.com/trail/7012968/copperhead-trail,Copperhead Trail,29.91,-95.1421,point_trailhead,29.91,-95.1421,,,,1.1,4.0,mtbproject_avg,,2,green,,"Sheldon, Texas",Texas,United States,,,,mtbproject_trailhead,difficulty=green
mtb-7023509,mtbproject,https://www.mtbproject.com/trail/7023509/zip-trail,Zip Trail,29.9783,-99.9619,point_trailhead,29.9783,-99.9619,,,,0.9,5.0,mtbproject_avg,,1,greenBlue,,"Rocksprings, Texas",Texas,United States,,,,mtbproject_trailhead,difficulty=greenBlue
mtb-7023507,mtbproject,https://www.mtbproject.com/trail/7023507/boot-trail,Boot Trail,29.9787,-99.961,point_trailhead,29.9787,-99.961,,,,2.0,4.0,mtbproject_avg,,1,greenBlue,,"Rocksprings, Texas",Texas,United States,,,,mtbproject_trailhead,difficulty=greenBlue
mtb-7023510,mtbproject,https://www.mtbproject.com/trail/7023510/the-at,The A.T.,29.974,-99.9643,point_trailhead,29.974,-99.9643,,,,0.4,4.0,mtbproject_avg,,1,greenBlue,,"Rocksprings, Texas",Texas,United States,,,,mtbproject_trailhead,difficulty=greenBlue
mtb-7023508,mtbproject,https://www.mtbproject.com/trail/7023508/upper-wagon-trail,Upper Wagon Trail,29.9709,-99.9628,point_trailhead,29.9709,-99.9628,,,,0.7,4.0,mtbproject_avg,,1,greenBlue,,"Rocksprings, Texas",Texas,United States,,,,mtbproject_trailhead,difficulty=greenBlue
mtb-7014659,mtbproject,https://www.mtbproject.com/trail/7014659/kerrville-schreiner-park,Kerrville Schreiner Park,30.0054,-99.1274,point_trailhead,30.0054,-99.1274,,,,8.9,4.4,mtbproject_avg,,5,greenBlue,,"Kerrville, Texas",Texas,United States,,,,mtbproject_trailhead,difficulty=greenBlue
mtb-7015002,mtbproject,https://www.mtbproject.com/trail/7015002/yellow-trail,Yellow Trail,30.0019,-99.1378,point_trailhead,30.0019,-99.1378,,,,1.9,4.0,mtbproject_avg,,2,greenBlue,,"Kerrville, Texas",Texas,United States,,,,mtbproject_trailhead,difficulty=greenBlue
mtb-7005344,mtbproject,https://www.mtbproject.com/trail/7005344/slaughter-creek-trail,Slaughter Creek Trail,30.2071,-97.9044,point_trailhead,30.2071,-97.9044,,,,5.4,4.0,mtbproject_avg,,24,greenBlue,,"Shady Hollow, Texas",Texas,United States,,,,mtbproject_trailhead,difficulty=greenBlue
mtb-7034041,mtbproject,https://www.mtbproject.com/trail/7034041/woodlands-park-and-nature-preserve-trail,Woodlands Park and Nature Preserve Trail,30.356,-97.8645,point_trailhead,30.356,-97.8645,,,,0.4,5.0,mtbproject_avg,,2,green,,"Barton Creek, Texas",Texas,United States,,,,mtbproject_trailhead,difficulty=green
mtb-7034029,mtbproject,https://www.mtbproject.com/trail/7034029/hamilton-greenbelt-ii-trail,Hamilton Greenbelt II Trail,30.3638,-97.9691,point_trailhead,30.3638,-97.9691,,,,0.5,5.0,mtbproject_avg,,2,greenBlue,,"Lakeway, Texas",Texas,United States,,,,mtbproject_trailhead,difficulty=greenBlue
mtb-7034012,mtbproject,https://www.mtbproject.com/trail/7034012/trophy-trail,Trophy Trail,30.3498,-97.9966,point_trailhead,30.3498,-97.9966,,,,0.3,5.0,mtbproject_avg,,2,greenBlue,,"Lakeway, Texas",Texas,United States,,,,mtbproject_trailhead,difficulty=greenBlue
mtb-7022090,mtbproject,https://www.mtbproject.com/trail/7022090/beginner-trail,Beginner Trail,30.3649,-98.1212,point_trailhead,30.3649,-98.1212,,,,5.2,4.5,mtbproject_avg,,2,green,,"Briarcliff, Texas",Texas,United States,,,,mtbproject_trailhead,difficulty=green
mtb-7034028,mtbproject,https://www.mtbproject.com/trail/7034028/hamilton-greenbelt-i-trail,Hamilton Greenbelt I Trail,30.3619,-97.9785,point_trailhead,30.3619,-97.9785,,,,1.0,4.5,mtbproject_avg,,2,greenBlue,,"Lakeway, Texas",Texas,United States,,,,mtbproject_trailhead,difficulty=greenBlue
mtb-5710290,mtbproject,https://www.mtbproject.com/trail/5710290/walnut-creek-metro-park-main-outer-loop,Walnut Creek Metro Park - Main Outer Loop,30.4006,-97.6843,point_trailhead,30.4006,-97.6843,,,,10.5,4.2,mtbproject_avg,,26,greenBlue,,"Wells Branch, Texas",Texas,United States,,,,mtbproject_trailhead,difficulty=greenBlue
mtb-7034042,mtbproject,https://www.mtbproject.com/trail/7034042/downtown-austin-tour,Downtown Austin Tour,30.2729,-97.7521,point_trailhead,30.2729,-97.7521,,,,6.3,5.0,mtbproject_avg,,2,greenBlue,,"Austin, Texas",Texas,United States,,,,mtbproject_trailhead,difficulty=greenBlue
mtb-7012257,mtbproject,https://www.mtbproject.com/trail/7012257/lady-bird-lake-trail,Lady Bird Lake Trail,30.2748,-97.7706,point_trailhead,30.2748,-97.7706,,,,10.5,4.1,mtbproject_avg,,12,green,,"Rollingwood, Texas",Texas,United States,,,,mtbproject_trailhead,difficulty=green
mtb-5652348,mtbproject,https://www.mtbproject.com/trail/5652348/bmx-loop,BMX Loop,30.4003,-97.681,point_trailhead,30.4003,-97.681,,,,1.0,5.0,mtbproject_avg,,1,blueBlack,,"Wells Branch, Texas",Texas,United States,,,,mtbproject_trailhead,mtbproject type=Connector
mtb-6155479,mtbproject,https://www.mtbproject.com/trail/6155479/tangle-wild-trail,Tangle Wild Trail,30.4029,-97.6887,point_trailhead,30.4029,-97.6887,,,,0.7,4.0,mtbproject_avg,,1,green,,"Wells Branch, Texas",Texas,United States,,,,mtbproject_trailhead,difficulty=green
mtb-7034517,mtbproject,https://www.mtbproject.com/trail/7034517/austin-wood-and-metal-loop,Austin Wood and Metal Loop,30.239,-97.7967,point_trailhead,30.239,-97.7967,,,,0.7,4.0,mtbproject_avg,,1,dblack,,"Austin, Texas",Texas,United States,,,,mtbproject_trailhead,difficulty=dblack
mtb-7007602,mtbproject,https://www.mtbproject.com/trail/7007602/bluff-creek-ranch-main-trail,Bluff Creek Ranch Main Trail,30.0606,-96.903,point_trailhead,30.0606,-96.903,,,,7.8,3.8,mtbproject_avg,,6,greenBlue,,"Giddings, Texas",Texas,United States,,,,mtbproject_trailhead,difficulty=greenBlue
mtb-7014169,mtbproject,https://www.mtbproject.com/trail/7014169/super-secret-switchback-or-how-to-avoid-fat-chucks-demise,Super Secret Switchback - or - How to avoid Fat Chuck's Demise,30.0582,-97.126,point_trailhead,30.0582,-97.126,,,,0.3,4.0,mtbproject_avg,,1,blue,,"Smithville, Texas",Texas,United States,,,,mtbproject_trailhead,mtbproject type=Connector
mtb-7014550,mtbproject,https://www.mtbproject.com/trail/7014550/miracle-mile-mm,Miracle Mile (MM),30.0762,-97.1258,point_trailhead,30.0762,-97.1258,,,,1.0,4.0,mtbproject_avg,,1,greenBlue,,"Smithville, Texas",Texas,United States,,,,mtbproject_trailhead,difficulty=greenBlue
mtb-7014438,mtbproject,https://www.mtbproject.com/trail/7014438/leapin-lizards-lz,Leapin' Lizards (LZ),30.0706,-97.124,point_trailhead,30.0706,-97.124,,,,0.8,4.0,mtbproject_avg,,1,greenBlue,,"Smithville, Texas",Texas,United States,,,,mtbproject_trailhead,difficulty=greenBlue
mtb-7019718,mtbproject,https://www.mtbproject.com/trail/7019718/george-mitchell-nature-preserve-ride,George Mitchell Nature Preserve Ride,30.1626,-95.5178,point_trailhead,30.1626,-95.5178,,,,3.3,4.0,mtbproject_avg,,9,greenBlue,,"The Woodlands, Texas",Texas,United States,,,,mtbproject_trailhead,difficulty=greenBlue
mtb-7020965,mtbproject,https://www.mtbproject.com/trail/7020965/spring-creek-greenway-trail,Spring Creek Greenway Trail,30.0266,-95.2987,point_trailhead,30.0266,-95.2987,,,,7.7,4.0,mtbproject_avg,,5,greenBlue,,"Humble, Texas",Texas,United States,,,,mtbproject_trailhead,difficulty=greenBlue
mtb-7023542,mtbproject,https://www.mtbproject.com/trail/7023542/flintridge-bike-trail,Flintridge Bike Trail,30.1614,-95.5177,point_trailhead,30.1614,-95.5177,,,,3.1,4.0,mtbproject_avg,,2,greenBlue,,"The Woodlands, Texas",Texas,United States,,,,mtbproject_trailhead,difficulty=greenBlue
mtb-7028116,mtbproject,https://www.mtbproject.com/trail/7028116/perdido-bay-trail,Perdido Bay Trail,30.3717,-87.4047,point_trailhead,30.3717,-87.4047,,,,4.3,4.0,mtbproject_avg,,1,greenBlue,,"Warrington, Florida",Florida,United States,,,,mtbproject_trailhead,difficulty=greenBlue
mtb-4118796,mtbproject,https://www.mtbproject.com/trail/4118796/munson-hills,Munson Hills,30.3718,-84.2687,point_trailhead,30.3718,-84.2687,,,,8.3,4.1,mtbproject_avg,,8,green,,"Woodville, Florida",Florida,United States,,,,mtbproject_trailhead,difficulty=green
mtb-4370294,mtbproject,https://www.mtbproject.com/trail/4370294/the-luge-an-elevated-section-of-munson-hills,The Luge:  An elevated section of Munson Hills,30.3504,-84.2835,point_trailhead,30.3504,-84.2835,,,,0.4,4.0,mtbproject_avg,,1,green,,"Woodville, Florida",Florida,United States,,,,mtbproject_trailhead,difficulty=green
mtb-4556423,mtbproject,https://www.mtbproject.com/trail/4556423/z-trail-inner-loop,Z Trail - Inner Loop,30.3704,-81.4035,point_trailhead,30.3704,-81.4035,,,,0.4,5.0,mtbproject_avg,,1,black,,"Atlantic Beach, Florida",Florida,United States,,,,mtbproject_trailhead,mtbproject type=Connector
mtb-4306836,mtbproject,https://www.mtbproject.com/trail/4306836/nipsy-daiser-tillie-fowler-regional-park,Nipsy Daiser - Tillie Fowler Regional Park,30.2321,-81.7037,point_trailhead,30.2321,-81.7037,,,,0.7,3.8,mtbproject_avg,,5,greenBlue,,"Orange Park, Florida",Florida,United States,,,,mtbproject_trailhead,difficulty=greenBlue
mtb-238114,mtbproject,https://www.mtbproject.com/trail/238114/carry-the-load-trail-beginners-loop,Carry the Load Trail (Beginners Loop),30.7921,-98.3384,point_trailhead,30.7921,-98.3384,,,,4.3,4.3,mtbproject_avg,,3,green,,"Burnet, Texas",Texas,United States,,,,mtbproject_trailhead,difficulty=green
mtb-189105,mtbproject,https://www.mtbproject.com/trail/189105/super-d,Super D,30.7831,-98.3519,point_trailhead,30.7831,-98.3519,,,,1.4,4.6,mtbproject_avg,,5,dblack,,"Buchanan Dam, Texas",Texas,United States,,,,mtbproject_trailhead,difficulty=dblack
mtb-190128,mtbproject,https://www.mtbproject.com/trail/190128/epic,Epic,30.7801,-98.3528,point_trailhead,30.7801,-98.3528,,,,0.4,4.0,mtbproject_avg,,2,dblack,,"Buchanan Dam, Texas",Texas,United States,,,,mtbproject_trailhead,difficulty=dblack
mtb-7001153,mtbproject,https://www.mtbproject.com/trail/7001153/north-san-gabriel-river-trail,North San Gabriel River Trail,30.6474,-97.6722,point_trailhead,30.6474,-97.6722,,,,5.5,4.3,mtbproject_avg,,4,green,,"Georgetown, Texas",Texas,United States,,,,mtbproject_trailhead,difficulty=green
mtb-7034998,mtbproject,https://www.mtbproject.com/trail/7034998/tree-root,Tree Root,30.5699,-97.7663,point_trailhead,30.5699,-97.7663,,,,0.9,4.0,mtbproject_avg,,1,green,,"Leander, Texas",Texas,United States,,,,mtbproject_trailhead,difficulty=green
mtb-7018999,mtbproject,https://www.mtbproject.com/trail/7018999/lake-bryan-east-loop,Lake Bryan East Loop,30.7053,-96.4663,point_trailhead,30.7053,-96.4663,,,,12.5,4.4,mtbproject_avg,,5,greenBlue,,"Bryan, Texas",Texas,United States,,,,mtbproject_trailhead,difficulty=greenBlue
mtb-7019001,mtbproject,https://www.mtbproject.com/trail/7019001/octopus,Octopus,30.7041,-96.4601,point_trailhead,30.7041,-96.4601,,,,1.8,4.5,mtbproject_avg,,2,greenBlue,,"Bryan, Texas",Texas,United States,,,,mtbproject_trailhead,difficulty=greenBlue
mtb-5340821,mtbproject,https://www.mtbproject.com/trail/5340821/chinquapin-trail,Chinquapin Trail,30.6265,-95.527,point_trailhead,30.6265,-95.527,,,,6.2,3.8,mtbproject_avg,,8,greenBlue,,"Huntsville, Texas",Texas,United States,,,,mtbproject_trailhead,difficulty=greenBlue
mtb-5933233,mtbproject,https://www.mtbproject.com/trail/5933233/dlra-trail,DLRA Trail,30.5495,-95.1294,point_trailhead,30.5495,-95.1294,,,,8.5,4.0,mtbproject_avg,,1,green,,"Coldspring, Texas",Texas,United States,,,,mtbproject_trailhead,difficulty=green
mtb-5935722,mtbproject,https://www.mtbproject.com/trail/5935722/henry-lake-trail,Henry Lake Trail,30.5578,-95.1313,point_trailhead,30.5578,-95.1313,,,,3.7,4.0,mtbproject_avg,,1,green,,"Coldspring, Texas",Texas,United States,,,,mtbproject_trailhead,difficulty=green
mtb-5936421,mtbproject,https://www.mtbproject.com/trail/5936421/henry-lake-connector-trail,Henry Lake Connector Trail,30.542,-95.1219,point_trailhead,30.542,-95.1219,,,,1.0,4.0,mtbproject_avg,,1,green,,"Coldspring, Texas",Texas,United States,,,,mtbproject_trailhead,difficulty=green
mtb-5935837,mtbproject,https://www.mtbproject.com/trail/5935837/c-trail,C Trail,30.5346,-95.114,point_trailhead,30.5346,-95.114,,,,1.2,4.0,mtbproject_avg,,1,green,,"Coldspring, Texas",Texas,United States,,,,mtbproject_trailhead,difficulty=green
mtb-5935880,mtbproject,https://www.mtbproject.com/trail/5935880/rcw-loop,RCW Loop,30.5352,-95.1131,point_trailhead,30.5352,-95.1131,,,,2.0,4.0,mtbproject_avg,,1,green,,"Coldspring, Texas",Texas,United States,,,,mtbproject_trailhead,difficulty=green
mtb-7026614,mtbproject,https://www.mtbproject.com/trail/7026614/bottoms-start,Bottoms Start,30.6977,-88.1961,point_trailhead,30.6977,-88.1961,,,,0.7,4.0,mtbproject_avg,,1,greenBlue,,"Tillmans Corner, Alabama",Alabama,United States,,,,mtbproject_trailhead,difficulty=greenBlue
mtb-4693702,mtbproject,https://www.mtbproject.com/trail/4693702/ttt,TTT,30.6941,-88.2021,point_trailhead,30.6941,-88.2021,,,,1.5,4.0,mtbproject_avg,,1,greenBlue,,"Tillmans Corner, Alabama",Alabama,United States,,,,mtbproject_trailhead,difficulty=greenBlue
mtb-7026624,mtbproject,https://www.mtbproject.com/trail/7026624/bottoms-long,Bottoms Long,30.6969,-88.2003,point_trailhead,30.6969,-88.2003,,,,0.6,4.0,mtbproject_avg,,1,greenBlue,,"Tillmans Corner, Alabama",Alabama,United States,,,,mtbproject_trailhead,difficulty=greenBlue
mtb-7013959,mtbproject,https://www.mtbproject.com/trail/7013959/juniper-creek-primitive-area-loop,Juniper Creek Primitive Area Loop,30.7847,-86.894,point_trailhead,30.7847,-86.894,,,,8.3,4.0,mtbproject_avg,,5,greenBlue,,"Point Baker, Florida",Florida,United States,,,,mtbproject_trailhead,difficulty=greenBlue
mtb-7025416,mtbproject,https://www.mtbproject.com/trail/7025416/blackwater-heritage-state-trail,Blackwater Heritage State Trail,30.6078,-87.0454,point_trailhead,30.6078,-87.0454,,,,8.5,4.5,mtbproject_avg,,2,green,,"Bagdad, Florida",Florida,United States,,,,mtbproject_trailhead,difficulty=green
mtb-7014554,mtbproject,https://www.mtbproject.com/trail/7014554/serpentinas,Serpentinas,30.7726,-86.9049,point_trailhead,30.7726,-86.9049,,,,3.3,4.5,mtbproject_avg,,2,greenBlue,,"Point Baker, Florida",Florida,United States,,,,mtbproject_trailhead,difficulty=greenBlue
mtb-7014552,mtbproject,https://www.mtbproject.com/trail/7014552/junebug-trail,Junebug Trail,30.7723,-86.9062,point_trailhead,30.7723,-86.9062,,,,1.4,4.0,mtbproject_avg,,2,green,,"Point Baker, Florida",Florida,United States,,,,mtbproject_trailhead,difficulty=green
mtb-7007505,mtbproject,https://www.mtbproject.com/trail/7007505/cambodiacarls,Cambodia/Carl's,30.5571,-87.2296,point_trailhead,30.5571,-87.2296,,,,1.8,4.0,mtbproject_avg,,1,greenBlue,,"Ferry Pass, Florida",Florida,United States,,,,mtbproject_trailhead,difficulty=greenBlue
mtb-7014553,mtbproject,https://www.mtbproject.com/trail/7014553/porc-chop-trail,Porc Chop Trail,30.7667,-86.8991,point_trailhead,30.7667,-86.8991,,,,1.3,4.0,mtbproject_avg,,1,green,,"Point Baker, Florida",Florida,United States,,,,mtbproject_trailhead,difficulty=green
mtb-7005255,mtbproject,https://www.mtbproject.com/trail/7005255/wolf-pelt,Wolf Pelt,30.55,-87.2403,point_trailhead,30.55,-87.2403,,,,1.0,4.0,mtbproject_avg,,1,greenBlue,,"Ensley, Florida",Florida,United States,,,,mtbproject_trailhead,difficulty=greenBlue
mtb-7005261,mtbproject,https://www.mtbproject.com/trail/7005261/hangman,Hangman,30.5566,-87.2436,point_trailhead,30.5566,-87.2436,,,,0.3,4.0,mtbproject_avg,,1,green,,"Ensley, Florida",Florida,United States,,,,mtbproject_trailhead,difficulty=green
mtb-7014555,mtbproject,https://www.mtbproject.com/trail/7014555/lupine-trail,Lupine Trail,30.7795,-86.9024,point_trailhead,30.7795,-86.9024,,,,0.7,4.0,mtbproject_avg,,1,green,,"Point Baker, Florida",Florida,United States,,,,mtbproject_trailhead,difficulty=green
mtb-4238768,mtbproject,https://www.mtbproject.com/trail/4238768/miccosukee-canopy-road-greenway,Miccosukee Canopy Road Greenway,30.4792,-84.2199,point_trailhead,30.4792,-84.2199,,,,6.9,3.8,mtbproject_avg,,4,green,,"Tallahassee, Florida",Florida,United States,,,,mtbproject_trailhead,difficulty=green
mtb-7031935,mtbproject,https://www.mtbproject.com/trail/7031935/cassels-boykin-trail,Cassels-Boykin Trail,31.212,-94.3499,point_trailhead,31.212,-94.3499,,,,4.8,4.0,mtbproject_avg,,1,green,,"Huntington, Texas",Texas,United States,,,,mtbproject_trailhead,difficulty=green
mtb-7002950,mtbproject,https://www.mtbproject.com/trail/7002950/lakeshore-trail,Lakeshore Trail,31.2694,-92.6075,point_trailhead,31.2694,-92.6075,,,,5.9,4.5,mtbproject_avg,,6,greenBlue,,"Boyce, Louisiana",Louisiana,United States,,,,mtbproject_trailhead,difficulty=greenBlue
mtb-7020618,mtbproject,https://www.mtbproject.com/trail/7020618/kincaid-trail,Kincaid Trail,31.2585,-92.6326,point_trailhead,31.2585,-92.6326,,,,8.3,4.3,mtbproject_avg,,8,green,,"Boyce, Louisiana",Louisiana,United States,,,,mtbproject_trailhead,difficulty=green
mtb-7023901,mtbproject,https://www.mtbproject.com/trail/7023901/lamotte-creek-trail,Lamotte Creek Trail,31.2394,-92.6219,point_trailhead,31.2394,-92.6219,,,,2.6,4.0,mtbproject_avg,,3,greenBlue,,"Boyce, Louisiana",Louisiana,United States,,,,mtbproject_trailhead,difficulty=greenBlue
mtb-7018941,mtbproject,https://www.mtbproject.com/trail/7018941/forever-wild-trail-ride,Forever Wild Trail Ride,31.219,-85.4658,point_trailhead,31.219,-85.4658,,,,10.8,4.7,mtbproject_avg,,14,greenBlue,,"Taylor, Alabama",Alabama,United States,,,,mtbproject_trailhead,difficulty=greenBlue
mtb-7018654,mtbproject,https://www.mtbproject.com/trail/7018654/connector-a,Connector A,31.2186,-85.466,point_trailhead,31.2186,-85.466,,,,0.8,5.0,mtbproject_avg,,2,greenBlue,,"Taylor, Alabama",Alabama,United States,,,,mtbproject_trailhead,difficulty=greenBlue
mtb-7018656,mtbproject,https://www.mtbproject.com/trail/7018656/connector-b,Connector B,31.2162,-85.4561,point_trailhead,31.2162,-85.4561,,,,0.6,5.0,mtbproject_avg,,1,greenBlue,,"Taylor, Alabama",Alabama,United States,,,,mtbproject_trailhead,difficulty=greenBlue
mtb-7018838,mtbproject,https://www.mtbproject.com/trail/7018838/emergency-access-road,Emergency Access Road,31.2148,-85.4418,point_trailhead,31.2148,-85.4418,,,,0.4,5.0,mtbproject_avg,,1,greenBlue,,"Dothan, Alabama",Alabama,United States,,,,mtbproject_trailhead,difficulty=greenBlue
mtb-7018840,mtbproject,https://www.mtbproject.com/trail/7018840/emergency-access-road,Emergency Access Road,31.2093,-85.4597,point_trailhead,31.2093,-85.4597,,,,0.1,5.0,mtbproject_avg,,1,green,,"Taylor, Alabama",Alabama,United States,,,,mtbproject_trailhead,difficulty=green
mtb-7018603,mtbproject,https://www.mtbproject.com/trail/7018603/zion-cemetery-ridge,Zion Cemetery Ridge,31.2105,-85.4464,point_trailhead,31.2105,-85.4464,,,,1.5,4.7,mtbproject_avg,,3,greenBlue,,"Dothan, Alabama",Alabama,United States,,,,mtbproject_trailhead,difficulty=greenBlue
mtb-7018567,mtbproject,https://www.mtbproject.com/trail/7018567/dragons-tail,Dragon's Tail,31.2081,-85.4568,point_trailhead,31.2081,-85.4568,,,,1.6,4.4,mtbproject_avg,,5,greenBlue,,"Taylor, Alabama",Alabama,United States,,,,mtbproject_trailhead,difficulty=greenBlue
mtb-7018591,mtbproject,https://www.mtbproject.com/trail/7018591/stagecoach-plateau,Stagecoach Plateau,31.2109,-85.4566,point_trailhead,31.2109,-85.4566,,,,1.4,4.3,mtbproject_avg,,3,greenBlue,,"Taylor, Alabama",Alabama,United States,,,,mtbproject_trailhead,difficulty=greenBlue
mtb-7009131,mtbproject,https://www.mtbproject.com/trail/7009131/beaver-tail-flats,Beaver Tail Flats,31.2186,-85.4659,point_trailhead,31.2186,-85.4659,,,,0.9,4.0,mtbproject_avg,,4,green,,"Taylor, Alabama",Alabama,United States,,,,mtbproject_trailhead,difficulty=green
mtb-4594242,mtbproject,https://www.mtbproject.com/trail/4594242/red-bull,Red Bull,31.3333,-85.7209,point_trailhead,31.3333,-85.7209,,,,1.4,4.0,mtbproject_avg,,3,greenBlue,,"Fort Rucker, Alabama",Alabama,United States,,,,mtbproject_trailhead,difficulty=greenBlue
mtb-7023227,mtbproject,https://www.mtbproject.com/trail/7023227/connector-b2,Connector B2,31.2173,-85.4519,point_trailhead,31.2173,-85.4519,,,,0.3,4.0,mtbproject_avg,,1,green,,"Dothan, Alabama",Alabama,United States,,,,mtbproject_trailhead,difficulty=green
mtb-7018837,mtbproject,https://www.mtbproject.com/trail/7018837/emergency-access-road,Emergency Access Road,31.2142,-85.4478,point_trailhead,31.2142,-85.4478,,,,0.2,4.0,mtbproject_avg,,1,green,,"Dothan, Alabama",Alabama,United States,,,,mtbproject_trailhead,difficulty=green
mtb-7024925,mtbproject,https://www.mtbproject.com/trail/7024925/tubac-shakur-sst-singletrack-sopori-trails,Tubac Shakur SST (Singletrack Sopori Trails),31.6555,-111.0631,point_trailhead,31.6555,-111.0631,,,,11.8,3.8,mtbproject_avg,,5,greenBlue,,"Tubac, Arizona",Arizona,United States,,,,mtbproject_trailhead,difficulty=greenBlue
mtb-7025269,mtbproject,https://www.mtbproject.com/trail/7025269/kanyes-krazy-loop,Kanye's Krazy Loop,31.6267,-111.0879,point_trailhead,31.6267,-111.0879,,,,4.4,5.0,mtbproject_avg,,1,greenBlue,,"Tubac, Arizona",Arizona,United States,,,,mtbproject_trailhead,difficulty=greenBlue
mtb-7024932,mtbproject,https://www.mtbproject.com/trail/7024932/snoop-doggys-loop,Snoop Doggy's Loop,31.6353,-111.0897,point_trailhead,31.6353,-111.0897,,,,0.5,5.0,mtbproject_avg,,1,greenBlue,,"Tubac, Arizona",Arizona,United States,,,,mtbproject_trailhead,difficulty=greenBlue
mtb-7024944,mtbproject,https://www.mtbproject.com/trail/7024944/eminems-deer-hollow,Eminem's Deer Hollow,31.6353,-111.0897,point_trailhead,31.6353,-111.0897,,,,1.1,5.0,mtbproject_avg,,1,greenBlue,,"Tubac, Arizona",Arizona,United States,,,,mtbproject_trailhead,difficulty=greenBlue
mtb-7024931,mtbproject,https://www.mtbproject.com/trail/7024931/dr-dres-diversion,Dr. Dre's Diversion,31.6308,-111.0942,point_trailhead,31.6308,-111.0942,,,,0.5,5.0,mtbproject_avg,,1,greenBlue,,"Tubac, Arizona",Arizona,United States,,,,mtbproject_trailhead,difficulty=greenBlue
mtb-7024930,mtbproject,https://www.mtbproject.com/trail/7024930/notorious-big,Notorious B.I.G.,31.6457,-111.0768,point_trailhead,31.6457,-111.0768,,,,2.8,4.5,mtbproject_avg,,2,greenBlue,,"Tubac, Arizona",Arizona,United States,,,,mtbproject_trailhead,difficulty=greenBlue
mtb-7024914,mtbproject,https://www.mtbproject.com/trail/7024914/pelvic-thrust,Pelvic Thrust,31.6555,-111.0631,point_trailhead,31.6555,-111.0631,,,,1.4,4.0,mtbproject_avg,,1,green,,"Tubac, Arizona",Arizona,United States,,,,mtbproject_trailhead,difficulty=green
mtb-7024553,mtbproject,https://www.mtbproject.com/trail/7024553/unnamed-trail,Unnamed Trail,31.8585,-111.0147,point_trailhead,31.8585,-111.0147,,,,1.7,4.0,mtbproject_avg,,1,green,,"Green Valley, Arizona",Arizona,United States,,,,mtbproject_trailhead,difficulty=green
mtb-5011642,mtbproject,https://www.mtbproject.com/trail/5011642/la-espina,La Espina,31.8838,-106.5262,point_trailhead,31.8838,-106.5262,,,,0.3,5.0,mtbproject_avg,,2,dblack,,"Canutillo, Texas",Texas,United States,,,,mtbproject_trailhead,difficulty=dblack
mtb-4992711,mtbproject,https://www.mtbproject.com/trail/4992711/north-franklin-peak,North Franklin Peak,31.9146,-106.4927,point_trailhead,31.9146,-106.4927,,,,1.9,4.3,mtbproject_avg,,3,dblack,,"Canutillo, Texas",Texas,United States,,,,mtbproject_trailhead,difficulty=dblack
mtb-5012207,mtbproject,https://www.mtbproject.com/trail/5012207/brujos-garden,Brujo's Garden,31.9012,-106.532,point_trailhead,31.9012,-106.532,,,,0.8,4.0,mtbproject_avg,,1,dblack,,"Canutillo, Texas",Texas,United States,,,,mtbproject_trailhead,difficulty=dblack
mtb-7032501,mtbproject,https://www.mtbproject.com/trail/7032501/dinosaur-trail,Dinosaur Trail,31.5277,-100.5453,point_trailhead,31.5277,-100.5453,,,,2.1,5.0,mtbproject_avg,,1,greenBlue,,"Grape Creek, Texas",Texas,United States,,,,mtbproject_trailhead,difficulty=greenBlue
mtb-7012158,mtbproject,https://www.mtbproject.com/trail/7012158/kids-loop,Kids Loop,31.6582,-90.4981,point_trailhead,31.6582,-90.4981,,,,0.8,5.0,mtbproject_avg,,1,greenBlue,,"Brookhaven, Mississippi",Mississippi,United States,,,,mtbproject_trailhead,difficulty=greenBlue
mtb-7012159,mtbproject,https://www.mtbproject.com/trail/7012159/b-loop,B Loop,31.6582,-90.4981,point_trailhead,31.6582,-90.4981,,,,1.9,4.5,mtbproject_avg,,2,greenBlue,,"Brookhaven, Mississippi",Mississippi,United States,,,,mtbproject_trailhead,difficulty=greenBlue
mtb-6437294,mtbproject,https://www.mtbproject.com/trail/6437294/lone-cactus-loop,Lone Cactus Loop,32.162,-110.7897,point_trailhead,32.162,-110.7897,,,,6.4,4.2,mtbproject_avg,,21,greenBlue,,"Tanque Verde, Arizona",Arizona,United States,,,,mtbproject_trailhead,difficulty=greenBlue
mtb-7017541,mtbproject,https://www.mtbproject.com/trail/7017541/desperado-loop,Desperado Loop,32.2783,-111.0827,point_trailhead,32.2783,-111.0827,,,,3.6,4.6,mtbproject_avg,,11,green,,"Flowing Wells, Arizona",Arizona,United States,,,,mtbproject_trailhead,difficulty=green
mtb-7001452,mtbproject,https://www.mtbproject.com/trail/7001452/bunny-loop,Bunny Loop,32.1193,-110.7891,point_trailhead,32.1193,-110.7891,,,,5.4,4.1,mtbproject_avg,,18,green,,"Vail, Arizona",Arizona,United States,,,,mtbproject_trailhead,difficulty=green
mtb-7000586,mtbproject,https://www.mtbproject.com/trail/7000586/ironwood-trail,Ironwood Trail,32.1939,-111.1664,point_trailhead,32.1939,-111.1664,,,,4.9,4.0,mtbproject_avg,,4,green,,"Tucson Estates, Arizona",Arizona,United States,,,,mtbproject_trailhead,difficulty=green
mtb-7002517,mtbproject,https://www.mtbproject.com/trail/7002517/cascabel-trail,Cascabel Trail,32.1682,-111.0406,point_trailhead,32.1682,-111.0406,,,,1.5,4.0,mtbproject_avg,,2,greenBlue,,"Drexel Heights, Arizona",Arizona,United States,,,,mtbproject_trailhead,difficulty=greenBlue
mtb-7009763,mtbproject,https://www.mtbproject.com/trail/7009763/snake-dance-loop,Snake Dance Loop,32.1245,-110.7858,point_trailhead,32.1245,-110.7858,,,,2.0,3.8,mtbproject_avg,,5,green,,"Vail, Arizona",Arizona,United States,,,,mtbproject_trailhead,difficulty=green
mtb-7000602,mtbproject,https://www.mtbproject.com/trail/7000602/mariposa-trail,Mariposa Trail,32.2106,-111.1386,point_trailhead,32.2106,-111.1386,,,,0.5,4.0,mtbproject_avg,,1,green,,"Tucson Estates, Arizona",Arizona,United States,,,,mtbproject_trailhead,difficulty=green
mtb-7000599,mtbproject,https://www.mtbproject.com/trail/7000599/kerr-jar-trail,Kerr Jar Trail,32.2107,-111.1293,point_trailhead,32.2107,-111.1293,,,,0.9,4.0,mtbproject_avg,,1,greenBlue,,"Tucson Estates, Arizona",Arizona,United States,,,,mtbproject_trailhead,difficulty=greenBlue
mtb-7000587,mtbproject,https://www.mtbproject.com/trail/7000587/creosote-trail,Creosote Trail,32.1939,-111.1664,point_trailhead,32.1939,-111.1664,,,,0.7,4.0,mtbproject_avg,,1,green,,"Tucson Estates, Arizona",Arizona,United States,,,,mtbproject_trailhead,difficulty=green
mtb-7009764,mtbproject,https://www.mtbproject.com/trail/7009764/bunnys-revenge,Bunny's Revenge,32.1251,-110.7804,point_trailhead,32.1251,-110.7804,,,,1.7,3.8,mtbproject_avg,,4,green,,"Vail, Arizona",Arizona,United States,,,,mtbproject_trailhead,difficulty=green
mtb-3963087,mtbproject,https://www.mtbproject.com/trail/3963087/az-trail-gabe-zimmerman-trailhead-to-sahaurita-rd,AZ Trail - Gabe Zimmerman Trailhead to Sahaurita Rd,32.0141,-110.6477,point_trailhead,32.0141,-110.6477,,,,11.9,3.9,mtbproject_avg,,14,greenBlue,,"Vail, Arizona",Arizona,United States,,,,mtbproject_trailhead,difficulty=greenBlue
mtb-7018171,mtbproject,https://www.mtbproject.com/trail/7018171/tres-lomitas,Tres Lomitas,32.1961,-107.6487,point_trailhead,32.1961,-107.6487,,,,21.1,4.0,mtbproject_avg,,1,greenBlue,,"Deming, New Mexico",New Mexico,United States,,,,mtbproject_trailhead,difficulty=greenBlue
mtb-7012794,mtbproject,https://www.mtbproject.com/trail/7012794/la-llorona-river-park-trail-north,La Llorona River Park Trail (North),32.312,-106.8277,point_trailhead,32.312,-106.8277,,,,1.2,4.0,mtbproject_avg,,1,green,,"Las Cruces, New Mexico",New Mexico,United States,,,,mtbproject_trailhead,difficulty=green
mtb-7029446,mtbproject,https://www.mtbproject.com/trail/7029446/bar-canyon-main-trail,Bar Canyon Main Trail,32.3046,-106.5935,point_trailhead,32.3046,-106.5935,,,,1.4,5.0,mtbproject_avg,,1,greenBlue,,"University Park, New Mexico",New Mexico,United States,,,,mtbproject_trailhead,difficulty=greenBlue
mtb-7004134,mtbproject,https://www.mtbproject.com/trail/7004134/la-maria-trail,La Maria Trail,32.3123,-106.6453,point_trailhead,32.3123,-106.6453,,,,6.0,4.3,mtbproject_avg,,9,greenBlue,,"Las Cruces, New Mexico",New Mexico,United States,,,,mtbproject_trailhead,difficulty=greenBlue
mtb-4948498,mtbproject,https://www.mtbproject.com/trail/4948498/lazy-cow,Lazy Cow,31.9599,-106.4572,point_trailhead,31.9599,-106.4572,,,,2.5,4.3,mtbproject_avg,,8,greenBlue,,"Westway, Texas",Texas,United States,,,,mtbproject_trailhead,difficulty=greenBlue
mtb-5002300,mtbproject,https://www.mtbproject.com/trail/5002300/agave-bypass,Agave Bypass,31.913,-106.5078,point_trailhead,31.913,-106.5078,,,,0.3,4.0,mtbproject_avg,,1,blueBlack,,"Canutillo, Texas",Texas,United States,,,,mtbproject_trailhead,mtbproject type=Connector
mtb-4990494,mtbproject,https://www.mtbproject.com/trail/4990494/goons-loop,Goon's Loop,31.9619,-106.4581,point_trailhead,31.9619,-106.4581,,,,1.9,3.8,mtbproject_avg,,4,greenBlue,,"Westway, Texas",Texas,United States,,,,mtbproject_trailhead,difficulty=greenBlue
mtb-7003480,mtbproject,https://www.mtbproject.com/trail/7003480/faulkner-park,Faulkner Park,32.2483,-95.3178,point_trailhead,32.2483,-95.3178,,,,5.9,3.9,mtbproject_avg,,8,greenBlue,,"Tyler, Texas",Texas,United States,,,,mtbproject_trailhead,difficulty=greenBlue
mtb-7009188,mtbproject,https://www.mtbproject.com/trail/7009188/lindsey-park,Lindsey Park,32.3085,-95.3788,point_trailhead,32.3085,-95.3788,,,,13.5,4.0,mtbproject_avg,,10,greenBlue,,"Tyler, Texas",Texas,United States,,,,mtbproject_trailhead,difficulty=greenBlue
mtb-7025558,mtbproject,https://www.mtbproject.com/trail/7025558/power-line-road,Power Line Road,32.3472,-88.6627,point_trailhead,32.3472,-88.6627,,,,1.2,5.0,mtbproject_avg,,1,greenBlue,,"Meridian, Mississippi",Mississippi,United States,,,,mtbproject_trailhead,difficulty=greenBlue
mtb-7025551,mtbproject,https://www.mtbproject.com/trail/7025551/rock-n-roll,Rock 'n Roll,32.3545,-88.6669,point_trailhead,32.3545,-88.6669,,,,0.3,5.0,mtbproject_avg,,1,greenBlue,,"Meridian, Mississippi",Mississippi,United States,,,,mtbproject_trailhead,difficulty=greenBlue
mtb-7025545,mtbproject,https://www.mtbproject.com/trail/7025545/the-bowl,The Bowl,32.3482,-88.6631,point_trailhead,32.3482,-88.6631,,,,0.9,5.0,mtbproject_avg,,1,greenBlue,,"Meridian, Mississippi",Mississippi,United States,,,,mtbproject_trailhead,difficulty=greenBlue
mtb-7025538,mtbproject,https://www.mtbproject.com/trail/7025538/family-loop,Family Loop,32.358,-88.6635,point_trailhead,32.358,-88.6635,,,,0.3,5.0,mtbproject_avg,,1,greenBlue,,"Meridian, Mississippi",Mississippi,United States,,,,mtbproject_trailhead,difficulty=greenBlue
mtb-7025552,mtbproject,https://www.mtbproject.com/trail/7025552/rg-trail,RG Trail,32.356,-88.6702,point_trailhead,32.356,-88.6702,,,,0.5,5.0,mtbproject_avg,,1,greenBlue,,"Meridian, Mississippi",Mississippi,United States,,,,mtbproject_trailhead,difficulty=greenBlue
mtb-7025567,mtbproject,https://www.mtbproject.com/trail/7025567/d-loop,D Loop,32.3527,-88.6656,point_trailhead,32.3527,-88.6656,,,,0.1,5.0,mtbproject_avg,,1,greenBlue,,"Meridian, Mississippi",Mississippi,United States,,,,mtbproject_trailhead,difficulty=greenBlue
mtb-7025571,mtbproject,https://www.mtbproject.com/trail/7025571/carpet-climb-bypass,Carpet Climb (Bypass),32.3534,-88.6683,point_trailhead,32.3534,-88.6683,,,,,5.0,mtbproject_avg,,1,green,,"Meridian, Mississippi",Mississippi,United States,,,,mtbproject_trailhead,difficulty=green
mtb-7025583,mtbproject,https://www.mtbproject.com/trail/7025583/pine-belt,Pine Belt,32.3443,-88.658,point_trailhead,32.3443,-88.658,,,,0.8,4.5,mtbproject_avg,,2,greenBlue,,"Meridian, Mississippi",Mississippi,United States,,,,mtbproject_trailhead,difficulty=greenBlue
mtb-7025539,mtbproject,https://www.mtbproject.com/trail/7025539/gateway,Gateway,32.3553,-88.6617,point_trailhead,32.3553,-88.6617,,,,0.9,4.5,mtbproject_avg,,2,greenBlue,,"Meridian, Mississippi",Mississippi,United States,,,,mtbproject_trailhead,difficulty=greenBlue
mtb-7025564,mtbproject,https://www.mtbproject.com/trail/7025564/family-loop-2,Family Loop 2,32.3533,-88.6641,point_trailhead,32.3533,-88.6641,,,,0.3,4.0,mtbproject_avg,,2,green,,"Meridian, Mississippi",Mississippi,United States,,,,mtbproject_trailhead,difficulty=green
mtb-5735451,mtbproject,https://www.mtbproject.com/trail/5735451/kroc-trail,Kroc Trail,32.8453,-117.1839,point_trailhead,32.8453,-117.1839,,,,0.6,5.0,mtbproject_avg,,2,greenBlue,,"La Jolla, California",California,United States,,,,mtbproject_trailhead,difficulty=greenBlue
mtb-5735417,mtbproject,https://www.mtbproject.com/trail/5735417/biltmore-trail,Biltmore Trail,32.8437,-117.2103,point_trailhead,32.8437,-117.2103,,,,0.4,5.0,mtbproject_avg,,2,greenBlue,,"La Jolla, California",California,United States,,,,mtbproject_trailhead,difficulty=greenBlue
mtb-5735441,mtbproject,https://www.mtbproject.com/trail/5735441/cobb-trail,Cobb Trail,32.8448,-117.1919,point_trailhead,32.8448,-117.1919,,,,0.2,5.0,mtbproject_avg,,1,greenBlue,,"La Jolla, California",California,United States,,,,mtbproject_trailhead,difficulty=greenBlue
mtb-7033870,mtbproject,https://www.mtbproject.com/trail/7033870/east-shepherdgreenbelt-trail-via-valarta-section,East Shepherd/Greenbelt Trail: Via Valarta Section,32.8402,-117.0799,point_trailhead,32.8402,-117.0799,,,,0.6,4.0,mtbproject_avg,,1,green,,"Santee, California",California,United States,,,,mtbproject_trailhead,difficulty=green
mtb-7033868,mtbproject,https://www.mtbproject.com/trail/7033868/east-shepherdgreenbelt-trail-portobelo-drive-section,East Shepherd/Greenbelt Trail: Portobelo Drive Section,32.8333,-117.1,point_trailhead,32.8333,-117.1,,,,0.9,4.0,mtbproject_avg,,1,green,,"Santee, California",California,United States,,,,mtbproject_trailhead,difficulty=green
mtb-562722,mtbproject,https://www.mtbproject.com/trail/562722/big-laguna-trails,Big Laguna Trails,32.857,-116.4241,point_trailhead,32.857,-116.4241,,,,9.4,4.8,mtbproject_avg,,16,greenBlue,,"Pine Valley, California",California,United States,,,,mtbproject_trailhead,difficulty=greenBlue
mtb-7029131,mtbproject,https://www.mtbproject.com/trail/7029131/big-laguna-trail,Big Laguna Trail,32.8854,-116.4326,point_trailhead,32.8854,-116.4326,,,,5.4,4.0,mtbproject_avg,,1,greenBlue,,"Pine Valley, California",California,United States,,,,mtbproject_trailhead,difficulty=greenBlue
mtb-7017210,mtbproject,https://www.mtbproject.com/trail/7017210/chico-spur,Chico Spur,32.8577,-116.4443,point_trailhead,32.8577,-116.4443,,,,1.2,4.0,mtbproject_avg,,1,greenBlue,,"Pine Valley, California",California,United States,,,,mtbproject_trailhead,difficulty=greenBlue
mtb-7003804,mtbproject,https://www.mtbproject.com/trail/7003804/front-yard,Front Yard,32.7588,-114.4962,point_trailhead,32.7588,-114.4962,,,,1.4,4.0,mtbproject_avg,,1,greenBlue,,"Yuma, Arizona",Arizona,United States,,,,mtbproject_trailhead,difficulty=greenBlue
mtb-7013030,mtbproject,https://www.mtbproject.com/trail/7013030/east-butte-trail,East Butte Trail,32.8067,-111.6975,point_trailhead,32.8067,-111.6975,,,,2.7,5.0,mtbproject_avg,,1,greenBlue,,"Arizona City, Arizona",Arizona,United States,,,,mtbproject_trailhead,difficulty=greenBlue
mtb-7013029,mtbproject,https://www.mtbproject.com/trail/7013029/spine-trail,Spine Trail,32.8071,-111.6976,point_trailhead,32.8071,-111.6976,,,,1.5,4.0,mtbproject_avg,,1,green,,"Arizona City, Arizona",Arizona,United States,,,,mtbproject_trailhead,difficulty=green
mtb-7013035,mtbproject,https://www.mtbproject.com/trail/7013035/east-butte-connector,East Butte Connector,32.7972,-111.6966,point_trailhead,32.7972,-111.6966,,,,0.8,4.0,mtbproject_avg,,1,green,,"Arizona City, Arizona",Arizona,United States,,,,mtbproject_trailhead,difficulty=green
mtb-5400693,mtbproject,https://www.mtbproject.com/trail/5400693/honeybee-canyon-loop,Honeybee Canyon Loop,32.4576,-110.9646,point_trailhead,32.4576,-110.9646,,,,16.8,4.4,mtbproject_avg,,43,greenBlue,,"Oro Valley, Arizona",Arizona,United States,,,,mtbproject_trailhead,difficulty=greenBlue
mtb-6390787,mtbproject,https://www.mtbproject.com/trail/6390787/tortolita-preserve-loop,Tortolita Preserve Loop,32.4391,-111.0985,point_trailhead,32.4391,-111.0985,,,,9.7,4.0,mtbproject_avg,,21,greenBlue,,"Tortolita, Arizona",Arizona,United States,,,,mtbproject_trailhead,difficulty=greenBlue
mtb-7025034,mtbproject,https://www.mtbproject.com/trail/7025034/bones-trail,Bones Trail,32.7437,-110.9201,point_trailhead,32.7437,-110.9201,,,,3.0,5.0,mtbproject_avg,,1,greenBlue,,"Catalina, Arizona",Arizona,United States,,,,mtbproject_trailhead,difficulty=greenBlue
mtb-7012708,mtbproject,https://www.mtbproject.com/trail/7012708/rail-x-ranch-honeybee-canyon-loop,Rail X Ranch / Honeybee Canyon Loop,32.4757,-110.9605,point_trailhead,32.4757,-110.9605,,,,13.7,4.7,mtbproject_avg,,3,green,,"Catalina, Arizona",Arizona,United States,,,,mtbproject_trailhead,difficulty=green
mtb-7007557,mtbproject,https://www.mtbproject.com/trail/7007557/badlands-trail,Badlands Trail,32.5283,-111.0075,point_trailhead,32.5283,-111.0075,,,,6.7,4.5,mtbproject_avg,,4,greenBlue,,"Catalina, Arizona",Arizona,United States,,,,mtbproject_trailhead,difficulty=greenBlue
mtb-5506519,mtbproject,https://www.mtbproject.com/trail/5506519/alamo-spring-trail,Alamo Spring Trail,32.4975,-111.0447,point_trailhead,32.4975,-111.0447,,,,1.7,4.0,mtbproject_avg,,1,greenBlue,,"Tortolita, Arizona",Arizona,United States,,,,mtbproject_trailhead,difficulty=greenBlue
mtb-7017450,mtbproject,https://www.mtbproject.com/trail/7017450/north-mountain-park,North Mountain Park,32.5611,-111.0088,point_trailhead,32.5611,-111.0088,,,,1.0,4.0,mtbproject_avg,,1,green,,"Catalina, Arizona",Arizona,United States,,,,mtbproject_trailhead,difficulty=green
mtb-7017449,mtbproject,https://www.mtbproject.com/trail/7017449/window-rock-loop,Window Rock Loop,32.5591,-111.0095,point_trailhead,32.5591,-111.0095,,,,1.2,4.0,mtbproject_avg,,1,green,,"Catalina, Arizona",Arizona,United States,,,,mtbproject_trailhead,difficulty=green
mtb-7024400,mtbproject,https://www.mtbproject.com/trail/7024400/hishers-trail,His/Hers Trail,32.692,-110.9208,point_trailhead,32.692,-110.9208,,,,2.5,4.0,mtbproject_avg,,1,greenBlue,,"Catalina, Arizona",Arizona,United States,,,,mtbproject_trailhead,difficulty=greenBlue
mtb-4854005,mtbproject,https://www.mtbproject.com/trail/4854005/mariposa-trail,Mariposa Trail,32.6211,-110.7466,point_trailhead,32.6211,-110.7466,,,,1.6,4.0,mtbproject_avg,,1,greenBlue,,"Oracle, Arizona",Arizona,United States,,,,mtbproject_trailhead,difficulty=greenBlue
mtb-683027,mtbproject,https://www.mtbproject.com/trail/683027/kellogincinerator-ridge,Kellog/Incinerator Ridge,32.4147,-110.7116,point_trailhead,32.4147,-110.7116,,,,2.1,3.8,mtbproject_avg,,6,dblack,,"Tanque Verde, Arizona",Arizona,United States,,,,mtbproject_trailhead,difficulty=dblack
mtb-4854563,mtbproject,https://www.mtbproject.com/trail/4854563/wildlife-corridor-trail,Wildlife Corridor Trail,32.6085,-110.7329,point_trailhead,32.6085,-110.7329,,,,1.7,4.0,mtbproject_avg,,1,greenBlue,,"Oracle, Arizona",Arizona,United States,,,,mtbproject_trailhead,difficulty=greenBlue
mtb-3963692,mtbproject,https://www.mtbproject.com/trail/3963692/grant-hill-loop-trail,Grant Hill Loop Trail,32.6682,-109.8801,point_trailhead,32.6682,-109.8801,,,,4.1,4.0,mtbproject_avg,,1,green,,"Swift Trail Junction, Arizona",Arizona,United States,,,,mtbproject_trailhead,difficulty=green
mtb-3964075,mtbproject,https://www.mtbproject.com/trail/3964075/cunningham-trail,Cunningham Trail,32.6682,-109.8803,point_trailhead,32.6682,-109.8803,,,,3.9,4.0,mtbproject_avg,,1,green,,"Swift Trail Junction, Arizona",Arizona,United States,,,,mtbproject_trailhead,difficulty=green
mtb-7026284,mtbproject,https://www.mtbproject.com/trail/7026284/taco-tuesday,Taco Tuesday,32.7746,-108.2762,point_trailhead,32.7746,-108.2762,,,,20.4,5.0,mtbproject_avg,,1,greenBlue,,"Silver City, New Mexico",New Mexico,United States,,,,mtbproject_trailhead,difficulty=greenBlue
mtb-7005467,mtbproject,https://www.mtbproject.com/trail/7005467/pinon-loop-trail,Pinon Loop Trail,32.8483,-108.2769,point_trailhead,32.8483,-108.2769,,,,1.5,5.0,mtbproject_avg,,1,greenBlue,,"Silver City, New Mexico",New Mexico,United States,,,,mtbproject_trailhead,difficulty=greenBlue
mtb-7005489,mtbproject,https://www.mtbproject.com/trail/7005489/the-dragon-trail,The Dragon Trail,32.8481,-108.286,point_trailhead,32.8481,-108.286,,,,1.4,5.0,mtbproject_avg,,1,greenBlue,,"Silver City, New Mexico",New Mexico,United States,,,,mtbproject_trailhead,difficulty=greenBlue
mtb-7023472,mtbproject,https://www.mtbproject.com/trail/7023472/upper-cheyenne-connector,Upper Cheyenne Connector,32.7675,-108.2896,point_trailhead,32.7675,-108.2896,,,,0.4,4.0,mtbproject_avg,,1,greenBlue,,"Silver City, New Mexico",New Mexico,United States,,,,mtbproject_trailhead,difficulty=greenBlue
mtb-7023468,mtbproject,https://www.mtbproject.com/trail/7023468/inner-comanche-loop,Inner Comanche Loop,32.7632,-108.2934,point_trailhead,32.7632,-108.2934,,,,0.8,4.0,mtbproject_avg,,1,greenBlue,,"Silver City, New Mexico",New Mexico,United States,,,,mtbproject_trailhead,difficulty=greenBlue
mtb-7023469,mtbproject,https://www.mtbproject.com/trail/7023469/outer-comanche-loop,Outer Comanche Loop,32.7596,-108.2979,point_trailhead,32.7596,-108.2979,,,,1.2,4.0,mtbproject_avg,,1,greenBlue,,"Silver City, New Mexico",New Mexico,United States,,,,mtbproject_trailhead,difficulty=greenBlue
mtb-7004153,mtbproject,https://www.mtbproject.com/trail/7004153/big-tree-loop,Big Tree Loop,32.7953,-108.1836,point_trailhead,32.7953,-108.1836,,,,11.6,4.8,mtbproject_avg,,4,greenBlue,,"Arenas Valley, New Mexico",New Mexico,United States,,,,mtbproject_trailhead,difficulty=greenBlue
mtb-7004117,mtbproject,https://www.mtbproject.com/trail/7004117/dragonfly-loop-trail-720,Dragonfly Loop Trail #720,32.7949,-108.1841,point_trailhead,32.7949,-108.1841,,,,3.6,4.6,mtbproject_avg,,5,greenBlue,,"Arenas Valley, New Mexico",New Mexico,United States,,,,mtbproject_trailhead,difficulty=greenBlue
mtb-7004393,mtbproject,https://www.mtbproject.com/trail/7004393/twin-sisters-creek-trail,Twin Sisters Creek Trail,32.7963,-108.1626,point_trailhead,32.7963,-108.1626,,,,2.0,5.0,mtbproject_avg,,1,greenBlue,,"Arenas Valley, New Mexico",New Mexico,United States,,,,mtbproject_trailhead,difficulty=greenBlue
mtb-7004705,mtbproject,https://www.mtbproject.com/trail/7004705/cornell-ranch-trail-758,Cornell Ranch Trail #758,32.8508,-108.1581,point_trailhead,32.8508,-108.1581,,,,1.1,5.0,mtbproject_avg,,1,greenBlue,,"Santa Clara, New Mexico",New Mexico,United States,,,,mtbproject_trailhead,difficulty=greenBlue
mtb-7021588,mtbproject,https://www.mtbproject.com/trail/7021588/trail-4084f-to-the-moon,Trail 4084F - To the moon!,32.8576,-108.1414,point_trailhead,32.8576,-108.1414,,,,0.5,5.0,mtbproject_avg,,1,blue,,"Santa Clara, New Mexico",New Mexico,United States,,,,mtbproject_trailhead,mtbproject type=Connector
mtb-7004247,mtbproject,https://www.mtbproject.com/trail/7004247/woodhaul-wagon-road-trail-55,Woodhaul Wagon Road Trail #55,32.8001,-108.1535,point_trailhead,32.8001,-108.1535,,,,11.8,4.5,mtbproject_avg,,2,greenBlue,,"Santa Clara, New Mexico",New Mexico,United States,,,,mtbproject_trailhead,difficulty=greenBlue
mtb-7004243,mtbproject,https://www.mtbproject.com/trail/7004243/servis-corrals-trail-725,Servis Corrals Trail #725,32.7953,-108.1836,point_trailhead,32.7953,-108.1836,,,,3.2,4.5,mtbproject_avg,,2,greenBlue,,"Arenas Valley, New Mexico",New Mexico,United States,,,,mtbproject_trailhead,difficulty=greenBlue
mtb-7004392,mtbproject,https://www.mtbproject.com/trail/7004392/arenas-valley-fence-line-trail,Arenas Valley: Fence Line Trail,32.7999,-108.1653,point_trailhead,32.7999,-108.1653,,,,2.6,4.5,mtbproject_avg,,2,greenBlue,,"Arenas Valley, New Mexico",New Mexico,United States,,,,mtbproject_trailhead,difficulty=greenBlue
mtb-7029346,mtbproject,https://www.mtbproject.com/trail/7029346/cross-country-course,Cross Country Course,32.7946,-108.1832,point_trailhead,32.7946,-108.1832,,,,3.7,4.0,mtbproject_avg,,1,greenBlue,,"Arenas Valley, New Mexico",New Mexico,United States,,,,mtbproject_trailhead,difficulty=greenBlue
mtb-7004442,mtbproject,https://www.mtbproject.com/trail/7004442/forest-service-nursery-road-757,Forest Service Nursery Road #757,32.8417,-108.1441,point_trailhead,32.8417,-108.1441,,,,0.8,4.0,mtbproject_avg,,1,green,,"Santa Clara, New Mexico",New Mexico,United States,,,,mtbproject_trailhead,difficulty=green
mtb-7024747,mtbproject,https://www.mtbproject.com/trail/7024747/lake-valley-to-lower-gila,Lake Valley to Lower Gila,32.715,-107.5675,point_trailhead,32.715,-107.5675,,,,23.1,4.0,mtbproject_avg,,1,greenBlue,,"Faywood, New Mexico",New Mexico,United States,,,,mtbproject_trailhead,difficulty=greenBlue
mtb-7020597,mtbproject,https://www.mtbproject.com/trail/7020597/west-loop-and-outer-east-loop-gateway-park,West Loop and Outer East Loop - Gateway Park,32.7605,-97.2779,point_trailhead,32.7605,-97.2779,,,,7.5,4.6,mtbproject_avg,,14,greenBlue,,"Haltom City, Texas",Texas,United States,,,,mtbproject_trailhead,difficulty=greenBlue
mtb-7031288,mtbproject,https://www.mtbproject.com/trail/7031288/quanah-hill-full-loop,Quanah Hill Full Loop,32.7851,-97.6962,point_trailhead,32.7851,-97.6962,,,,5.4,4.6,mtbproject_avg,,5,greenBlue,,"Hudson Oaks, Texas",Texas,United States,,,,mtbproject_trailhead,difficulty=greenBlue
mtb-7034955,mtbproject,https://www.mtbproject.com/trail/7034955/point-vista-loop-a,Point Vista Loop A,32.7088,-97.6128,point_trailhead,32.7088,-97.6128,,,,1.0,4.0,mtbproject_avg,,1,greenBlue,,"Aledo, Texas",Texas,United States,,,,mtbproject_trailhead,difficulty=greenBlue
mtb-4660918,mtbproject,https://www.mtbproject.com/trail/4660918/trinity-river-trail-gateway-park,Trinity River Trail - Gateway Park,32.7537,-97.2838,point_trailhead,32.7537,-97.2838,,,,1.5,5.0,mtbproject_avg,,1,green,,"Haltom City, Texas",Texas,United States,,,,mtbproject_trailhead,difficulty=green
mtb-7025248,mtbproject,https://www.mtbproject.com/trail/7025248/1886-trail,1886 Trail,32.7851,-97.6962,point_trailhead,32.7851,-97.6962,,,,3.0,4.4,mtbproject_avg,,5,greenBlue,,"Hudson Oaks, Texas",Texas,United States,,,,mtbproject_trailhead,difficulty=greenBlue
mtb-909423,mtbproject,https://www.mtbproject.com/trail/909423/west-loop,West Loop,32.7601,-97.2765,point_trailhead,32.7601,-97.2765,,,,3.5,3.9,mtbproject_avg,,8,green,,"Haltom City, Texas",Texas,United States,,,,mtbproject_trailhead,difficulty=green
mtb-7025250,mtbproject,https://www.mtbproject.com/trail/7025250/good-night-good-luck,Good Night Good Luck,32.784,-97.7001,point_trailhead,32.784,-97.7001,,,,0.6,4.0,mtbproject_avg,,3,greenBlue,,"Hudson Oaks, Texas",Texas,United States,,,,mtbproject_trailhead,difficulty=greenBlue
mtb-4660778,mtbproject,https://www.mtbproject.com/trail/4660778/river-trail,River Trail,32.7533,-97.2743,point_trailhead,32.7533,-97.2743,,,,1.2,4.0,mtbproject_avg,,2,greenBlue,,"Haltom City, Texas",Texas,United States,,,,mtbproject_trailhead,difficulty=greenBlue
mtb-7012304,mtbproject,https://www.mtbproject.com/trail/7012304/candy-bars-loop,Candy Bar's Loop,32.7919,-97.4067,point_trailhead,32.7919,-97.4067,,,,0.3,4.0,mtbproject_avg,,1,blueBlack,,"Sansom Park, Texas",Texas,United States,,,,mtbproject_trailhead,mtbproject type=Connector
mtb-182244,mtbproject,https://www.mtbproject.com/trail/182244/river-legacy-full-tour,River Legacy Full Tour,32.7931,-97.1171,point_trailhead,32.7931,-97.1171,,,,7.5,3.8,mtbproject_avg,,33,greenBlue,,"Arlington, Texas",Texas,United States,,,,mtbproject_trailhead,difficulty=greenBlue
mtb-7002736,mtbproject,https://www.mtbproject.com/trail/7002736/loop-c,Loop C,32.6703,-96.8687,point_trailhead,32.6703,-96.8687,,,,0.9,4.0,mtbproject_avg,,2,blue,,"Duncanville, Texas",Texas,United States,,,,mtbproject_trailhead,mtbproject type=Connector
mtb-7022285,mtbproject,https://www.mtbproject.com/trail/7022285/dorba-short-trail,DORBA Short Trail,32.61,-96.9974,point_trailhead,32.61,-96.9974,,,,2.7,3.8,mtbproject_avg,,5,greenBlue,,"Cedar Hill, Texas",Texas,United States,,,,mtbproject_trailhead,difficulty=greenBlue
mtb-4660946,mtbproject,https://www.mtbproject.com/trail/4660946/grass-connector,Grass Connector,32.7661,-97.2684,point_trailhead,32.7661,-97.2684,,,,0.5,4.0,mtbproject_avg,,1,greenBlue,,"Haltom City, Texas",Texas,United States,,,,mtbproject_trailhead,difficulty=greenBlue
mtb-7030629,mtbproject,https://www.mtbproject.com/trail/7030629/b-loop,B Loop,32.4719,-95.3028,point_trailhead,32.4719,-95.3028,,,,3.0,4.0,mtbproject_avg,,1,greenBlue,,"Tyler, Texas",Texas,United States,,,,mtbproject_trailhead,difficulty=greenBlue
mtb-7031713,mtbproject,https://www.mtbproject.com/trail/7031713/a-loop,A Loop,32.4711,-95.3003,point_trailhead,32.4711,-95.3003,,,,2.3,4.0,mtbproject_avg,,1,greenBlue,,"Tyler, Texas",Texas,United States,,,,mtbproject_trailhead,difficulty=greenBlue
mtb-760424,mtbproject,https://www.mtbproject.com/trail/760424/grace-creek,Grace Creek,32.4947,-94.7582,point_trailhead,32.4947,-94.7582,,,,9.6,4.0,mtbproject_avg,,3,greenBlue,,"Longview, Texas",Texas,United States,,,,mtbproject_trailhead,difficulty=greenBlue
mtb-7024285,mtbproject,https://www.mtbproject.com/trail/7024285/bistineau-trail,Bistineau Trail,32.4421,-93.3799,point_trailhead,32.4421,-93.3799,,,,10.0,4.0,mtbproject_avg,,1,greenBlue,,"Sibley, Louisiana",Louisiana,United States,,,,mtbproject_trailhead,difficulty=greenBlue
mtb-7003049,mtbproject,https://www.mtbproject.com/trail/7003049/boy-scout-trail-the-blues,"Boy Scout Trail (The ""Blues"")",32.4645,-90.1945,point_trailhead,32.4645,-90.1945,,,,2.0,4.0,mtbproject_avg,,1,greenBlue,,"Madison, Mississippi",Mississippi,United States,,,,mtbproject_trailhead,difficulty=greenBlue
mtb-7021347,mtbproject,https://www.mtbproject.com/trail/7021347/lagoon-park,Lagoon Park,32.401,-86.2262,point_trailhead,32.401,-86.2262,,,,4.3,4.0,mtbproject_avg,,2,green,,"Montgomery, Alabama",Alabama,United States,,,,mtbproject_trailhead,difficulty=green
mtb-4334999,mtbproject,https://www.mtbproject.com/trail/4334999/lower-chewacla-state-park,Lower Chewacla State Park,32.5534,-85.4779,point_trailhead,32.5534,-85.4779,,,,12.3,4.6,mtbproject_avg,,31,greenBlue,,"Auburn, Alabama",Alabama,United States,,,,mtbproject_trailhead,difficulty=greenBlue
mtb-4336256,mtbproject,https://www.mtbproject.com/trail/4336256/falls-view-trail,Falls View Trail,32.5507,-85.4811,point_trailhead,32.5507,-85.4811,,,,1.1,5.0,mtbproject_avg,,7,greenBlue,,"Auburn, Alabama",Alabama,United States,,,,mtbproject_trailhead,difficulty=greenBlue
mtb-4534064,mtbproject,https://www.mtbproject.com/trail/4534064/camps-trail,CAMP's Trail,32.5541,-85.4774,point_trailhead,32.5541,-85.4774,,,,0.8,4.8,mtbproject_avg,,6,green,,"Auburn, Alabama",Alabama,United States,,,,mtbproject_trailhead,difficulty=green
mtb-7001658,mtbproject,https://www.mtbproject.com/trail/7001658/base-camp-trail,Base CAMP Trail,32.5534,-85.4762,point_trailhead,32.5534,-85.4762,,,,0.3,4.8,mtbproject_avg,,5,green,,"Auburn, Alabama",Alabama,United States,,,,mtbproject_trailhead,difficulty=green
mtb-4460033,mtbproject,https://www.mtbproject.com/trail/4460033/ccc-trail,CCC trail,32.5497,-85.4827,point_trailhead,32.5497,-85.4827,,,,2.4,4.5,mtbproject_avg,,6,greenBlue,,"Auburn, Alabama",Alabama,United States,,,,mtbproject_trailhead,difficulty=greenBlue
mtb-4337823,mtbproject,https://www.mtbproject.com/trail/4337823/lake-whilmore-trail,Lake Whilmore Trail,32.5648,-85.4585,point_trailhead,32.5648,-85.4585,,,,1.7,4.0,mtbproject_avg,,2,greenBlue,,"Auburn, Alabama",Alabama,United States,,,,mtbproject_trailhead,difficulty=greenBlue
mtb-7002149,mtbproject,https://www.mtbproject.com/trail/7002149/inner-zen-loop,Inner Zen Loop,32.5387,-84.8843,point_trailhead,32.5387,-84.8843,,,,0.6,4.0,mtbproject_avg,,1,greenBlue,,"Columbus, Georgia",Georgia,United States,,,,mtbproject_trailhead,difficulty=greenBlue
mtb-721636,mtbproject,https://www.mtbproject.com/trail/721636/georgia-industrial-childrens-home-aka-the-pig-trail,Georgia Industrial Children's Home (AKA the Pig Trail),32.8475,-83.715,point_trailhead,32.8475,-83.715,,,,8.0,3.8,mtbproject_avg,,9,greenBlue,,"Macon, Georgia",Georgia,United States,,,,mtbproject_trailhead,difficulty=greenBlue
mtb-1800930,mtbproject,https://www.mtbproject.com/trail/1800930/coast-to-crest-trail-north-shore-lake-hodges,Coast to Crest Trail - North Shore Lake Hodges,33.0662,-117.0683,point_trailhead,33.0662,-117.0683,,,,15.6,4.0,mtbproject_avg,,26,greenBlue,,"Escondido, California",California,United States,,,,mtbproject_trailhead,difficulty=greenBlue
mtb-7009138,mtbproject,https://www.mtbproject.com/trail/7009138/carmel-valley-connector,Carmel Valley Connector,32.9495,-117.1829,point_trailhead,32.9495,-117.1829,,,,0.5,5.0,mtbproject_avg,,1,greenBlue,,"Fairbanks Ranch, California",California,United States,,,,mtbproject_trailhead,difficulty=greenBlue
mtb-5417338,mtbproject,https://www.mtbproject.com/trail/5417338/los-penasquitos-canyon-preserve,Los Penasquitos Canyon Preserve,32.9378,-117.1541,point_trailhead,32.9378,-117.1541,,,,13.1,3.8,mtbproject_avg,,19,greenBlue,,"Fairbanks Ranch, California",California,United States,,,,mtbproject_trailhead,difficulty=greenBlue
mtb-7008916,mtbproject,https://www.mtbproject.com/trail/7008916/deer-creek-trail,Deer Creek Trail,32.9551,-117.1693,point_trailhead,32.9551,-117.1693,,,,1.1,4.6,mtbproject_avg,,5,greenBlue,,"Carmel Valley, California",California,United States,,,,mtbproject_trailhead,difficulty=greenBlue
mtb-7019573,mtbproject,https://www.mtbproject.com/trail/7019573/switchbacks-trail,Switchbacks Trail,32.9495,-117.1732,point_trailhead,32.9495,-117.1732,,,,0.8,4.5,mtbproject_avg,,2,greenBlue,,"Carmel Valley, California",California,United States,,,,mtbproject_trailhead,difficulty=greenBlue
mtb-7024835,mtbproject,https://www.mtbproject.com/trail/7024835/bernardo-mountain-lake-view-trail,Bernardo Mountain Lake View Trail,33.0602,-117.0919,point_trailhead,33.0602,-117.0919,,,,1.2,4.5,mtbproject_avg,,2,greenBlue,,"Escondido, California",California,United States,,,,mtbproject_trailhead,difficulty=greenBlue
mtb-7020233,mtbproject,https://www.mtbproject.com/trail/7020233/cobbles-trail,Cobbles Trail,32.9397,-117.1825,point_trailhead,32.9397,-117.1825,,,,1.1,3.9,mtbproject_avg,,7,greenBlue,,"Fairbanks Ranch, California",California,United States,,,,mtbproject_trailhead,difficulty=greenBlue
mtb-5736294,mtbproject,https://www.mtbproject.com/trail/5736294/lusardi-creek-loop-trail,Lusardi Creek Loop Trail,33.0046,-117.1638,point_trailhead,33.0046,-117.1638,,,,10.0,4.0,mtbproject_avg,,3,greenBlue,,"Fairbanks Ranch, California",California,United States,,,,mtbproject_trailhead,difficulty=greenBlue
mtb-7001158,mtbproject,https://www.mtbproject.com/trail/7001158/beeler-canyon-trail,Beeler Canyon Trail,32.9345,-117.0179,point_trailhead,32.9345,-117.0179,,,,2.5,4.0,mtbproject_avg,,2,greenBlue,,"Poway, California",California,United States,,,,mtbproject_trailhead,difficulty=greenBlue
mtb-7020590,mtbproject,https://www.mtbproject.com/trail/7020590/jack-creek-meadow-loop,Jack Creek Meadow Loop,33.181,-117.0502,point_trailhead,33.181,-117.0502,,,,3.4,4.0,mtbproject_avg,,2,greenBlue,,"Valley Center, California",California,United States,,,,mtbproject_trailhead,difficulty=greenBlue
mtb-7020588,mtbproject,https://www.mtbproject.com/trail/7020588/sage-trail,Sage Trail,33.1672,-117.0415,point_trailhead,33.1672,-117.0415,,,,2.7,4.0,mtbproject_avg,,2,greenBlue,,"Valley Center, California",California,United States,,,,mtbproject_trailhead,difficulty=greenBlue
mtb-7020589,mtbproject,https://www.mtbproject.com/trail/7020589/diamondback,Diamondback,33.1735,-117.0414,point_trailhead,33.1735,-117.0414,,,,0.4,4.0,mtbproject_avg,,2,greenBlue,,"Valley Center, California",California,United States,,,,mtbproject_trailhead,difficulty=greenBlue
mtb-7002541,mtbproject,https://www.mtbproject.com/trail/7002541/black-sage,Black Sage,33.1118,-117.2817,point_trailhead,33.1118,-117.2817,,,,0.8,4.0,mtbproject_avg,,1,greenBlue,,"Lake San Marcos, California",California,United States,,,,mtbproject_trailhead,difficulty=greenBlue
mtb-7019574,mtbproject,https://www.mtbproject.com/trail/7019574/queens-trail,Queens Trail,32.9395,-117.1729,point_trailhead,32.9395,-117.1729,,,,0.8,4.0,mtbproject_avg,,1,greenBlue,,"Fairbanks Ranch, California",California,United States,,,,mtbproject_trailhead,difficulty=greenBlue
mtb-7031688,mtbproject,https://www.mtbproject.com/trail/7031688/canyon-path,Canyon Path,32.9167,-117.0711,point_trailhead,32.9167,-117.0711,,,,0.8,4.0,mtbproject_avg,,1,greenBlue,,"Poway, California",California,United States,,,,mtbproject_trailhead,difficulty=greenBlue
mtb-7026653,mtbproject,https://www.mtbproject.com/trail/7026653/ramona-peak-trail,Ramona Peak Trail,33.0178,-116.8312,point_trailhead,33.0178,-116.8312,,,,0.7,4.0,mtbproject_avg,,1,greenBlue,,"San Diego Country Estates, California",California,United States,,,,mtbproject_trailhead,difficulty=greenBlue
mtb-543516,mtbproject,https://www.mtbproject.com/trail/543516/desert-classic,Desert Classic,33.3623,-111.985,point_trailhead,33.3623,-111.985,,,,17.5,4.1,mtbproject_avg,,58,greenBlue,,"Guadalupe, Arizona",Arizona,United States,,,,mtbproject_trailhead,difficulty=greenBlue
mtb-7024779,mtbproject,https://www.mtbproject.com/trail/7024779/kiwanis-trail,Kiwanis Trail,33.3283,-112.0737,point_trailhead,33.3283,-112.0737,,,,1.0,5.0,mtbproject_avg,,1,dblack,,"Laveen, Arizona",Arizona,United States,,,,mtbproject_trailhead,difficulty=dblack
mtb-4865928,mtbproject,https://www.mtbproject.com/trail/4865928/holbert-trail,Holbert Trail,33.3385,-112.0523,point_trailhead,33.3385,-112.0523,,,,2.5,4.5,mtbproject_avg,,2,dblack,,"Guadalupe, Arizona",Arizona,United States,,,,mtbproject_trailhead,difficulty=dblack
mtb-4368792,mtbproject,https://www.mtbproject.com/trail/4368792/san-tan-mountain-regional-park,San Tan Mountain Regional Park,33.1902,-111.6582,point_trailhead,33.1902,-111.6582,,,,11.6,4.0,mtbproject_avg,,15,greenBlue,,"Queen Creek, Arizona",Arizona,United States,,,,mtbproject_trailhead,difficulty=greenBlue
mtb-4532598,mtbproject,https://www.mtbproject.com/trail/4532598/dynamite-trail,Dynamite Trail,33.1875,-111.6567,point_trailhead,33.1875,-111.6567,,,,2.3,3.9,mtbproject_avg,,7,greenBlue,,"Queen Creek, Arizona",Arizona,United States,,,,mtbproject_trailhead,difficulty=greenBlue
mtb-7010991,mtbproject,https://www.mtbproject.com/trail/7010991/azt-kelvin-to-red-mountain,AZT - Kelvin to Red Mountain,33.1065,-110.9792,point_trailhead,33.1065,-110.9792,,,,32.0,4.0,mtbproject_avg,,2,dblack,,"Kearny, Arizona",Arizona,United States,,,,mtbproject_trailhead,difficulty=dblack
mtb-7034580,mtbproject,https://www.mtbproject.com/trail/7034580/fr-4079r,FR 4079R,33.0406,-107.9984,point_trailhead,33.0406,-107.9984,,,,0.7,4.0,mtbproject_avg,,1,greenBlue,,"Silver City, New Mexico",New Mexico,United States,,,,mtbproject_trailhead,difficulty=greenBlue
mtb-980385,mtbproject,https://www.mtbproject.com/trail/980385/t5004,T5004,32.9676,-105.7576,point_trailhead,32.9676,-105.7576,,,,3.1,4.0,mtbproject_avg,,5,greenBlue,,"La Luz, New Mexico",New Mexico,United States,,,,mtbproject_trailhead,difficulty=greenBlue
mtb-663488,mtbproject,https://www.mtbproject.com/trail/663488/halfer-t93,Halfer T93,33.341,-105.7004,point_trailhead,33.341,-105.7004,,,,1.9,4.0,mtbproject_avg,,3,greenBlue,,"Ruidoso, New Mexico",New Mexico,United States,,,,mtbproject_trailhead,difficulty=greenBlue
mtb-980362,mtbproject,https://www.mtbproject.com/trail/980362/t5001ct5001-to-mexican-canyon-trestle-overlook,T5001C/T5001 to Mexican Canyon Trestle Overlook,32.9622,-105.7518,point_trailhead,32.9622,-105.7518,,,,0.6,4.0,mtbproject_avg,,1,blue,,"La Luz, New Mexico",New Mexico,United States,,,,mtbproject_trailhead,mtbproject type=Connector
mtb-7032625,mtbproject,https://www.mtbproject.com/trail/7032625/frisco-nw-community-parkgpx,frisco nw community park.gpx,33.2017,-96.8668,point_trailhead,33.2017,-96.8668,,,,9.5,4.0,mtbproject_avg,,1,greenBlue,,"Frisco, Texas",Texas,United States,,,,mtbproject_trailhead,difficulty=greenBlue
mtb-6482839,mtbproject,https://www.mtbproject.com/trail/6482839/thrashers-maze,Thrashers Maze,33.1526,-97.0443,point_trailhead,33.1526,-97.0443,,,,1.8,4.4,mtbproject_avg,,5,greenBlue,,"Corinth, Texas",Texas,United States,,,,mtbproject_trailhead,difficulty=greenBlue
mtb-7024284,mtbproject,https://www.mtbproject.com/trail/7024284/blue-loop,Blue Loop,33.0075,-96.8171,point_trailhead,33.0075,-96.8171,,,,1.2,4.5,mtbproject_avg,,2,greenBlue,,"Addison, Texas",Texas,United States,,,,mtbproject_trailhead,difficulty=greenBlue
mtb-7020787,mtbproject,https://www.mtbproject.com/trail/7020787/ranger-trail,Ranger Trail,33.2015,-96.867,point_trailhead,33.2015,-96.867,,,,2.9,4.1,mtbproject_avg,,10,greenBlue,,"Frisco, Texas",Texas,United States,,,,mtbproject_trailhead,difficulty=greenBlue
mtb-7022786,mtbproject,https://www.mtbproject.com/trail/7022786/loop-2,Loop 2,33.0346,-97.1976,point_trailhead,33.0346,-97.1976,,,,1.7,4.5,mtbproject_avg,,2,greenBlue,,"Trophy Club, Texas",Texas,United States,,,,mtbproject_trailhead,difficulty=greenBlue
mtb-6482717,mtbproject,https://www.mtbproject.com/trail/6482717/corinth-community-trail,Corinth Community Trail,33.152,-97.0578,point_trailhead,33.152,-97.0578,,,,2.5,3.8,mtbproject_avg,,6,greenBlue,,"Corinth, Texas",Texas,United States,,,,mtbproject_trailhead,difficulty=greenBlue
mtb-7020798,mtbproject,https://www.mtbproject.com/trail/7020798/racoon-trail,Racoon Trail,33.1996,-96.8614,point_trailhead,33.1996,-96.8614,,,,0.8,3.8,mtbproject_avg,,5,greenBlue,,"Frisco, Texas",Texas,United States,,,,mtbproject_trailhead,difficulty=greenBlue
mtb-7029753,mtbproject,https://www.mtbproject.com/trail/7029753/am-commerce-outdoor-adventure-bike-trail,A&M-Commerce Outdoor Adventure Bike Trail,33.2373,-95.9187,point_trailhead,33.2373,-95.9187,,,,5.3,4.5,mtbproject_avg,,2,greenBlue,,"Commerce, Texas",Texas,United States,,,,mtbproject_trailhead,difficulty=greenBlue
mtb-7026405,mtbproject,https://www.mtbproject.com/trail/7026405/cedar-creek-trail-south-loop,Cedar Creek Trail - South Loop,33.3433,-95.6757,point_trailhead,33.3433,-95.6757,,,,0.4,4.0,mtbproject_avg,,1,green,,"Cooper, Texas",Texas,United States,,,,mtbproject_trailhead,difficulty=green
mtb-7013535,mtbproject,https://www.mtbproject.com/trail/7013535/atlanta,Atlanta,33.1307,-94.1508,point_trailhead,33.1307,-94.1508,,,,5.1,4.2,mtbproject_avg,,6,greenBlue,,"Queen City, Texas",Texas,United States,,,,mtbproject_trailhead,difficulty=greenBlue
mtb-4520189,mtbproject,https://www.mtbproject.com/trail/4520189/rabbits-run-trail,Rabbits Run Trail,33.259,-89.1262,point_trailhead,33.259,-89.1262,,,,0.7,4.5,mtbproject_avg,,2,greenBlue,,"Ackerman, Mississippi",Mississippi,United States,,,,mtbproject_trailhead,difficulty=greenBlue
mtb-4519681,mtbproject,https://www.mtbproject.com/trail/4519681/beaver-lodge-trail,Beaver Lodge Trail,33.275,-89.1376,point_trailhead,33.275,-89.1376,,,,1.5,4.0,mtbproject_avg,,1,greenBlue,,"Ackerman, Mississippi",Mississippi,United States,,,,mtbproject_trailhead,difficulty=greenBlue
mtb-4449153,mtbproject,https://www.mtbproject.com/trail/4449153/log-jump-trail,Log Jump Trail,33.2162,-89.0909,point_trailhead,33.2162,-89.0909,,,,1.5,4.0,mtbproject_avg,,1,greenBlue,,"Louisville, Mississippi",Mississippi,United States,,,,mtbproject_trailhead,difficulty=greenBlue
mtb-4583506,mtbproject,https://www.mtbproject.com/trail/4583506/lakeside-trail,Lakeside Trail,33.2752,-89.1378,point_trailhead,33.2752,-89.1378,,,,2.5,4.0,mtbproject_avg,,1,green,,"Ackerman, Mississippi",Mississippi,United States,,,,mtbproject_trailhead,difficulty=green
mtb-4583595,mtbproject,https://www.mtbproject.com/trail/4583595/chata-trail,Chata Trail,33.2786,-89.1467,point_trailhead,33.2786,-89.1467,,,,1.1,4.0,mtbproject_avg,,1,green,,"Ackerman, Mississippi",Mississippi,United States,,,,mtbproject_trailhead,difficulty=green
mtb-4462163,mtbproject,https://www.mtbproject.com/trail/4462163/rockcrusher-road,Rockcrusher Road,33.2244,-89.1191,point_trailhead,33.2244,-89.1191,,,,1.9,4.0,mtbproject_avg,,1,greenBlue,,"Ackerman, Mississippi",Mississippi,United States,,,,mtbproject_trailhead,difficulty=greenBlue
mtb-4525123,mtbproject,https://www.mtbproject.com/trail/4525123/blue-a-connector-trail,"Blue ""A"" Connector Trail",33.2461,-89.1202,point_trailhead,33.2461,-89.1202,,,,0.5,4.0,mtbproject_avg,,1,greenBlue,,"Ackerman, Mississippi",Mississippi,United States,,,,mtbproject_trailhead,difficulty=greenBlue
mtb-4919125,mtbproject,https://www.mtbproject.com/trail/4919125/revenge-of-the-black-warrior-iv-race-loop-march-2014,Revenge of the Black Warrior IV Race Loop March 2014,33.2652,-87.5353,point_trailhead,33.2652,-87.5353,,,,7.4,4.0,mtbproject_avg,,4,greenBlue,,"Northport, Alabama",Alabama,United States,,,,mtbproject_trailhead,difficulty=greenBlue
mtb-4669972,mtbproject,https://www.mtbproject.com/trail/4669972/munny-sokol-park,Munny Sokol Park,33.2653,-87.5352,point_trailhead,33.2653,-87.5352,,,,5.7,3.8,mtbproject_avg,,4,greenBlue,,"Northport, Alabama",Alabama,United States,,,,mtbproject_trailhead,difficulty=greenBlue
mtb-140451,mtbproject,https://www.mtbproject.com/trail/140451/ridge-trail,Ridge Trail,33.3102,-87.6704,point_trailhead,33.3102,-87.6704,,,,3.6,5.0,mtbproject_avg,,3,greenBlue,,"Northport, Alabama",Alabama,United States,,,,mtbproject_trailhead,difficulty=greenBlue
mtb-4375226,mtbproject,https://www.mtbproject.com/trail/4375226/north-loop,North Loop,33.214,-87.457,point_trailhead,33.214,-87.457,,,,1.1,5.0,mtbproject_avg,,1,green,,"Holt, Alabama",Alabama,United States,,,,mtbproject_trailhead,difficulty=green
mtb-4697098,mtbproject,https://www.mtbproject.com/trail/4697098/cemetery-loop,Cemetery Loop,33.2617,-87.5266,point_trailhead,33.2617,-87.5266,,,,0.3,5.0,mtbproject_avg,,1,green,,"Holt, Alabama",Alabama,United States,,,,mtbproject_trailhead,difficulty=green
mtb-4684289,mtbproject,https://www.mtbproject.com/trail/4684289/family-trail,Family Trail,33.2629,-87.5314,point_trailhead,33.2629,-87.5314,,,,0.4,5.0,mtbproject_avg,,1,green,,"Holt, Alabama",Alabama,United States,,,,mtbproject_trailhead,difficulty=green
mtb-4374817,mtbproject,https://www.mtbproject.com/trail/4374817/entrance-trail-a-machine-benched-and-flowy-connector-into-the-trails,Entrance Trail - a machine benched and flowy connector into the trails.,33.2141,-87.4447,point_trailhead,33.2141,-87.4447,,,,0.5,5.0,mtbproject_avg,,1,blue,,"Holt, Alabama",Alabama,United States,,,,mtbproject_trailhead,mtbproject type=Connector
mtb-4375592,mtbproject,https://www.mtbproject.com/trail/4375592/south-loop,South Loop,33.2139,-87.4571,point_trailhead,33.2139,-87.4571,,,,1.1,4.5,mtbproject_avg,,2,greenBlue,,"Holt, Alabama",Alabama,United States,,,,mtbproject_trailhead,difficulty=greenBlue
mtb-110318,mtbproject,https://www.mtbproject.com/trail/110318/rattlesnake-ridge,Rattlesnake Ridge,33.3208,-86.7647,point_trailhead,33.3208,-86.7647,,,,2.1,4.2,mtbproject_avg,,11,greenBlue,,"Indian Springs Village, Alabama",Alabama,United States,,,,mtbproject_trailhead,difficulty=greenBlue
mtb-7007163,mtbproject,https://www.mtbproject.com/trail/7007163/centipede,Centipede,33.3093,-86.7619,point_trailhead,33.3093,-86.7619,,,,0.8,4.3,mtbproject_avg,,3,greenBlue,,"Indian Springs Village, Alabama",Alabama,United States,,,,mtbproject_trailhead,difficulty=greenBlue
mtb-1374978,mtbproject,https://www.mtbproject.com/trail/1374978/bump-trail,BUMP Trail,33.3098,-86.7679,point_trailhead,33.3098,-86.7679,,,,1.0,4.0,mtbproject_avg,,3,dblack,,"Indian Springs Village, Alabama",Alabama,United States,,,,mtbproject_trailhead,difficulty=dblack
mtb-102242,mtbproject,https://www.mtbproject.com/trail/102242/lake-trail,Lake Trail,33.3232,-86.7643,point_trailhead,33.3232,-86.7643,,,,2.1,3.8,mtbproject_avg,,8,green,,"Indian Springs Village, Alabama",Alabama,United States,,,,mtbproject_trailhead,difficulty=green
mtb-5441375,mtbproject,https://www.mtbproject.com/trail/5441375/foreplay,Foreplay,33.317,-86.7669,point_trailhead,33.317,-86.7669,,,,0.4,3.8,mtbproject_avg,,6,greenBlue,,"Indian Springs Village, Alabama",Alabama,United States,,,,mtbproject_trailhead,difficulty=greenBlue
mtb-7007165,mtbproject,https://www.mtbproject.com/trail/7007165/fire-pits,Fire Pits,33.3048,-86.7639,point_trailhead,33.3048,-86.7639,,,,0.8,4.0,mtbproject_avg,,1,greenBlue,,"Pelham, Alabama",Alabama,United States,,,,mtbproject_trailhead,difficulty=greenBlue
mtb-714346,mtbproject,https://www.mtbproject.com/trail/714346/sylaward-trail-at-lake-howard,Sylaward Trail at Lake Howard,33.1992,-86.1936,point_trailhead,33.1992,-86.1936,,,,14.9,4.3,mtbproject_avg,,13,greenBlue,,"Mignon, Alabama",Alabama,United States,,,,mtbproject_trailhead,difficulty=greenBlue
mtb-6403075,mtbproject,https://www.mtbproject.com/trail/6403075/lakeview-loop,Lakeview Loop,33.201,-86.1852,point_trailhead,33.201,-86.1852,,,,1.2,5.0,mtbproject_avg,,1,greenBlue,,"Mignon, Alabama",Alabama,United States,,,,mtbproject_trailhead,difficulty=greenBlue
mtb-6445516,mtbproject,https://www.mtbproject.com/trail/6445516/bills-creek-loop,Bills Creek Loop,33.1959,-86.1814,point_trailhead,33.1959,-86.1814,,,,3.6,4.7,mtbproject_avg,,3,greenBlue,,"Sylacauga, Alabama",Alabama,United States,,,,mtbproject_trailhead,difficulty=greenBlue
mtb-6403039,mtbproject,https://www.mtbproject.com/trail/6403039/ridge-loop,Ridge Loop,33.1953,-86.1921,point_trailhead,33.1953,-86.1921,,,,1.0,4.0,mtbproject_avg,,1,greenBlue,,"Mignon, Alabama",Alabama,United States,,,,mtbproject_trailhead,difficulty=greenBlue
mtb-6445642,mtbproject,https://www.mtbproject.com/trail/6445642/cogs-loop,COGS Loop,33.1992,-86.1833,point_trailhead,33.1992,-86.1833,,,,1.0,4.0,mtbproject_avg,,1,greenBlue,,"Mignon, Alabama",Alabama,United States,,,,mtbproject_trailhead,difficulty=greenBlue
mtb-7001907,mtbproject,https://www.mtbproject.com/trail/7001907/lakeside-trail,Lakeside Trail,32.9169,-85.1651,point_trailhead,32.9169,-85.1651,,,,1.7,4.5,mtbproject_avg,,2,greenBlue,,"West Point, Georgia",Georgia,United States,,,,mtbproject_trailhead,difficulty=greenBlue
mtb-7020780,mtbproject,https://www.mtbproject.com/trail/7020780/singletrack-at-dayspring-church,Singletrack at Dayspring Church,33.0156,-83.9166,point_trailhead,33.0156,-83.9166,,,,3.7,5.0,mtbproject_avg,,1,greenBlue,,"Forsyth, Georgia",Georgia,United States,,,,mtbproject_trailhead,difficulty=greenBlue
mtb-7032961,mtbproject,https://www.mtbproject.com/trail/7032961/leftover,Leftover,33.2457,-83.9595,point_trailhead,33.2457,-83.9595,,,,1.2,4.0,mtbproject_avg,,1,greenBlue,,"Indian Springs, Georgia",Georgia,United States,,,,mtbproject_trailhead,difficulty=greenBlue
mtb-7035016,mtbproject,https://www.mtbproject.com/trail/7035016/bartram-green-loop,Bartram Green Loop,33.0212,-83.2048,point_trailhead,33.0212,-83.2048,,,,6.4,5.0,mtbproject_avg,,1,green,,"Hardwick, Georgia",Georgia,United States,,,,mtbproject_trailhead,difficulty=green
mtb-7034704,mtbproject,https://www.mtbproject.com/trail/7034704/bartram-red-loop,Bartram Red Loop,33.0213,-83.2049,point_trailhead,33.0213,-83.2049,,,,10.5,5.0,mtbproject_avg,,1,greenBlue,,"Milledgeville, Georgia",Georgia,United States,,,,mtbproject_trailhead,difficulty=greenBlue
mtb-7003390,mtbproject,https://www.mtbproject.com/trail/7003390/marrington-trails,Marrington Trails,32.9633,-79.9565,point_trailhead,32.9633,-79.9565,,,,17.3,3.9,mtbproject_avg,,7,greenBlue,,"Goose Creek, South Carolina",South Carolina,United States,,,,mtbproject_trailhead,difficulty=greenBlue
mtb-7005131,mtbproject,https://www.mtbproject.com/trail/7005131/green-loop,Green Loop,32.9983,-80.0582,point_trailhead,32.9983,-80.0582,,,,2.1,4.0,mtbproject_avg,,3,greenBlue,,"Goose Creek, South Carolina",South Carolina,United States,,,,mtbproject_trailhead,difficulty=greenBlue
mtb-7011622,mtbproject,https://www.mtbproject.com/trail/7011622/tramonto-trail,Tramonto Trail,33.7436,-118.3953,point_trailhead,33.7436,-118.3953,,,,0.7,4.0,mtbproject_avg,,1,greenBlue,,"Rancho Palos Verdes, California",California,United States,,,,mtbproject_trailhead,difficulty=greenBlue
mtb-7014049,mtbproject,https://www.mtbproject.com/trail/7014049/cactus-trail,Cactus Trail,33.741,-118.3551,point_trailhead,33.741,-118.3551,,,,0.1,4.0,mtbproject_avg,,1,blue,,"Rolling Hills, California",California,United States,,,,mtbproject_trailhead,mtbproject type=Connector
mtb-7032215,mtbproject,https://www.mtbproject.com/trail/7032215/buck-gully-trail,Buck Gully Trail,33.5973,-117.862,point_trailhead,33.5973,-117.862,,,,2.0,5.0,mtbproject_avg,,1,greenBlue,,"San Joaquin Hills, California",California,United States,,,,mtbproject_trailhead,difficulty=greenBlue
mtb-7035134,mtbproject,https://www.mtbproject.com/trail/7035134/west-ridge,West Ridge,33.643,-117.8143,point_trailhead,33.643,-117.8143,,,,0.7,5.0,mtbproject_avg,,1,greenBlue,,"Irvine, California",California,United States,,,,mtbproject_trailhead,difficulty=greenBlue
mtb-7012798,mtbproject,https://www.mtbproject.com/trail/7012798/stair-steps,Stair Steps,33.58,-117.7549,point_trailhead,33.58,-117.7549,,,,0.4,3.8,mtbproject_avg,,6,dblack,,"Aliso Viejo, California",California,United States,,,,mtbproject_trailhead,difficulty=dblack
mtb-5340412,mtbproject,https://www.mtbproject.com/trail/5340412/cactus-point-trail,Cactus Point Trail,33.7806,-117.7674,point_trailhead,33.7806,-117.7674,,,,0.5,4.0,mtbproject_avg,,1,greenBlue,,"North Tustin, California",California,United States,,,,mtbproject_trailhead,difficulty=greenBlue
mtb-7030639,mtbproject,https://www.mtbproject.com/trail/7030639/my-ride-on-090417-at-1223-pm,My Ride on 09/04/17 at 12:23 PM,33.6912,-117.6704,point_trailhead,33.6912,-117.6704,,,,16.3,5.0,mtbproject_avg,,1,green,,"Foothill Ranch, California",California,United States,,,,mtbproject_trailhead,difficulty=green
mtb-5481372,mtbproject,https://www.mtbproject.com/trail/5481372/coyote-run-trail,Coyote Run Trail,33.5548,-117.7418,point_trailhead,33.5548,-117.7418,,,,1.2,4.4,mtbproject_avg,,11,greenBlue,,"Aliso Viejo, California",California,United States,,,,mtbproject_trailhead,difficulty=greenBlue
mtb-7014942,mtbproject,https://www.mtbproject.com/trail/7014942/patriot-trail,Patriot Trail,33.4778,-117.6445,point_trailhead,33.4778,-117.6445,,,,1.1,4.0,mtbproject_avg,,1,greenBlue,,"San Juan Capistrano, California",California,United States,,,,mtbproject_trailhead,difficulty=greenBlue
mtb-7011667,mtbproject,https://www.mtbproject.com/trail/7011667/east-loma-ridge-jeep-trail,East Loma Ridge Jeep Trail,33.7426,-117.7061,point_trailhead,33.7426,-117.7061,,,,1.2,4.0,mtbproject_avg,,1,greenBlue,,"Foothill Ranch, California",California,United States,,,,mtbproject_trailhead,difficulty=greenBlue
mtb-7026606,mtbproject,https://www.mtbproject.com/trail/7026606/tijeras-creek-trail,Tijeras Creek Trail,33.5915,-117.6338,point_trailhead,33.5915,-117.6338,,,,4.0,4.0,mtbproject_avg,,1,greenBlue,,"Las Flores, California",California,United States,,,,mtbproject_trailhead,difficulty=greenBlue
mtb-7011669,mtbproject,https://www.mtbproject.com/trail/7011669/sandtrap,Sandtrap,33.7361,-117.6963,point_trailhead,33.7361,-117.6963,,,,1.8,4.0,mtbproject_avg,,1,greenBlue,,"Foothill Ranch, California",California,United States,,,,mtbproject_trailhead,difficulty=greenBlue
mtb-7032184,mtbproject,https://www.mtbproject.com/trail/7032184/santa-rosa-plateau,Santa Rosa Plateau,33.5433,-117.2713,point_trailhead,33.5433,-117.2713,,,,4.8,4.0,mtbproject_avg,,1,greenBlue,,"Murrieta, California",California,United States,,,,mtbproject_trailhead,difficulty=greenBlue
mtb-7034378,mtbproject,https://www.mtbproject.com/trail/7034378/lake-perris-bike-path-east,Lake Perris Bike Path - East,33.8666,-117.1847,point_trailhead,33.8666,-117.1847,,,,5.1,4.0,mtbproject_avg,,1,green,,"Perris, California",California,United States,,,,mtbproject_trailhead,difficulty=green
mtb-7034293,mtbproject,https://www.mtbproject.com/trail/7034293/lake-perris-bike-path-west,Lake Perris Bike Path - West,33.8384,-117.177,point_trailhead,33.8384,-117.177,,,,2.7,4.0,mtbproject_avg,,1,green,,"Lakeview, California",California,United States,,,,mtbproject_trailhead,difficulty=green
mtb-7021208,mtbproject,https://www.mtbproject.com/trail/7021208/gray-fox-trail,Gray Fox Trail,33.6083,-112.5015,point_trailhead,33.6083,-112.5015,,,,0.9,4.7,mtbproject_avg,,3,greenBlue,,"Citrus Park, Arizona",Arizona,United States,,,,mtbproject_trailhead,difficulty=greenBlue
mtb-7010993,mtbproject,https://www.mtbproject.com/trail/7010993/maricopa-trail-white-tank-grand-avenue,Maricopa Trail: White Tank - Grand Avenue,33.5851,-112.4961,point_trailhead,33.5851,-112.4961,,,,12.7,4.3,mtbproject_avg,,3,greenBlue,,"Citrus Park, Arizona",Arizona,United States,,,,mtbproject_trailhead,difficulty=greenBlue
mtb-4848396,mtbproject,https://www.mtbproject.com/trail/4848396/sonoran-desert-loop,Sonoran Desert Loop,33.7684,-112.0442,point_trailhead,33.7684,-112.0442,,,,13.4,4.2,mtbproject_avg,,29,greenBlue,,"Cave Creek, Arizona",Arizona,United States,,,,mtbproject_trailhead,difficulty=greenBlue
mtb-2501604,mtbproject,https://www.mtbproject.com/trail/2501604/pemberton-loop,Pemberton Loop,33.6902,-111.7183,point_trailhead,33.6902,-111.7183,,,,15.4,4.1,mtbproject_avg,,43,greenBlue,,"Rio Verde, Arizona",Arizona,United States,,,,mtbproject_trailhead,difficulty=greenBlue
mtb-7013387,mtbproject,https://www.mtbproject.com/trail/7013387/browns-ranch-perimeter-loop,Brown's Ranch Perimeter Loop,33.7617,-111.8422,point_trailhead,33.7617,-111.8422,,,,15.6,4.5,mtbproject_avg,,23,greenBlue,,"Carefree, Arizona",Arizona,United States,,,,mtbproject_trailhead,difficulty=greenBlue
mtb-7004148,mtbproject,https://www.mtbproject.com/trail/7004148/apache-wash-loop,Apache Wash Loop,33.7713,-112.0488,point_trailhead,33.7713,-112.0488,,,,6.2,4.1,mtbproject_avg,,19,greenBlue,,"Cave Creek, Arizona",Arizona,United States,,,,mtbproject_trailhead,difficulty=greenBlue
mtb-7014397,mtbproject,https://www.mtbproject.com/trail/7014397/tonto-tank-trail,Tonto Tank Trail,33.6852,-111.7704,point_trailhead,33.6852,-111.7704,,,,2.7,5.0,mtbproject_avg,,1,green,,"Rio Verde, Arizona",Arizona,United States,,,,mtbproject_trailhead,difficulty=green
mtb-7009162,mtbproject,https://www.mtbproject.com/trail/7009162/latigo-trail,Latigo Trail,33.7582,-111.8433,point_trailhead,33.7582,-111.8433,,,,2.0,4.8,mtbproject_avg,,4,green,,"Carefree, Arizona",Arizona,United States,,,,mtbproject_trailhead,difficulty=green
mtb-7009370,mtbproject,https://www.mtbproject.com/trail/7009370/cone-mountain-trail,Cone Mountain Trail,33.7731,-111.8522,point_trailhead,33.7731,-111.8522,,,,1.9,4.5,mtbproject_avg,,4,greenBlue,,"Carefree, Arizona",Arizona,United States,,,,mtbproject_trailhead,difficulty=greenBlue
mtb-647570,mtbproject,https://www.mtbproject.com/trail/647570/quartz-trail,Quartz Trail,33.8374,-111.9862,point_trailhead,33.8374,-111.9862,,,,1.4,4.5,mtbproject_avg,,2,greenBlue,,"Cave Creek, Arizona",Arizona,United States,,,,mtbproject_trailhead,difficulty=greenBlue
mtb-7011741,mtbproject,https://www.mtbproject.com/trail/7011741/ocotillo-trail,Ocotillo Trail,33.7687,-112.044,point_trailhead,33.7687,-112.044,,,,6.3,4.3,mtbproject_avg,,3,greenBlue,,"Cave Creek, Arizona",Arizona,United States,,,,mtbproject_trailhead,difficulty=greenBlue
mtb-7012695,mtbproject,https://www.mtbproject.com/trail/7012695/granite-mountain-loop-trail,Granite Mountain Loop Trail,33.7701,-111.7984,point_trailhead,33.7701,-111.7984,,,,4.6,4.3,mtbproject_avg,,3,greenBlue,,"Rio Verde, Arizona",Arizona,United States,,,,mtbproject_trailhead,difficulty=greenBlue
mtb-7009191,mtbproject,https://www.mtbproject.com/trail/7009191/whiskey-bottle-trail,Whiskey Bottle Trail,33.7464,-111.7954,point_trailhead,33.7464,-111.7954,,,,3.1,4.3,mtbproject_avg,,3,greenBlue,,"Rio Verde, Arizona",Arizona,United States,,,,mtbproject_trailhead,difficulty=greenBlue
mtb-7009302,mtbproject,https://www.mtbproject.com/trail/7009302/hawknest-trail,Hawknest Trail,33.8068,-111.7871,point_trailhead,33.8068,-111.7871,,,,6.9,4.2,mtbproject_avg,,6,greenBlue,,"Carefree, Arizona",Arizona,United States,,,,mtbproject_trailhead,difficulty=greenBlue
mtb-7012329,mtbproject,https://www.mtbproject.com/trail/7012329/gateway-trail,Gateway Trail,33.8112,-111.9791,point_trailhead,33.8112,-111.9791,,,,1.5,4.0,mtbproject_avg,,3,greenBlue,,"Cave Creek, Arizona",Arizona,United States,,,,mtbproject_trailhead,difficulty=greenBlue
mtb-7004149,mtbproject,https://www.mtbproject.com/trail/7004149/cliff-walk-trail,Cliff Walk Trail,33.7697,-112.0182,point_trailhead,33.7697,-112.0182,,,,2.9,4.0,mtbproject_avg,,3,green,,"Cave Creek, Arizona",Arizona,United States,,,,mtbproject_trailhead,difficulty=green
mtb-7004145,mtbproject,https://www.mtbproject.com/trail/7004145/esplanade-trail,Esplanade Trail,33.7712,-112.0355,point_trailhead,33.7712,-112.0355,,,,3.4,4.0,mtbproject_avg,,2,green,,"Cave Creek, Arizona",Arizona,United States,,,,mtbproject_trailhead,difficulty=green
mtb-4857187,mtbproject,https://www.mtbproject.com/trail/4857187/cholla-mountain-loop,Cholla Mountain Loop,33.7795,-111.822,point_trailhead,33.7795,-111.822,,,,3.1,4.0,mtbproject_avg,,2,greenBlue,,"Carefree, Arizona",Arizona,United States,,,,mtbproject_trailhead,difficulty=greenBlue
mtb-7012588,mtbproject,https://www.mtbproject.com/trail/7012588/branding-iron-trail,Branding Iron Trail,33.7886,-111.8109,point_trailhead,33.7886,-111.8109,,,,0.9,4.0,mtbproject_avg,,2,green,,"Carefree, Arizona",Arizona,United States,,,,mtbproject_trailhead,difficulty=green
mtb-7013388,mtbproject,https://www.mtbproject.com/trail/7013388/wagner,Wagner,33.6942,-111.7309,point_trailhead,33.6942,-111.7309,,,,1.1,4.0,mtbproject_avg,,2,green,,"Rio Verde, Arizona",Arizona,United States,,,,mtbproject_trailhead,difficulty=green
mtb-7004150,mtbproject,https://www.mtbproject.com/trail/7004150/badger-brawl-trail,Badger Brawl Trail,33.784,-111.9957,point_trailhead,33.784,-111.9957,,,,3.4,3.8,mtbproject_avg,,5,green,,"Cave Creek, Arizona",Arizona,United States,,,,mtbproject_trailhead,difficulty=green
mtb-5121292,mtbproject,https://www.mtbproject.com/trail/5121292/sport-loop,Sport Loop,33.6692,-111.7021,point_trailhead,33.6692,-111.7021,,,,3.0,4.6,mtbproject_avg,,18,greenBlue,,"Fountain Hills, Arizona",Arizona,United States,,,,mtbproject_trailhead,difficulty=greenBlue
mtb-7022869,mtbproject,https://www.mtbproject.com/trail/7022869/trw-trail,TRW Trail,33.503,-111.6842,point_trailhead,33.503,-111.6842,,,,2.0,4.5,mtbproject_avg,,6,greenBlue,,"Fountain Hills, Arizona",Arizona,United States,,,,mtbproject_trailhead,difficulty=greenBlue
mtb-7024987,mtbproject,https://www.mtbproject.com/trail/7024987/wild-horse-trail,Wild Horse Trail,33.5219,-111.6589,point_trailhead,33.5219,-111.6589,,,,3.5,4.4,mtbproject_avg,,5,greenBlue,,"Fountain Hills, Arizona",Arizona,United States,,,,mtbproject_trailhead,difficulty=greenBlue
mtb-4210312,mtbproject,https://www.mtbproject.com/trail/4210312/moon-rock,Moon Rock,33.4638,-111.6153,point_trailhead,33.4638,-111.6153,,,,1.5,4.3,mtbproject_avg,,4,greenBlue,,"Apache Junction, Arizona",Arizona,United States,,,,mtbproject_trailhead,difficulty=greenBlue
mtb-7013386,mtbproject,https://www.mtbproject.com/trail/7013386/tortoise,Tortoise,33.6898,-111.7192,point_trailhead,33.6898,-111.7192,,,,0.7,4.0,mtbproject_avg,,2,greenBlue,,"Rio Verde, Arizona",Arizona,United States,,,,mtbproject_trailhead,difficulty=greenBlue
mtb-7013385,mtbproject,https://www.mtbproject.com/trail/7013385/shallmo-wash,Shallmo Wash,33.673,-111.7022,point_trailhead,33.673,-111.7022,,,,1.8,4.0,mtbproject_avg,,1,greenBlue,,"Rio Verde, Arizona",Arizona,United States,,,,mtbproject_trailhead,difficulty=greenBlue
mtb-7035194,mtbproject,https://www.mtbproject.com/trail/7035194/goat-trail,Goat Trail,33.5051,-111.6441,point_trailhead,33.5051,-111.6441,,,,0.7,5.0,mtbproject_avg,,1,dblack,,"Fountain Hills, Arizona",Arizona,United States,,,,mtbproject_trailhead,difficulty=dblack
mtb-7035193,mtbproject,https://www.mtbproject.com/trail/7035193/cactus-garden,Cactus Garden,33.4959,-111.6449,point_trailhead,33.4959,-111.6449,,,,0.9,4.0,mtbproject_avg,,1,dblack,,"Apache Junction, Arizona",Arizona,United States,,,,mtbproject_trailhead,difficulty=dblack
mtb-7024714,mtbproject,https://www.mtbproject.com/trail/7024714/skidmarks-trail,Skidmarks Trail,33.3573,-104.3414,point_trailhead,33.3573,-104.3414,,,,2.8,4.2,mtbproject_avg,,5,greenBlue,,"Dexter, New Mexico",New Mexico,United States,,,,mtbproject_trailhead,difficulty=greenBlue
mtb-7030466,mtbproject,https://www.mtbproject.com/trail/7030466/dorba-trail-green-loop,DORBA Trail - Green Loop,33.4278,-97.0606,point_trailhead,33.4278,-97.0606,,,,1.8,4.0,mtbproject_avg,,1,greenBlue,,"Pilot Point, Texas",Texas,United States,,,,mtbproject_trailhead,difficulty=greenBlue
mtb-7030454,mtbproject,https://www.mtbproject.com/trail/7030454/dorba-trail-orange-loop,DORBA Trail - Orange Loop,33.4273,-97.0582,point_trailhead,33.4273,-97.0582,,,,1.2,4.0,mtbproject_avg,,1,greenBlue,,"Pilot Point, Texas",Texas,United States,,,,mtbproject_trailhead,difficulty=greenBlue
mtb-7030468,mtbproject,https://www.mtbproject.com/trail/7030468/dorba-trail-yellow-loop,DORBA Trail - Yellow Loop,33.4119,-97.061,point_trailhead,33.4119,-97.061,,,,1.0,4.0,mtbproject_avg,,1,blue,,"Pilot Point, Texas",Texas,United States,,,,mtbproject_trailhead,mtbproject type=Connector
mtb-7030455,mtbproject,https://www.mtbproject.com/trail/7030455/dorba-trail-blue-loop,DORBA Trail - Blue Loop,33.4229,-97.0546,point_trailhead,33.4229,-97.0546,,,,1.0,4.0,mtbproject_avg,,1,greenBlue,,"Pilot Point, Texas",Texas,United States,,,,mtbproject_trailhead,difficulty=greenBlue
mtb-7030465,mtbproject,https://www.mtbproject.com/trail/7030465/dorba-trail-pink-loop,DORBA Trail - Pink Loop,33.4281,-97.0602,point_trailhead,33.4281,-97.0602,,,,0.7,4.0,mtbproject_avg,,1,greenBlue,,"Pilot Point, Texas",Texas,United States,,,,mtbproject_trailhead,difficulty=greenBlue
mtb-7003918,mtbproject,https://www.mtbproject.com/trail/7003918/easy-rider,Easy Rider,33.8442,-95.5318,point_trailhead,33.8442,-95.5318,,,,0.1,5.0,mtbproject_avg,,1,green,,"Powderly, Texas",Texas,United States,,,,mtbproject_trailhead,difficulty=green
mtb-7003700,mtbproject,https://www.mtbproject.com/trail/7003700/deer-run,Deer Run,33.8466,-95.5341,point_trailhead,33.8466,-95.5341,,,,0.7,5.0,mtbproject_avg,,1,greenBlue,,"Powderly, Texas",Texas,United States,,,,mtbproject_trailhead,difficulty=greenBlue
mtb-7003697,mtbproject,https://www.mtbproject.com/trail/7003697/bottom-bracket,Bottom Bracket,33.8442,-95.5314,point_trailhead,33.8442,-95.5314,,,,2.4,5.0,mtbproject_avg,,1,greenBlue,,"Powderly, Texas",Texas,United States,,,,mtbproject_trailhead,difficulty=greenBlue
mtb-7003693,mtbproject,https://www.mtbproject.com/trail/7003693/inner-loop,Inner Loop,33.8517,-95.5328,point_trailhead,33.8517,-95.5328,,,,1.9,5.0,mtbproject_avg,,1,greenBlue,,"Powderly, Texas",Texas,United States,,,,mtbproject_trailhead,difficulty=greenBlue
mtb-7003695,mtbproject,https://www.mtbproject.com/trail/7003695/lower-bedford,Lower Bedford,33.8522,-95.5328,point_trailhead,33.8522,-95.5328,,,,1.4,5.0,mtbproject_avg,,1,greenBlue,,"Powderly, Texas",Texas,United States,,,,mtbproject_trailhead,difficulty=greenBlue
mtb-7015869,mtbproject,https://www.mtbproject.com/trail/7015869/high-ore-line-trail,High Ore Line Trail,33.4563,-86.9223,point_trailhead,33.4563,-86.9223,,,,1.9,5.0,mtbproject_avg,,1,green,,"Midfield, Alabama",Alabama,United States,,,,mtbproject_trailhead,difficulty=green
mtb-7018841,mtbproject,https://www.mtbproject.com/trail/7018841/five-mile-creek-segment-3-cane-creek-branch-rail-to-trail-greenway-iii,Five Mile Creek - Segment 3: Cane Creek Branch Rail-to-Trail Greenway III,33.6217,-86.7993,point_trailhead,33.6217,-86.7993,,,,3.5,5.0,mtbproject_avg,,1,green,,"Fultondale, Alabama",Alabama,United States,,,,mtbproject_trailhead,difficulty=green
mtb-7027883,mtbproject,https://www.mtbproject.com/trail/7027883/horse-creek-trail,Horse Creek Trail,33.7275,-87.0879,point_trailhead,33.7275,-87.0879,,,,3.3,4.0,mtbproject_avg,,1,green,,"Dora, Alabama",Alabama,United States,,,,mtbproject_trailhead,difficulty=green
mtb-228711,mtbproject,https://www.mtbproject.com/trail/228711/baby-bear,Baby Bear,33.6088,-85.9162,point_trailhead,33.6088,-85.9162,,,,1.1,5.0,mtbproject_avg,,6,green,,"Bynum, Alabama",Alabama,United States,,,,mtbproject_trailhead,difficulty=green
mtb-7004955,mtbproject,https://www.mtbproject.com/trail/7004955/goldilocks-dh-back-to-bears,Goldilocks DH back to Bears,33.6244,-85.8861,point_trailhead,33.6244,-85.8861,,,,1.1,5.0,mtbproject_avg,,1,greenBlue,,"West End-Cobb Town, Alabama",Alabama,United States,,,,mtbproject_trailhead,difficulty=greenBlue
mtb-228476,mtbproject,https://www.mtbproject.com/trail/228476/mama-bear,Mama Bear,33.6088,-85.91,point_trailhead,33.6088,-85.91,,,,2.1,4.5,mtbproject_avg,,6,greenBlue,,"Bynum, Alabama",Alabama,United States,,,,mtbproject_trailhead,difficulty=greenBlue
mtb-254786,mtbproject,https://www.mtbproject.com/trail/254786/papa-bear,Papa Bear,33.6143,-85.9051,point_trailhead,33.6143,-85.9051,,,,2.2,4.5,mtbproject_avg,,4,greenBlue,,"Bynum, Alabama",Alabama,United States,,,,mtbproject_trailhead,difficulty=greenBlue
mtb-4954883,mtbproject,https://www.mtbproject.com/trail/4954883/trillium,Trillium,33.6292,-85.874,point_trailhead,33.6292,-85.874,,,,0.7,4.3,mtbproject_avg,,3,greenBlue,,"West End-Cobb Town, Alabama",Alabama,United States,,,,mtbproject_trailhead,difficulty=greenBlue
mtb-7012793,mtbproject,https://www.mtbproject.com/trail/7012793/dirty-sheets-gravel-loop,Dirty Sheets Gravel Loop,33.5713,-84.7133,point_trailhead,33.5713,-84.7133,,,,20.7,4.5,mtbproject_avg,,6,greenBlue,,"Chattahoochee Hills, Georgia",Georgia,United States,,,,mtbproject_trailhead,difficulty=greenBlue
mtb-6491880,mtbproject,https://www.mtbproject.com/trail/6491880/helter-skelter,Helter Skelter,33.7042,-84.8721,point_trailhead,33.7042,-84.8721,,,,0.8,4.0,mtbproject_avg,,2,greenBlue,,"Villa Rica, Georgia",Georgia,United States,,,,mtbproject_trailhead,difficulty=greenBlue
mtb-6491228,mtbproject,https://www.mtbproject.com/trail/6491228/nature-trail,Nature Trail,33.7085,-84.8678,point_trailhead,33.7085,-84.8678,,,,1.0,4.0,mtbproject_avg,,2,greenBlue,,"Villa Rica, Georgia",Georgia,United States,,,,mtbproject_trailhead,difficulty=greenBlue
mtb-7012792,mtbproject,https://www.mtbproject.com/trail/7012792/yellow-trail,Yellow Trail,33.5717,-84.715,point_trailhead,33.5717,-84.715,,,,5.7,4.7,mtbproject_avg,,10,greenBlue,,"Chattahoochee Hills, Georgia",Georgia,United States,,,,mtbproject_trailhead,difficulty=greenBlue
mtb-7033018,mtbproject,https://www.mtbproject.com/trail/7033018/mill-trail,Mill Trail,33.8254,-84.6496,point_trailhead,33.8254,-84.6496,,,,0.9,5.0,mtbproject_avg,,1,green,,"Austell, Georgia",Georgia,United States,,,,mtbproject_trailhead,difficulty=green
mtb-7033016,mtbproject,https://www.mtbproject.com/trail/7033016/station-trail,Station Trail,33.8284,-84.6479,point_trailhead,33.8284,-84.6479,,,,1.0,5.0,mtbproject_avg,,1,green,,"Austell, Georgia",Georgia,United States,,,,mtbproject_trailhead,difficulty=green
mtb-7013854,mtbproject,https://www.mtbproject.com/trail/7013854/upper-wooton-road,Upper Wooton Road,33.5745,-84.7769,point_trailhead,33.5745,-84.7769,,,,4.6,4.0,mtbproject_avg,,2,greenBlue,,"Chattahoochee Hills, Georgia",Georgia,United States,,,,mtbproject_trailhead,difficulty=greenBlue
mtb-4816845,mtbproject,https://www.mtbproject.com/trail/4816845/great-wall,Great Wall,33.6065,-82.0841,point_trailhead,33.6065,-82.0841,,,,6.8,4.8,mtbproject_avg,,13,greenBlue,,"Murphys Estates, South Carolina",South Carolina,United States,,,,mtbproject_trailhead,difficulty=greenBlue
mtb-4817011,mtbproject,https://www.mtbproject.com/trail/4817011/brown-wave,Brown Wave,33.5954,-82.0769,point_trailhead,33.5954,-82.0769,,,,4.8,4.8,mtbproject_avg,,10,greenBlue,,"Murphys Estates, South Carolina",South Carolina,United States,,,,mtbproject_trailhead,difficulty=greenBlue
mtb-4817137,mtbproject,https://www.mtbproject.com/trail/4817137/skinny,Skinny,33.6052,-82.084,point_trailhead,33.6052,-82.084,,,,5.5,4.7,mtbproject_avg,,11,greenBlue,,"Murphys Estates, South Carolina",South Carolina,United States,,,,mtbproject_trailhead,difficulty=greenBlue
mtb-7026266,mtbproject,https://www.mtbproject.com/trail/7026266/hi-knot-west,Hi Knot West,33.8015,-80.5428,point_trailhead,33.8015,-80.5428,,,,0.8,5.0,mtbproject_avg,,1,greenBlue,,"Wedgewood, South Carolina",South Carolina,United States,,,,mtbproject_trailhead,difficulty=greenBlue
mtb-5975606,mtbproject,https://www.mtbproject.com/trail/5975606/scout-loop-orange-blaze,Scout Loop (Orange Blaze),33.8053,-80.5472,point_trailhead,33.8053,-80.5472,,,,1.9,4.5,mtbproject_avg,,2,greenBlue,,"Wedgefield, South Carolina",South Carolina,United States,,,,mtbproject_trailhead,difficulty=greenBlue
mtb-5976159,mtbproject,https://www.mtbproject.com/trail/5976159/splice-trail,Splice Trail,33.8053,-80.5472,point_trailhead,33.8053,-80.5472,,,,1.1,4.5,mtbproject_avg,,2,greenBlue,,"Wedgewood, South Carolina",South Carolina,United States,,,,mtbproject_trailhead,difficulty=greenBlue
mtb-5976284,mtbproject,https://www.mtbproject.com/trail/5976284/laurel-trail,Laurel Trail,33.8031,-80.5411,point_trailhead,33.8031,-80.5411,,,,0.8,4.5,mtbproject_avg,,2,green,,"Wedgewood, South Carolina",South Carolina,United States,,,,mtbproject_trailhead,difficulty=green
mtb-5974886,mtbproject,https://www.mtbproject.com/trail/5974886/coquina-trail,Coquina Trail,33.8048,-80.5483,point_trailhead,33.8048,-80.5483,,,,1.5,4.3,mtbproject_avg,,3,greenBlue,,"Wedgefield, South Carolina",South Carolina,United States,,,,mtbproject_trailhead,difficulty=greenBlue
mtb-5976433,mtbproject,https://www.mtbproject.com/trail/5976433/levis-run,Levi's Run,33.8059,-80.5438,point_trailhead,33.8059,-80.5438,,,,0.4,4.0,mtbproject_avg,,1,green,,"Wedgefield, South Carolina",South Carolina,United States,,,,mtbproject_trailhead,difficulty=green
mtb-7002890,mtbproject,https://www.mtbproject.com/trail/7002890/the-hulk,The Hulk,33.7521,-78.8516,point_trailhead,33.7521,-78.8516,,,,6.4,4.0,mtbproject_avg,,15,greenBlue,,"Myrtle Beach, South Carolina",South Carolina,United States,,,,mtbproject_trailhead,difficulty=greenBlue
mtb-547528,mtbproject,https://www.mtbproject.com/trail/547528/backbone-trail-encinal-canyon,Backbone Trail: Encinal Canyon,34.0856,-118.8628,point_trailhead,34.0856,-118.8628,,,,10.2,4.3,mtbproject_avg,,31,greenBlue,,"Thousand Oaks, California",California,United States,,,,mtbproject_trailhead,difficulty=greenBlue
mtb-7010820,mtbproject,https://www.mtbproject.com/trail/7010820/backbone-trail-yerba-buena-section,Backbone Trail: Yerba Buena Section,34.1071,-118.896,point_trailhead,34.1071,-118.896,,,,4.7,4.0,mtbproject_avg,,4,greenBlue,,"Thousand Oaks, California",California,United States,,,,mtbproject_trailhead,difficulty=greenBlue
mtb-7024980,mtbproject,https://www.mtbproject.com/trail/7024980/arroyo-conejo-trail,Arroyo Conejo Trail,34.1911,-118.9111,point_trailhead,34.1911,-118.9111,,,,2.0,4.0,mtbproject_avg,,2,greenBlue,,"Casa Conejo, California",California,United States,,,,mtbproject_trailhead,difficulty=greenBlue
mtb-7021242,mtbproject,https://www.mtbproject.com/trail/7021242/backbone-trail-encincal-canyon-rd-to-etz-meloy-bypass,Backbone Trail: Encincal Canyon Rd to Etz Meloy Bypass,34.0856,-118.8628,point_trailhead,34.0856,-118.8628,,,,5.1,4.0,mtbproject_avg,,1,greenBlue,,"Thousand Oaks, California",California,United States,,,,mtbproject_trailhead,difficulty=greenBlue
mtb-7012006,mtbproject,https://www.mtbproject.com/trail/7012006/sycamore-trail-los-robles-trail-connector,Sycamore Trail - Los Robles Trail Connector,34.1537,-118.9506,point_trailhead,34.1537,-118.9506,,,,0.6,4.0,mtbproject_avg,,1,greenBlue,,"Casa Conejo, California",California,United States,,,,mtbproject_trailhead,difficulty=greenBlue
mtb-5202998,mtbproject,https://www.mtbproject.com/trail/5202998/china-flat-and-dead-cow-connector,China Flat and Dead Cow Connector,34.2074,-118.7685,point_trailhead,34.2074,-118.7685,,,,0.6,4.0,mtbproject_avg,,1,blue,,"Oak Park, California",California,United States,,,,mtbproject_trailhead,mtbproject type=Connector
mtb-5194543,mtbproject,https://www.mtbproject.com/trail/5194543/sullivan-canyon,Sullivan Canyon,34.1217,-118.5287,point_trailhead,34.1217,-118.5287,,,,4.4,4.2,mtbproject_avg,,14,greenBlue,,"Topanga, California",California,United States,,,,mtbproject_trailhead,difficulty=greenBlue
mtb-5201999,mtbproject,https://www.mtbproject.com/trail/5201999/cheeseboro-canyon-trail,Cheeseboro Canyon Trail,34.1544,-118.7333,point_trailhead,34.1544,-118.7333,,,,4.4,4.2,mtbproject_avg,,6,greenBlue,,"Agoura, California",California,United States,,,,mtbproject_trailhead,difficulty=greenBlue
mtb-7008890,mtbproject,https://www.mtbproject.com/trail/7008890/canyon-back-trail,Canyon Back Trail,34.1282,-118.5027,point_trailhead,34.1282,-118.5027,,,,4.3,3.8,mtbproject_avg,,5,greenBlue,,"Sherman Oaks, California",California,United States,,,,mtbproject_trailhead,difficulty=greenBlue
mtb-7031684,mtbproject,https://www.mtbproject.com/trail/7031684/mulholland-palisades,Mulholland - Palisades,34.1536,-118.5814,point_trailhead,34.1536,-118.5814,,,,18.0,4.0,mtbproject_avg,,1,greenBlue,,"Woodland Hills, California",California,United States,,,,mtbproject_trailhead,difficulty=greenBlue
mtb-7027852,mtbproject,https://www.mtbproject.com/trail/7027852/stough-canyon-fire-road,Stough Canyon Fire Road,34.2133,-118.3071,point_trailhead,34.2133,-118.3071,,,,1.1,4.0,mtbproject_avg,,1,greenBlue,,"Burbank, California",California,United States,,,,mtbproject_trailhead,difficulty=greenBlue
mtb-7027891,mtbproject,https://www.mtbproject.com/trail/7027891/verdugo-crest-section,Verdugo Crest Section,34.2206,-118.2945,point_trailhead,34.2206,-118.2945,,,,0.4,4.0,mtbproject_avg,,1,dblack,,"Burbank, California",California,United States,,,,mtbproject_trailhead,difficulty=dblack
mtb-7027890,mtbproject,https://www.mtbproject.com/trail/7027890/verdugo-crest-section,Verdugo Crest Section,34.2206,-118.2914,point_trailhead,34.2206,-118.2914,,,,0.2,4.0,mtbproject_avg,,1,dblack,,"Burbank, California",California,United States,,,,mtbproject_trailhead,difficulty=dblack
mtb-7032106,mtbproject,https://www.mtbproject.com/trail/7032106/summer-hill-ranch-road,Summer Hill Ranch Road,34.1253,-118.5828,point_trailhead,34.1253,-118.5828,,,,0.7,4.0,mtbproject_avg,,1,greenBlue,,"Topanga, California",California,United States,,,,mtbproject_trailhead,difficulty=greenBlue
mtb-7032154,mtbproject,https://www.mtbproject.com/trail/7032154/ed-edelman-north-loop-access,Ed Edelman North Loop Access,34.1352,-118.5989,point_trailhead,34.1352,-118.5989,,,,0.3,4.0,mtbproject_avg,,1,greenBlue,,"Woodland Hills, California",California,United States,,,,mtbproject_trailhead,difficulty=greenBlue
mtb-5240750,mtbproject,https://www.mtbproject.com/trail/5240750/gabrielino-trail-jpl-to-the-usfs-dam,Gabrielino Trail: JPL to the USFS Dam,34.1935,-118.1684,point_trailhead,34.1935,-118.1684,,,,8.8,3.9,mtbproject_avg,,32,greenBlue,,"La Cañada Flintridge, California",California,United States,,,,mtbproject_trailhead,difficulty=greenBlue
mtb-7020418,mtbproject,https://www.mtbproject.com/trail/7020418/west-fork-national-scenic-bikeway,West Fork National Scenic Bikeway,34.2412,-117.8686,point_trailhead,34.2412,-117.8686,,,,14.5,4.2,mtbproject_avg,,6,green,,"Glendora, California",California,United States,,,,mtbproject_trailhead,difficulty=green
mtb-5007344,mtbproject,https://www.mtbproject.com/trail/5007344/marshall-canyon-trail,Marshall Canyon Trail,34.1283,-117.7713,point_trailhead,34.1283,-117.7713,,,,2.6,4.2,mtbproject_avg,,6,greenBlue,,"La Verne, California",California,United States,,,,mtbproject_trailhead,difficulty=greenBlue
mtb-5128731,mtbproject,https://www.mtbproject.com/trail/5128731/schabarum-trail-extension,Schabarum Trail Extension,33.9763,-117.9304,point_trailhead,33.9763,-117.9304,,,,2.4,4.5,mtbproject_avg,,2,greenBlue,,"Rowland Heights, California",California,United States,,,,mtbproject_trailhead,difficulty=greenBlue
mtb-3418509,mtbproject,https://www.mtbproject.com/trail/3418509/brea-dam-trail,Brea Dam Trail,33.9024,-117.9281,point_trailhead,33.9024,-117.9281,,,,1.3,4.0,mtbproject_avg,,2,greenBlue,,"Fullerton, California",California,United States,,,,mtbproject_trailhead,difficulty=greenBlue
mtb-3417468,mtbproject,https://www.mtbproject.com/trail/3417468/hiltscher-park-trail,Hiltscher Park Trail,33.8894,-117.9318,point_trailhead,33.8894,-117.9318,,,,1.0,4.0,mtbproject_avg,,2,green,,"Fullerton, California",California,United States,,,,mtbproject_trailhead,difficulty=green
mtb-7031733,mtbproject,https://www.mtbproject.com/trail/7031733/alosta-canyon,Alosta Canyon,34.1269,-117.8502,point_trailhead,34.1269,-117.8502,,,,0.6,4.0,mtbproject_avg,,2,greenBlue,,"Glendora, California",California,United States,,,,mtbproject_trailhead,difficulty=greenBlue
mtb-7031732,mtbproject,https://www.mtbproject.com/trail/7031732/bonnie-cove-west,Bonnie Cove West,34.1179,-117.8553,point_trailhead,34.1179,-117.8553,,,,0.3,4.0,mtbproject_avg,,2,greenBlue,,"Charter Oak, California",California,United States,,,,mtbproject_trailhead,difficulty=greenBlue
mtb-7031730,mtbproject,https://www.mtbproject.com/trail/7031730/bonnie-cove-east,Bonnie Cove East,34.1182,-117.8546,point_trailhead,34.1182,-117.8546,,,,0.3,4.0,mtbproject_avg,,2,greenBlue,,"Charter Oak, California",California,United States,,,,mtbproject_trailhead,difficulty=greenBlue
mtb-7031735,mtbproject,https://www.mtbproject.com/trail/7031735/east-view-south-fork,East View South Fork,34.1243,-117.8525,point_trailhead,34.1243,-117.8525,,,,0.3,4.0,mtbproject_avg,,2,greenBlue,,"Glendora, California",California,United States,,,,mtbproject_trailhead,difficulty=greenBlue
mtb-7031734,mtbproject,https://www.mtbproject.com/trail/7031734/north-spur,North Spur,34.122,-117.8538,point_trailhead,34.122,-117.8538,,,,0.3,4.0,mtbproject_avg,,2,green,,"Glendora, California",California,United States,,,,mtbproject_trailhead,difficulty=green
mtb-3420169,mtbproject,https://www.mtbproject.com/trail/3420169/parks-road-trail,Parks Road Trail,33.8859,-117.9496,point_trailhead,33.8859,-117.9496,,,,1.2,4.0,mtbproject_avg,,1,greenBlue,,"Fullerton, California",California,United States,,,,mtbproject_trailhead,difficulty=greenBlue
mtb-4884814,mtbproject,https://www.mtbproject.com/trail/4884814/freeway,Freeway,33.9957,-118.0061,point_trailhead,33.9957,-118.0061,,,,0.5,4.0,mtbproject_avg,,1,greenBlue,,"Hacienda Heights, California",California,United States,,,,mtbproject_trailhead,difficulty=greenBlue
mtb-7001107,mtbproject,https://www.mtbproject.com/trail/7001107/park-view-trail,Park View Trail,34.078,-117.7914,point_trailhead,34.078,-117.7914,,,,1.1,4.0,mtbproject_avg,,1,blue,,"San Dimas, California",California,United States,,,,mtbproject_trailhead,mtbproject type=Connector
mtb-7001127,mtbproject,https://www.mtbproject.com/trail/7001127/lower-bee-hive-trail,Lower Bee Hive Trail,34.0849,-117.8147,point_trailhead,34.0849,-117.8147,,,,0.5,4.0,mtbproject_avg,,1,green,,"San Dimas, California",California,United States,,,,mtbproject_trailhead,difficulty=green
mtb-7002886,mtbproject,https://www.mtbproject.com/trail/7002886/four-corners-loop-raptor-to-southridge,Four Corners Loop: Raptor to Southridge,33.9225,-117.7382,point_trailhead,33.9225,-117.7382,,,,5.7,4.0,mtbproject_avg,,1,greenBlue,,"Los Serranos, California",California,United States,,,,mtbproject_trailhead,difficulty=greenBlue
mtb-7030254,mtbproject,https://www.mtbproject.com/trail/7030254/cucamonga-road,Cucamonga Road,34.1678,-117.593,point_trailhead,34.1678,-117.593,,,,5.0,4.5,mtbproject_avg,,2,greenBlue,,"Rancho Cucamonga, California",California,United States,,,,mtbproject_trailhead,difficulty=greenBlue
mtb-5017954,mtbproject,https://www.mtbproject.com/trail/5017954/roller-coaster,Roller Coaster,34.1504,-117.7399,point_trailhead,34.1504,-117.7399,,,,0.8,4.0,mtbproject_avg,,4,greenBlue,,"Claremont, California",California,United States,,,,mtbproject_trailhead,difficulty=greenBlue
mtb-5017860,mtbproject,https://www.mtbproject.com/trail/5017860/johnson-pasture-rd,Johnson Pasture Rd,34.1447,-117.7085,point_trailhead,34.1447,-117.7085,,,,2.7,3.8,mtbproject_avg,,5,greenBlue,,"San Antonio Heights, California",California,United States,,,,mtbproject_trailhead,difficulty=greenBlue
mtb-7013493,mtbproject,https://www.mtbproject.com/trail/7013493/rolling-m-ranch-singletrack,Rolling M Ranch Singletrack,33.9213,-117.7041,point_trailhead,33.9213,-117.7041,,,,0.4,4.0,mtbproject_avg,,1,greenBlue,,"Los Serranos, California",California,United States,,,,mtbproject_trailhead,difficulty=greenBlue
mtb-7030255,mtbproject,https://www.mtbproject.com/trail/7030255/cucamonga-access-road,Cucamonga Access Road,34.1642,-117.6063,point_trailhead,34.1642,-117.6063,,,,1.4,4.0,mtbproject_avg,,1,greenBlue,,"San Antonio Heights, California",California,United States,,,,mtbproject_trailhead,difficulty=greenBlue
mtb-7032963,mtbproject,https://www.mtbproject.com/trail/7032963/jenks-lake-to-38-downhill,"Jenk's Lake to 38, Downhill",34.1653,-116.8835,point_trailhead,34.1653,-116.8835,,,,0.9,5.0,mtbproject_avg,,1,greenBlue,,"Big Bear Lake, California",California,United States,,,,mtbproject_trailhead,difficulty=greenBlue
mtb-7033356,mtbproject,https://www.mtbproject.com/trail/7033356/caroline-park,Caroline Park,34.0222,-117.1574,point_trailhead,34.0222,-117.1574,,,,1.4,4.0,mtbproject_avg,,1,green,,"Redlands, California",California,United States,,,,mtbproject_trailhead,difficulty=green
mtb-7034627,mtbproject,https://www.mtbproject.com/trail/7034627/upper-scott-canyon,Upper Scott Canyon,34.0287,-117.2357,point_trailhead,34.0287,-117.2357,,,,1.1,5.0,mtbproject_avg,,1,greenBlue,,"Loma Linda, California",California,United States,,,,mtbproject_trailhead,difficulty=greenBlue
mtb-7033647,mtbproject,https://www.mtbproject.com/trail/7033647/lower-workout,Lower Workout,34.087,-117.0704,point_trailhead,34.087,-117.0704,,,,2.8,5.0,mtbproject_avg,,1,greenBlue,,"Mentone, California",California,United States,,,,mtbproject_trailhead,difficulty=greenBlue
mtb-7004245,mtbproject,https://www.mtbproject.com/trail/7004245/mountain-home-trail,Mountain Home Trail,34.1051,-116.9903,point_trailhead,34.1051,-116.9903,,,,4.9,4.5,mtbproject_avg,,2,greenBlue,,"Yucaipa, California",California,United States,,,,mtbproject_trailhead,difficulty=greenBlue
mtb-301905,mtbproject,https://www.mtbproject.com/trail/301905/plantation,Plantation,34.217,-116.9447,point_trailhead,34.217,-116.9447,,,,0.6,4.5,mtbproject_avg,,2,greenBlue,,"Big Bear Lake, California",California,United States,,,,mtbproject_trailhead,difficulty=greenBlue
mtb-7005873,mtbproject,https://www.mtbproject.com/trail/7005873/three-hawks-trail,Three Hawks Trail,34.037,-117.0938,point_trailhead,34.037,-117.0938,,,,1.1,4.2,mtbproject_avg,,5,greenBlue,,"Yucaipa, California",California,United States,,,,mtbproject_trailhead,difficulty=greenBlue
mtb-7020298,mtbproject,https://www.mtbproject.com/trail/7020298/crafton-hills-ridge-trail,Crafton Hills Ridge Trail,34.0413,-117.0979,point_trailhead,34.0413,-117.0979,,,,5.7,4.0,mtbproject_avg,,3,greenBlue,,"Yucaipa, California",California,United States,,,,mtbproject_trailhead,difficulty=greenBlue
mtb-7030167,mtbproject,https://www.mtbproject.com/trail/7030167/going-green,Going Green,34.2202,-116.8923,point_trailhead,34.2202,-116.8923,,,,3.4,3.8,mtbproject_avg,,6,green,,"Big Bear Lake, California",California,United States,,,,mtbproject_trailhead,difficulty=green
mtb-7025442,mtbproject,https://www.mtbproject.com/trail/7025442/beaumont-ridge,Beaumont Ridge,34.0287,-117.2356,point_trailhead,34.0287,-117.2356,,,,0.7,4.0,mtbproject_avg,,1,greenBlue,,"Loma Linda, California",California,United States,,,,mtbproject_trailhead,difficulty=greenBlue
mtb-7027591,mtbproject,https://www.mtbproject.com/trail/7027591/live-oak-canyon-trail,Live Oak Canyon Trail,34.0125,-117.1223,point_trailhead,34.0125,-117.1223,,,,0.8,4.0,mtbproject_avg,,1,greenBlue,,"Redlands, California",California,United States,,,,mtbproject_trailhead,difficulty=greenBlue
mtb-318491,mtbproject,https://www.mtbproject.com/trail/318491/lower-canyon-trail,Lower Canyon Trail,34.2263,-116.9366,point_trailhead,34.2263,-116.9366,,,,0.3,4.0,mtbproject_avg,,1,black,,"Big Bear Lake, California",California,United States,,,,mtbproject_trailhead,mtbproject type=Connector
mtb-7035023,mtbproject,https://www.mtbproject.com/trail/7035023/rattlesnake-trail,Rattlesnake Trail,34.0097,-117.1204,point_trailhead,34.0097,-117.1204,,,,2.3,4.0,mtbproject_avg,,1,greenBlue,,"Redlands, California",California,United States,,,,mtbproject_trailhead,difficulty=greenBlue
mtb-7034727,mtbproject,https://www.mtbproject.com/trail/7034727/woodhouse-road,Woodhouse Road,33.979,-117.0546,point_trailhead,33.979,-117.0546,,,,2.1,4.0,mtbproject_avg,,1,greenBlue,,"Calimesa, California",California,United States,,,,mtbproject_trailhead,difficulty=greenBlue
mtb-7033684,mtbproject,https://www.mtbproject.com/trail/7033684/central-park,Central Park,34.0828,-117.0497,point_trailhead,34.0828,-117.0497,,,,1.1,4.0,mtbproject_avg,,1,greenBlue,,"Yucaipa, California",California,United States,,,,mtbproject_trailhead,difficulty=greenBlue
mtb-7033682,mtbproject,https://www.mtbproject.com/trail/7033682/ranger-station,Ranger Station,34.0863,-117.0425,point_trailhead,34.0863,-117.0425,,,,1.3,4.0,mtbproject_avg,,1,greenBlue,,"Yucaipa, California",California,United States,,,,mtbproject_trailhead,difficulty=greenBlue
mtb-7033552,mtbproject,https://www.mtbproject.com/trail/7033552/sunset-canyon-trail,Sunset Canyon Trail,34.0239,-117.1604,point_trailhead,34.0239,-117.1604,,,,0.2,4.0,mtbproject_avg,,1,green,,"Redlands, California",California,United States,,,,mtbproject_trailhead,difficulty=green
mtb-7033358,mtbproject,https://www.mtbproject.com/trail/7033358/shelton-trail-east-north-fork-trail,Shelton Trail East (North Fork Trail),34.1228,-117.1569,point_trailhead,34.1228,-117.1569,,,,1.3,4.0,mtbproject_avg,,1,greenBlue,,"Highland, California",California,United States,,,,mtbproject_trailhead,difficulty=greenBlue
mtb-7032951,mtbproject,https://www.mtbproject.com/trail/7032951/fs-road-1e041,FS Road 1E04.1,34.1652,-116.8837,point_trailhead,34.1652,-116.8837,,,,0.6,4.0,mtbproject_avg,,1,greenBlue,,"Big Bear Lake, California",California,United States,,,,mtbproject_trailhead,difficulty=greenBlue
mtb-7032894,mtbproject,https://www.mtbproject.com/trail/7032894/cocomaricopa-trail,Cocomaricopa Trail,34.0328,-117.2077,point_trailhead,34.0328,-117.2077,,,,2.2,4.0,mtbproject_avg,,1,green,,"Redlands, California",California,United States,,,,mtbproject_trailhead,difficulty=green
mtb-7012116,mtbproject,https://www.mtbproject.com/trail/7012116/eastside-vista-descent,Eastside Vista Descent,34.1144,-116.2799,point_trailhead,34.1144,-116.2799,,,,1.1,4.3,mtbproject_avg,,3,greenBlue,,"Joshua Tree, California",California,United States,,,,mtbproject_trailhead,difficulty=greenBlue
mtb-7012274,mtbproject,https://www.mtbproject.com/trail/7012274/the-luge,The Luge,34.1104,-116.2794,point_trailhead,34.1104,-116.2794,,,,1.0,3.8,mtbproject_avg,,4,greenBlue,,"Joshua Tree, California",California,United States,,,,mtbproject_trailhead,difficulty=greenBlue
mtb-7007978,mtbproject,https://www.mtbproject.com/trail/7007978/chipmunk-springs,Chipmunk Springs,34.146,-109.8745,point_trailhead,34.146,-109.8745,,,,7.7,4.3,mtbproject_avg,,3,greenBlue,,"Pinetop-Lakeside, Arizona",Arizona,United States,,,,mtbproject_trailhead,difficulty=greenBlue
mtb-7007980,mtbproject,https://www.mtbproject.com/trail/7007980/country-club-632,Country Club #632,34.1418,-109.8921,point_trailhead,34.1418,-109.8921,,,,3.4,4.2,mtbproject_avg,,6,greenBlue,,"Pinetop-Lakeside, Arizona",Arizona,United States,,,,mtbproject_trailhead,difficulty=greenBlue
mtb-1557985,mtbproject,https://www.mtbproject.com/trail/1557985/land-of-the-pioneers-651,Land of the Pioneers (#651),34.2157,-109.72,point_trailhead,34.2157,-109.72,,,,8.7,4.0,mtbproject_avg,,2,greenBlue,,"Pinetop-Lakeside, Arizona",Arizona,United States,,,,mtbproject_trailhead,difficulty=greenBlue
mtb-4844334,mtbproject,https://www.mtbproject.com/trail/4844334/socorro-singletrack,Socorro Singletrack,34.0874,-106.9126,point_trailhead,34.0874,-106.9126,,,,8.4,3.8,mtbproject_avg,,9,greenBlue,,"Socorro, New Mexico",New Mexico,United States,,,,mtbproject_trailhead,difficulty=greenBlue
mtb-7031459,mtbproject,https://www.mtbproject.com/trail/7031459/quitaque-canyon-trail,Quitaque Canyon Trail,34.2986,-101.0978,point_trailhead,34.2986,-101.0978,,,,18.0,4.0,mtbproject_avg,,1,greenBlue,,"Silverton, Texas",Texas,United States,,,,mtbproject_trailhead,difficulty=greenBlue
mtb-7011000,mtbproject,https://www.mtbproject.com/trail/7011000/the-white-zone,The White Zone,34.2201,-93.1439,point_trailhead,34.2201,-93.1439,,,,4.7,4.6,mtbproject_avg,,16,greenBlue,,"Arkadelphia, Arkansas",Arkansas,United States,,,,mtbproject_trailhead,difficulty=greenBlue
mtb-7014596,mtbproject,https://www.mtbproject.com/trail/7014596/nester-trail,Nester Trail,34.2599,-88.8864,point_trailhead,34.2599,-88.8864,,,,4.8,4.0,mtbproject_avg,,1,green,,"Pontotoc, Mississippi",Mississippi,United States,,,,mtbproject_trailhead,difficulty=green
mtb-7010295,mtbproject,https://www.mtbproject.com/trail/7010295/baker-trail,Baker Trail,34.2612,-88.8947,point_trailhead,34.2612,-88.8947,,,,2.9,4.0,mtbproject_avg,,1,greenBlue,,"Pontotoc, Mississippi",Mississippi,United States,,,,mtbproject_trailhead,difficulty=greenBlue
mtb-7024264,mtbproject,https://www.mtbproject.com/trail/7024264/west-side-trail,West Side Trail,34.1964,-86.6907,point_trailhead,34.1964,-86.6907,,,,5.5,5.0,mtbproject_avg,,2,greenBlue,,"Cullman, Alabama",Alabama,United States,,,,mtbproject_trailhead,difficulty=greenBlue
mtb-5066525,mtbproject,https://www.mtbproject.com/trail/5066525/black-creek-trail,Black Creek Trail,34.042,-86.0212,point_trailhead,34.042,-86.0212,,,,1.7,5.0,mtbproject_avg,,3,greenBlue,,"Gadsden, Alabama",Alabama,United States,,,,mtbproject_trailhead,difficulty=greenBlue
mtb-5108901,mtbproject,https://www.mtbproject.com/trail/5108901/yellow-trail,Yellow Trail,34.0426,-86.0322,point_trailhead,34.0426,-86.0322,,,,0.5,5.0,mtbproject_avg,,3,greenBlue,,"Gadsden, Alabama",Alabama,United States,,,,mtbproject_trailhead,difficulty=greenBlue
mtb-4920107,mtbproject,https://www.mtbproject.com/trail/4920107/green-family-trail,Green Family Trail,34.041,-86.0284,point_trailhead,34.041,-86.0284,,,,0.5,5.0,mtbproject_avg,,2,green,,"Gadsden, Alabama",Alabama,United States,,,,mtbproject_trailhead,difficulty=green
mtb-5073879,mtbproject,https://www.mtbproject.com/trail/5073879/cascade-creek-trail,Cascade Creek Trail,34.0415,-86.028,point_trailhead,34.0415,-86.028,,,,0.5,5.0,mtbproject_avg,,1,green,,"Gadsden, Alabama",Alabama,United States,,,,mtbproject_trailhead,difficulty=green
mtb-2999971,mtbproject,https://www.mtbproject.com/trail/2999971/pinhoti-simms-mountain,Pinhoti - Simms Mountain,34.2926,-85.3407,point_trailhead,34.2926,-85.3407,,,,11.3,4.0,mtbproject_avg,,2,green,,"Rome, Georgia",Georgia,United States,,,,mtbproject_trailhead,difficulty=green
mtb-5545346,mtbproject,https://www.mtbproject.com/trail/5545346/sope-creek,Sope Creek,33.9042,-84.4455,point_trailhead,33.9042,-84.4455,,,,8.8,4.1,mtbproject_avg,,36,greenBlue,,"Vinings, Georgia",Georgia,United States,,,,mtbproject_trailhead,difficulty=greenBlue
mtb-6400688,mtbproject,https://www.mtbproject.com/trail/6400688/turtle-back,Turtle Back,34.0207,-84.7182,point_trailhead,34.0207,-84.7182,,,,4.4,4.7,mtbproject_avg,,11,greenBlue,,"Acworth, Georgia",Georgia,United States,,,,mtbproject_trailhead,difficulty=greenBlue
mtb-6448930,mtbproject,https://www.mtbproject.com/trail/6448930/mumbo-jumbo,Mumbo Jumbo,34.0209,-84.7181,point_trailhead,34.0209,-84.7181,,,,2.3,4.8,mtbproject_avg,,6,greenBlue,,"Acworth, Georgia",Georgia,United States,,,,mtbproject_trailhead,difficulty=greenBlue
mtb-7025196,mtbproject,https://www.mtbproject.com/trail/7025196/knuckle-sandwich,Knuckle Sandwich,34.0237,-84.7117,point_trailhead,34.0237,-84.7117,,,,0.2,5.0,mtbproject_avg,,2,dblack,,"Acworth, Georgia",Georgia,United States,,,,mtbproject_trailhead,difficulty=dblack
mtb-6463207,mtbproject,https://www.mtbproject.com/trail/6463207/whipper-snapper,Whipper Snapper,34.0192,-84.7279,point_trailhead,34.0192,-84.7279,,,,0.6,5.0,mtbproject_avg,,2,dblack,,"Acworth, Georgia",Georgia,United States,,,,mtbproject_trailhead,difficulty=dblack
mtb-7000571,mtbproject,https://www.mtbproject.com/trail/7000571/lil-loop,Lil' Loop,33.9463,-84.7715,point_trailhead,33.9463,-84.7715,,,,0.3,5.0,mtbproject_avg,,2,green,,"Hiram, Georgia",Georgia,United States,,,,mtbproject_trailhead,difficulty=green
mtb-6495400,mtbproject,https://www.mtbproject.com/trail/6495400/pine-pong,Pine Pong,33.9464,-84.7711,point_trailhead,33.9464,-84.7711,,,,1.1,5.0,mtbproject_avg,,1,greenBlue,,"Hiram, Georgia",Georgia,United States,,,,mtbproject_trailhead,difficulty=greenBlue
mtb-6400911,mtbproject,https://www.mtbproject.com/trail/6400911/rusty-bucket,Rusty Bucket,34.0257,-84.7131,point_trailhead,34.0257,-84.7131,,,,0.9,4.5,mtbproject_avg,,6,greenBlue,,"Acworth, Georgia",Georgia,United States,,,,mtbproject_trailhead,difficulty=greenBlue
mtb-7000093,mtbproject,https://www.mtbproject.com/trail/7000093/quehl-holler,Quehl Holler,34.1572,-84.5465,point_trailhead,34.1572,-84.5465,,,,0.2,4.3,mtbproject_avg,,3,dblack,,"Holly Springs, Georgia",Georgia,United States,,,,mtbproject_trailhead,difficulty=dblack
mtb-7013942,mtbproject,https://www.mtbproject.com/trail/7013942/raceway,Raceway,34.1331,-84.5188,point_trailhead,34.1331,-84.5188,,,,1.6,4.0,mtbproject_avg,,9,greenBlue,,"Woodstock, Georgia",Georgia,United States,,,,mtbproject_trailhead,difficulty=greenBlue
mtb-7000293,mtbproject,https://www.mtbproject.com/trail/7000293/haw-creek-park,Haw Creek Park,34.1623,-84.1051,point_trailhead,34.1623,-84.1051,,,,3.1,3.9,mtbproject_avg,,22,greenBlue,,"Cumming, Georgia",Georgia,United States,,,,mtbproject_trailhead,difficulty=greenBlue
mtb-7000015,mtbproject,https://www.mtbproject.com/trail/7000015/flying-squirrel,Flying Squirrel,34.2622,-83.831,point_trailhead,34.2622,-83.831,,,,4.7,4.5,mtbproject_avg,,4,greenBlue,,"Gainesville, Georgia",Georgia,United States,,,,mtbproject_trailhead,difficulty=greenBlue
mtb-7032052,mtbproject,https://www.mtbproject.com/trail/7032052/bootleggers-mile,Bootleggers Mile,34.1792,-83.459,point_trailhead,34.1792,-83.459,,,,0.8,4.0,mtbproject_avg,,1,greenBlue,,"Commerce, Georgia",Georgia,United States,,,,mtbproject_trailhead,difficulty=greenBlue
mtb-5793193,mtbproject,https://www.mtbproject.com/trail/5793193/three-step-hill,Three-Step Hill,33.9734,-83.72,point_trailhead,33.9734,-83.72,,,,0.8,4.0,mtbproject_avg,,1,greenBlue,,"Winder, Georgia",Georgia,United States,,,,mtbproject_trailhead,difficulty=greenBlue
mtb-7016130,mtbproject,https://www.mtbproject.com/trail/7016130/long-cane-horse-trail-figure-8,Long Cane Horse Trail Figure 8,34.1665,-82.2773,point_trailhead,34.1665,-82.2773,,,,31.7,4.8,mtbproject_avg,,6,greenBlue,,"Abbeville, South Carolina",South Carolina,United States,,,,mtbproject_trailhead,difficulty=greenBlue
mtb-7014980,mtbproject,https://www.mtbproject.com/trail/7014980/long-cane-horse-trail,Long Cane Horse Trail,34.1665,-82.2769,point_trailhead,34.1665,-82.2769,,,,23.7,4.0,mtbproject_avg,,4,greenBlue,,"Abbeville, South Carolina",South Carolina,United States,,,,mtbproject_trailhead,difficulty=greenBlue
mtb-7033190,mtbproject,https://www.mtbproject.com/trail/7033190/palmetto-trail-peak-to-prosperity-passage,Palmetto Trail: Peak to Prosperity Passage,34.2436,-81.3185,point_trailhead,34.2436,-81.3185,,,,11.1,4.0,mtbproject_avg,,1,green,,"Chapin, South Carolina",South Carolina,United States,,,,mtbproject_trailhead,difficulty=green
mtb-933352,mtbproject,https://www.mtbproject.com/trail/933352/outer-loop,Outer Loop,34.0829,-81.1347,point_trailhead,34.0829,-81.1347,,,,8.7,3.9,mtbproject_avg,,14,greenBlue,,"Saint Andrews, South Carolina",South Carolina,United States,,,,mtbproject_trailhead,difficulty=greenBlue
mtb-929987,mtbproject,https://www.mtbproject.com/trail/929987/firebreak-trail,Firebreak Trail,34.0829,-81.1348,point_trailhead,34.0829,-81.1348,,,,4.4,4.4,mtbproject_avg,,5,greenBlue,,"Saint Andrews, South Carolina",South Carolina,United States,,,,mtbproject_trailhead,difficulty=greenBlue
mtb-206514,mtbproject,https://www.mtbproject.com/trail/206514/copperhead-raised-bridges-up-to-30-wide-and-high-fun,"Copperhead Raised Bridges - up to 30"" wide and high fun!",34.1468,-78.0059,point_trailhead,34.1468,-78.0059,,,,0.1,5.0,mtbproject_avg,,1,dblack,,"Silver Lake, North Carolina",North Carolina,United States,,,,mtbproject_trailhead,difficulty=dblack
mtb-199688,mtbproject,https://www.mtbproject.com/trail/199688/copperhead-connector,Copperhead Connector,34.147,-78.0032,point_trailhead,34.147,-78.0032,,,,0.2,5.0,mtbproject_avg,,1,black,,"Silver Lake, North Carolina",North Carolina,United States,,,,mtbproject_trailhead,mtbproject type=Connector
mtb-197634,mtbproject,https://www.mtbproject.com/trail/197634/canebrake-return,Canebrake Return,34.1463,-78.0024,point_trailhead,34.1463,-78.0024,,,,0.1,5.0,mtbproject_avg,,1,green,,"Silver Lake, North Carolina",North Carolina,United States,,,,mtbproject_trailhead,difficulty=green
mtb-195794,mtbproject,https://www.mtbproject.com/trail/195794/canebrake-connector,Canebrake Connector,34.1454,-78.0015,point_trailhead,34.1454,-78.0015,,,,0.2,5.0,mtbproject_avg,,1,green,,"Silver Lake, North Carolina",North Carolina,United States,,,,mtbproject_trailhead,difficulty=green
mtb-199724,mtbproject,https://www.mtbproject.com/trail/199724/copperhead-return,Copperhead Return,34.1479,-78.005,point_trailhead,34.1479,-78.005,,,,0.2,5.0,mtbproject_avg,,1,black,,"Silver Lake, North Carolina",North Carolina,United States,,,,mtbproject_trailhead,mtbproject type=Connector
mtb-195323,mtbproject,https://www.mtbproject.com/trail/195323/canebrake,Canebrake,34.1453,-78.0016,point_trailhead,34.1453,-78.0016,,,,0.9,4.5,mtbproject_avg,,2,green,,"Silver Lake, North Carolina",North Carolina,United States,,,,mtbproject_trailhead,difficulty=green
mtb-4794042,mtbproject,https://www.mtbproject.com/trail/4794042/san-antonio-creek-trail,San Antonio Creek Trail,34.4612,-119.7712,point_trailhead,34.4612,-119.7712,,,,2.0,4.0,mtbproject_avg,,2,greenBlue,,"Mission Canyon, California",California,United States,,,,mtbproject_trailhead,difficulty=greenBlue
mtb-7013661,mtbproject,https://www.mtbproject.com/trail/7013661/north-pinos-view,North Pinos View,34.8103,-119.1105,point_trailhead,34.8103,-119.1105,,,,1.1,4.8,mtbproject_avg,,4,green,,"Pine Mountain Club, California",California,United States,,,,mtbproject_trailhead,difficulty=green
mtb-7013609,mtbproject,https://www.mtbproject.com/trail/7013609/frazier-view-trail,Frazier View Trail,34.8326,-118.9347,point_trailhead,34.8326,-118.9347,,,,1.2,4.0,mtbproject_avg,,2,green,,"Frazier Park, California",California,United States,,,,mtbproject_trailhead,difficulty=green
mtb-7013655,mtbproject,https://www.mtbproject.com/trail/7013655/forest-route-8n04b,Forest Route 8N04B,34.7741,-118.9671,point_trailhead,34.7741,-118.9671,,,,2.0,4.0,mtbproject_avg,,1,greenBlue,,"Frazier Park, California",California,United States,,,,mtbproject_trailhead,difficulty=greenBlue
mtb-5885396,mtbproject,https://www.mtbproject.com/trail/5885396/kona-singletrack,Kona Singletrack,34.499,-118.5513,point_trailhead,34.499,-118.5513,,,,3.2,4.5,mtbproject_avg,,11,greenBlue,,"Castaic, California",California,United States,,,,mtbproject_trailhead,difficulty=greenBlue
mtb-5884056,mtbproject,https://www.mtbproject.com/trail/5884056/sidewinder-trail,SideWinder Trail,34.5132,-118.5483,point_trailhead,34.5132,-118.5483,,,,0.9,4.3,mtbproject_avg,,6,greenBlue,,"Castaic, California",California,United States,,,,mtbproject_trailhead,difficulty=greenBlue
mtb-7012887,mtbproject,https://www.mtbproject.com/trail/7012887/ritter-ridge,Ritter Ridge,34.5903,-118.179,point_trailhead,34.5903,-118.179,,,,11.1,3.8,mtbproject_avg,,4,greenBlue,,"Desert View Highlands, California",California,United States,,,,mtbproject_trailhead,difficulty=greenBlue
mtb-7015370,mtbproject,https://www.mtbproject.com/trail/7015370/friendly-fair-trail-short-loop,Friendly Fair Trail (short loop),34.4446,-114.2646,point_trailhead,34.4446,-114.2646,,,,1.0,4.0,mtbproject_avg,,1,green,,"Lake Havasu City, Arizona",Arizona,United States,,,,mtbproject_trailhead,difficulty=green
mtb-7015372,mtbproject,https://www.mtbproject.com/trail/7015372/friendly-fair-trail,Friendly Fair Trail,34.4446,-114.2646,point_trailhead,34.4446,-114.2646,,,,3.1,4.0,mtbproject_avg,,1,greenBlue,,"Lake Havasu City, Arizona",Arizona,United States,,,,mtbproject_trailhead,difficulty=greenBlue
mtb-7018264,mtbproject,https://www.mtbproject.com/trail/7018264/goldwater-lakes-out-and-back,Goldwater Lakes Out-and-Back,34.5126,-112.4771,point_trailhead,34.5126,-112.4771,,,,13.1,4.5,mtbproject_avg,,6,greenBlue,,"Prescott, Arizona",Arizona,United States,,,,mtbproject_trailhead,difficulty=greenBlue
mtb-7001406,mtbproject,https://www.mtbproject.com/trail/7001406/peavine-trail,Peavine Trail,34.5755,-112.4273,point_trailhead,34.5755,-112.4273,,,,5.4,4.2,mtbproject_avg,,6,green,,"Prescott, Arizona",Arizona,United States,,,,mtbproject_trailhead,difficulty=green
mtb-7006905,mtbproject,https://www.mtbproject.com/trail/7006905/balancing-rock-trail-349,Balancing Rock Trail #349,34.6061,-112.5334,point_trailhead,34.6061,-112.5334,,,,3.2,4.0,mtbproject_avg,,4,greenBlue,,"Williamson, Arizona",Arizona,United States,,,,mtbproject_trailhead,difficulty=greenBlue
mtb-7001408,mtbproject,https://www.mtbproject.com/trail/7001408/iron-king-trail,Iron King Trail,34.615,-112.3471,point_trailhead,34.615,-112.3471,,,,4.2,3.8,mtbproject_avg,,6,green,,"Prescott Valley, Arizona",Arizona,United States,,,,mtbproject_trailhead,difficulty=green
mtb-7002321,mtbproject,https://www.mtbproject.com/trail/7002321/trail-316-pine-lakes-trail,Trail 316 - Pine Lakes Trail,34.5526,-112.5218,point_trailhead,34.5526,-112.5218,,,,1.6,4.0,mtbproject_avg,,3,greenBlue,,"Prescott, Arizona",Arizona,United States,,,,mtbproject_trailhead,difficulty=greenBlue
mtb-7006904,mtbproject,https://www.mtbproject.com/trail/7006904/surprise-spring-trail-350,Surprise Spring Trail #350,34.6005,-112.5453,point_trailhead,34.6005,-112.5453,,,,1.4,4.0,mtbproject_avg,,3,greenBlue,,"Williamson, Arizona",Arizona,United States,,,,mtbproject_trailhead,difficulty=greenBlue
mtb-7007140,mtbproject,https://www.mtbproject.com/trail/7007140/garden-party-trail-324,Garden Party Trail #324,34.5448,-112.5365,point_trailhead,34.5448,-112.5365,,,,0.8,4.0,mtbproject_avg,,2,greenBlue,,"Prescott, Arizona",Arizona,United States,,,,mtbproject_trailhead,difficulty=greenBlue
mtb-7012603,mtbproject,https://www.mtbproject.com/trail/7012603/twist-shout-trail-372,Twist & Shout Trail #372,34.5113,-112.4715,point_trailhead,34.5113,-112.4715,,,,0.6,4.0,mtbproject_avg,,1,green,,"Prescott, Arizona",Arizona,United States,,,,mtbproject_trailhead,difficulty=green
mtb-7012503,mtbproject,https://www.mtbproject.com/trail/7012503/trail-328-piglet-trail,Trail 328 - Piglet Trail,34.56,-112.5168,point_trailhead,34.56,-112.5168,,,,0.6,4.0,mtbproject_avg,,1,greenBlue,,"Prescott, Arizona",Arizona,United States,,,,mtbproject_trailhead,difficulty=greenBlue
mtb-7012608,mtbproject,https://www.mtbproject.com/trail/7012608/hidden-valley-trail-374,Hidden Valley Trail #374,34.5074,-112.4693,point_trailhead,34.5074,-112.4693,,,,0.4,4.0,mtbproject_avg,,1,greenBlue,,"Prescott, Arizona",Arizona,United States,,,,mtbproject_trailhead,difficulty=greenBlue
mtb-7033194,mtbproject,https://www.mtbproject.com/trail/7033194/west-side-story,West Side Story,34.5623,-112.5515,point_trailhead,34.5623,-112.5515,,,,2.6,4.0,mtbproject_avg,,1,greenBlue,,"Prescott, Arizona",Arizona,United States,,,,mtbproject_trailhead,difficulty=greenBlue
mtb-4924523,mtbproject,https://www.mtbproject.com/trail/4924523/intro-to-sedona,Intro to Sedona,34.7915,-111.7618,point_trailhead,34.7915,-111.7618,,,,5.2,4.0,mtbproject_avg,,20,greenBlue,,"Village of Oak Creek (Big Park), Arizona",Arizona,United States,,,,mtbproject_trailhead,difficulty=greenBlue
mtb-4922861,mtbproject,https://www.mtbproject.com/trail/4922861/big-park-loop,Big Park Loop,34.7921,-111.7601,point_trailhead,34.7921,-111.7601,,,,2.1,3.8,mtbproject_avg,,13,greenBlue,,"Village of Oak Creek (Big Park), Arizona",Arizona,United States,,,,mtbproject_trailhead,difficulty=greenBlue
mtb-4923508,mtbproject,https://www.mtbproject.com/trail/4923508/phone-trail,Phone Trail,34.8056,-111.7663,point_trailhead,34.8056,-111.7663,,,,0.3,4.0,mtbproject_avg,,1,greenBlue,,"Village of Oak Creek (Big Park), Arizona",Arizona,United States,,,,mtbproject_trailhead,difficulty=greenBlue
mtb-7017543,mtbproject,https://www.mtbproject.com/trail/7017543/donahue-trail-27,Donahue Trail #27,34.3743,-111.4432,point_trailhead,34.3743,-111.4432,,,,0.7,5.0,mtbproject_avg,,1,greenBlue,,"Pine, Arizona",Arizona,United States,,,,mtbproject_trailhead,difficulty=greenBlue
mtb-7031582,mtbproject,https://www.mtbproject.com/trail/7031582/canyon-rim-trail,Canyon Rim Trail,34.4225,-101.053,point_trailhead,34.4225,-101.053,,,,3.1,4.0,mtbproject_avg,,1,greenBlue,,"Quitaque, Texas",Texas,United States,,,,mtbproject_trailhead,difficulty=greenBlue
mtb-7033098,mtbproject,https://www.mtbproject.com/trail/7033098/canyon-loop-trail,Canyon Loop Trail,34.4617,-101.0829,point_trailhead,34.4617,-101.0829,,,,1.4,4.0,mtbproject_avg,,1,greenBlue,,"Quitaque, Texas",Texas,United States,,,,mtbproject_trailhead,difficulty=greenBlue
mtb-7022364,mtbproject,https://www.mtbproject.com/trail/7022364/boardstand-spur,Boardstand Spur,34.7798,-94.8509,point_trailhead,34.7798,-94.8509,,,,0.5,5.0,mtbproject_avg,,1,blue,,"Talihina, Oklahoma",Oklahoma,United States,,,,mtbproject_trailhead,mtbproject type=Connector
mtb-7022366,mtbproject,https://www.mtbproject.com/trail/7022366/cedar-glade-loop-connector,Cedar Glade Loop Connector,34.6861,-94.7601,point_trailhead,34.6861,-94.7601,,,,0.2,5.0,mtbproject_avg,,1,blue,,"Talihina, Oklahoma",Oklahoma,United States,,,,mtbproject_trailhead,mtbproject type=Connector
mtb-7022995,mtbproject,https://www.mtbproject.com/trail/7022995/road-8557-gold-creek,Road 8557 (Gold Creek),34.769,-94.7658,point_trailhead,34.769,-94.7658,,,,2.2,4.0,mtbproject_avg,,1,greenBlue,,"Wister, Oklahoma",Oklahoma,United States,,,,mtbproject_trailhead,difficulty=greenBlue
mtb-7022363,mtbproject,https://www.mtbproject.com/trail/7022363/billy-creek-west,Billy Creek West,34.7146,-94.7262,point_trailhead,34.7146,-94.7262,,,,0.6,5.0,mtbproject_avg,,1,blue,,"Wister, Oklahoma",Oklahoma,United States,,,,mtbproject_trailhead,mtbproject type=Connector
mtb-7022377,mtbproject,https://www.mtbproject.com/trail/7022377/fs-road-6020b,FS Road 6020B,34.6866,-94.7351,point_trailhead,34.6866,-94.7351,,,,3.4,4.0,mtbproject_avg,,1,green,,"Wister, Oklahoma",Oklahoma,United States,,,,mtbproject_trailhead,difficulty=green
mtb-7022996,mtbproject,https://www.mtbproject.com/trail/7022996/road-8560-game-cabin,Road 8560 (Game Cabin),34.7682,-94.7449,point_trailhead,34.7682,-94.7449,,,,1.2,4.0,mtbproject_avg,,1,greenBlue,,"Wister, Oklahoma",Oklahoma,United States,,,,mtbproject_trailhead,difficulty=greenBlue
mtb-5326507,mtbproject,https://www.mtbproject.com/trail/5326507/denby-point-to-tompkins-bend-loop,Denby Point To Tompkins Bend Loop,34.5461,-93.4804,point_trailhead,34.5461,-93.4804,,,,8.1,3.8,mtbproject_avg,,6,greenBlue,,"Mount Ida, Arkansas",Arkansas,United States,,,,mtbproject_trailhead,difficulty=greenBlue
mtb-4921663,mtbproject,https://www.mtbproject.com/trail/4921663/boyle-park,Boyle Park,34.7271,-92.3568,point_trailhead,34.7271,-92.3568,,,,7.7,3.8,mtbproject_avg,,9,greenBlue,,"Little Rock, Arkansas",Arkansas,United States,,,,mtbproject_trailhead,difficulty=greenBlue
mtb-6027846,mtbproject,https://www.mtbproject.com/trail/6027846/pfeifer-loop,Pfeifer Loop,34.7956,-92.3477,point_trailhead,34.7956,-92.3477,,,,1.7,4.1,mtbproject_avg,,12,green,,"North Little Rock, Arkansas",Arkansas,United States,,,,mtbproject_trailhead,difficulty=green
mtb-7026385,mtbproject,https://www.mtbproject.com/trail/7026385/grilled,Grilled,34.7318,-92.3559,point_trailhead,34.7318,-92.3559,,,,3.4,4.0,mtbproject_avg,,5,greenBlue,,"Little Rock, Arkansas",Arkansas,United States,,,,mtbproject_trailhead,difficulty=greenBlue
mtb-7003078,mtbproject,https://www.mtbproject.com/trail/7003078/arkansas-river-trail,Arkansas River Trail,34.7896,-92.3573,point_trailhead,34.7896,-92.3573,,,,16.0,4.0,mtbproject_avg,,2,green,,"North Little Rock, Arkansas",Arkansas,United States,,,,mtbproject_trailhead,difficulty=green
mtb-7003202,mtbproject,https://www.mtbproject.com/trail/7003202/two-rivers-park-east-lollipop,Two Rivers Park: East Lollipop,34.8115,-92.4019,point_trailhead,34.8115,-92.4019,,,,1.9,4.0,mtbproject_avg,,1,green,,"Maumelle, Arkansas",Arkansas,United States,,,,mtbproject_trailhead,difficulty=green
mtb-5394737,mtbproject,https://www.mtbproject.com/trail/5394737/bayou-point,Bayou Point,34.7405,-90.1239,point_trailhead,34.7405,-90.1239,,,,4.7,5.0,mtbproject_avg,,2,greenBlue,,"Coldwater, Mississippi",Mississippi,United States,,,,mtbproject_trailhead,difficulty=greenBlue
mtb-7011981,mtbproject,https://www.mtbproject.com/trail/7011981/hernando-point-beginner-loop,Hernando Point Beginner Loop,34.7359,-90.0713,point_trailhead,34.7359,-90.0713,,,,2.2,4.0,mtbproject_avg,,3,greenBlue,,"Coldwater, Mississippi",Mississippi,United States,,,,mtbproject_trailhead,difficulty=greenBlue
mtb-7021631,mtbproject,https://www.mtbproject.com/trail/7021631/great-republican,Great Republican,34.3535,-89.5579,point_trailhead,34.3535,-89.5579,,,,2.0,4.0,mtbproject_avg,,2,greenBlue,,"University, Mississippi",Mississippi,United States,,,,mtbproject_trailhead,difficulty=greenBlue
mtb-7001217,mtbproject,https://www.mtbproject.com/trail/7001217/weldy,Weldy,34.3487,-89.5479,point_trailhead,34.3487,-89.5479,,,,2.2,4.0,mtbproject_avg,,2,greenBlue,,"University, Mississippi",Mississippi,United States,,,,mtbproject_trailhead,difficulty=greenBlue
mtb-7001214,mtbproject,https://www.mtbproject.com/trail/7001214/beginner-trail,"""Beginner"" Trail",34.3456,-89.5492,point_trailhead,34.3456,-89.5492,,,,1.6,4.0,mtbproject_avg,,1,greenBlue,,"University, Mississippi",Mississippi,United States,,,,mtbproject_trailhead,difficulty=greenBlue
mtb-7002604,mtbproject,https://www.mtbproject.com/trail/7002604/yellow-blazed-multi-use-trail,Yellow Blazed Multi-Use Trail,34.786,-87.388,point_trailhead,34.786,-87.388,,,,2.1,4.5,mtbproject_avg,,2,greenBlue,,"Rogersville, Alabama",Alabama,United States,,,,mtbproject_trailhead,difficulty=greenBlue
mtb-7002603,mtbproject,https://www.mtbproject.com/trail/7002603/second-right-loop,Second Right Loop,34.8111,-87.6969,point_trailhead,34.8111,-87.6969,,,,0.4,4.0,mtbproject_avg,,1,greenBlue,,"Florence, Alabama",Alabama,United States,,,,mtbproject_trailhead,difficulty=greenBlue
mtb-6168923,mtbproject,https://www.mtbproject.com/trail/6168923/monte-sano-plateau-loop,Monte Sano Plateau Loop,34.7441,-86.5085,point_trailhead,34.7441,-86.5085,,,,7.0,5.0,mtbproject_avg,,2,greenBlue,,"Huntsville, Alabama",Alabama,United States,,,,mtbproject_trailhead,difficulty=greenBlue
mtb-1947173,mtbproject,https://www.mtbproject.com/trail/1947173/monte-sano-state-park-family-bike-trail,Monte Sano State Park - Family Bike Trail,34.7438,-86.5113,point_trailhead,34.7438,-86.5113,,,,4.5,4.3,mtbproject_avg,,6,green,,"Huntsville, Alabama",Alabama,United States,,,,mtbproject_trailhead,difficulty=green
mtb-3780529,mtbproject,https://www.mtbproject.com/trail/3780529/tri-for-ole-glory-route,Tri for Ole Glory Route,34.7104,-86.6428,point_trailhead,34.7104,-86.6428,,,,4.2,4.0,mtbproject_avg,,8,greenBlue,,"Redstone Arsenal, Alabama",Alabama,United States,,,,mtbproject_trailhead,difficulty=greenBlue
mtb-844873,mtbproject,https://www.mtbproject.com/trail/844873/blevins-gap-scenic-ride,Blevins Gap Scenic Ride,34.6568,-86.5164,point_trailhead,34.6568,-86.5164,,,,4.0,4.0,mtbproject_avg,,2,dblack,,"Owens Cross Roads, Alabama",Alabama,United States,,,,mtbproject_trailhead,difficulty=dblack
mtb-761798,mtbproject,https://www.mtbproject.com/trail/761798/family-bike-trail,Family Bike Trail,34.7435,-86.5092,point_trailhead,34.7435,-86.5092,,,,2.7,5.0,mtbproject_avg,,2,green,,"Huntsville, Alabama",Alabama,United States,,,,mtbproject_trailhead,difficulty=green
mtb-750823,mtbproject,https://www.mtbproject.com/trail/750823/south-plateau-loop,South Plateau Loop,34.743,-86.5083,point_trailhead,34.743,-86.5083,,,,3.3,4.3,mtbproject_avg,,3,green,,"Huntsville, Alabama",Alabama,United States,,,,mtbproject_trailhead,difficulty=green
mtb-841822,mtbproject,https://www.mtbproject.com/trail/841822/natural-well-trail,Natural Well Trail,34.732,-86.5229,point_trailhead,34.732,-86.5229,,,,2.0,4.0,mtbproject_avg,,1,dblack,,"Huntsville, Alabama",Alabama,United States,,,,mtbproject_trailhead,difficulty=dblack
mtb-844853,mtbproject,https://www.mtbproject.com/trail/844853/gravel-road-trail,Gravel Road Trail,34.7392,-86.5073,point_trailhead,34.7392,-86.5073,,,,0.8,4.0,mtbproject_avg,,1,green,,"Huntsville, Alabama",Alabama,United States,,,,mtbproject_trailhead,difficulty=green
mtb-6427844,mtbproject,https://www.mtbproject.com/trail/6427844/golf-course-loop,Golf Course Loop,34.3963,-86.1967,point_trailhead,34.3963,-86.1967,,,,3.3,4.5,mtbproject_avg,,4,greenBlue,,"Guntersville, Alabama",Alabama,United States,,,,mtbproject_trailhead,difficulty=greenBlue
mtb-7015333,mtbproject,https://www.mtbproject.com/trail/7015333/price-branch-trail-system,Price Branch Trail System,34.8228,-85.4802,point_trailhead,34.8228,-85.4802,,,,12.9,3.8,mtbproject_avg,,4,greenBlue,,"Trenton, Georgia",Georgia,United States,,,,mtbproject_trailhead,difficulty=greenBlue
mtb-7015335,mtbproject,https://www.mtbproject.com/trail/7015335/cloudland-canyon-connector-trail-price-branch-section,Cloudland Canyon Connector Trail - Price Branch Section,34.8227,-85.4801,point_trailhead,34.8227,-85.4801,,,,5.2,5.0,mtbproject_avg,,2,greenBlue,,"Trenton, Georgia",Georgia,United States,,,,mtbproject_trailhead,difficulty=greenBlue
mtb-7024242,mtbproject,https://www.mtbproject.com/trail/7024242/ol-martha,Ol' Martha,34.335,-85.2459,point_trailhead,34.335,-85.2459,,,,1.1,5.0,mtbproject_avg,,1,greenBlue,,"Rome, Georgia",Georgia,United States,,,,mtbproject_trailhead,difficulty=greenBlue
mtb-720591,mtbproject,https://www.mtbproject.com/trail/720591/family-trail,Family Trail,34.5051,-85.6361,point_trailhead,34.5051,-85.6361,,,,1.9,4.7,mtbproject_avg,,3,green,,"Fort Payne, Alabama",Alabama,United States,,,,mtbproject_trailhead,difficulty=green
mtb-4330635,mtbproject,https://www.mtbproject.com/trail/4330635/cloudland-canyon-connector-trail-5-points-section,Cloudland Canyon Connector Trail: 5 Points Section,34.8374,-85.4393,point_trailhead,34.8374,-85.4393,,,,3.4,4.3,mtbproject_avg,,6,green,,"Trenton, Georgia",Georgia,United States,,,,mtbproject_trailhead,difficulty=green
mtb-7015341,mtbproject,https://www.mtbproject.com/trail/7015341/prince-albert,Prince Albert,34.8193,-85.4671,point_trailhead,34.8193,-85.4671,,,,2.4,4.5,mtbproject_avg,,2,green,,"Trenton, Georgia",Georgia,United States,,,,mtbproject_trailhead,difficulty=green
mtb-720359,mtbproject,https://www.mtbproject.com/trail/720359/gilliam-loop,Gilliam Loop,34.4902,-85.608,point_trailhead,34.4902,-85.608,,,,3.3,4.0,mtbproject_avg,,2,green,,"Fort Payne, Alabama",Alabama,United States,,,,mtbproject_trailhead,difficulty=green
mtb-1652845,mtbproject,https://www.mtbproject.com/trail/1652845/pilchers-pond,Pilcher's Pond,34.615,-85.0796,point_trailhead,34.615,-85.0796,,,,1.2,4.5,mtbproject_avg,,2,green,,"Calhoun, Georgia",Georgia,United States,,,,mtbproject_trailhead,difficulty=green
mtb-1035952,mtbproject,https://www.mtbproject.com/trail/1035952/loblolly,Loblolly,34.556,-85.1393,point_trailhead,34.556,-85.1393,,,,4.2,4.0,mtbproject_avg,,1,greenBlue,,"Trion, Georgia",Georgia,United States,,,,mtbproject_trailhead,difficulty=greenBlue
mtb-4117268,mtbproject,https://www.mtbproject.com/trail/4117268/amadahy-trail,Amadahy Trail,34.6306,-84.6481,point_trailhead,34.6306,-84.6481,,,,3.6,4.3,mtbproject_avg,,6,greenBlue,,"Ellijay, Georgia",Georgia,United States,,,,mtbproject_trailhead,difficulty=greenBlue
mtb-7003038,mtbproject,https://www.mtbproject.com/trail/7003038/red-and-white,Red and White,34.6427,-84.4429,point_trailhead,34.6427,-84.4429,,,,2.1,4.0,mtbproject_avg,,1,greenBlue,,"Ellijay, Georgia",Georgia,United States,,,,mtbproject_trailhead,difficulty=greenBlue
mtb-7028101,mtbproject,https://www.mtbproject.com/trail/7028101/eight-gaps,Eight Gaps,34.6046,-84.1058,point_trailhead,34.6046,-84.1058,,,,20.2,4.0,mtbproject_avg,,2,greenBlue,,"Dahlonega, Georgia",Georgia,United States,,,,mtbproject_trailhead,difficulty=greenBlue
mtb-7001594,mtbproject,https://www.mtbproject.com/trail/7001594/lower-moss-creek,Lower Moss Creek,34.5857,-84.124,point_trailhead,34.5857,-84.124,,,,1.2,4.3,mtbproject_avg,,3,greenBlue,,"Dahlonega, Georgia",Georgia,United States,,,,mtbproject_trailhead,difficulty=greenBlue
mtb-6005831,mtbproject,https://www.mtbproject.com/trail/6005831/white-twister,White Twister,34.8172,-83.4323,point_trailhead,34.8172,-83.4323,,,,3.8,3.8,mtbproject_avg,,4,greenBlue,,"Clayton, Georgia",Georgia,United States,,,,mtbproject_trailhead,difficulty=greenBlue
mtb-4818960,mtbproject,https://www.mtbproject.com/trail/4818960/main-paynes-creek-trail,Main Paynes Creek Trail,34.4706,-82.9637,point_trailhead,34.4706,-82.9637,,,,6.9,4.5,mtbproject_avg,,13,greenBlue,,"Reed Creek, Georgia",Georgia,United States,,,,mtbproject_trailhead,difficulty=greenBlue
mtb-7012759,mtbproject,https://www.mtbproject.com/trail/7012759/wildcat-alternate-trail,Wildcat Alternate Trail,34.75,-82.8517,point_trailhead,34.75,-82.8517,,,,0.4,4.5,mtbproject_avg,,2,greenBlue,,"Clemson, South Carolina",South Carolina,United States,,,,mtbproject_trailhead,difficulty=greenBlue
mtb-4631158,mtbproject,https://www.mtbproject.com/trail/4631158/dh-course-connector-trail,DH Course Connector Trail,34.7577,-82.8748,point_trailhead,34.7577,-82.8748,,,,0.7,4.5,mtbproject_avg,,2,greenBlue,,"Clemson, South Carolina",South Carolina,United States,,,,mtbproject_trailhead,difficulty=greenBlue
mtb-4850955,mtbproject,https://www.mtbproject.com/trail/4850955/heartbreak-ridge-trail,Heartbreak Ridge Trail,34.4684,-82.9651,point_trailhead,34.4684,-82.9651,,,,2.4,4.0,mtbproject_avg,,5,greenBlue,,"Reed Creek, Georgia",Georgia,United States,,,,mtbproject_trailhead,difficulty=greenBlue
mtb-4706803,mtbproject,https://www.mtbproject.com/trail/4706803/roy-dale,Roy & Dale,34.7384,-82.8411,point_trailhead,34.7384,-82.8411,,,,0.6,4.0,mtbproject_avg,,5,greenBlue,,"Clemson, South Carolina",South Carolina,United States,,,,mtbproject_trailhead,difficulty=greenBlue
mtb-7031948,mtbproject,https://www.mtbproject.com/trail/7031948/sadlers-creek,Sadlers Creek,34.4141,-82.8274,point_trailhead,34.4141,-82.8274,,,,6.5,4.0,mtbproject_avg,,1,greenBlue,,"Anderson, South Carolina",South Carolina,United States,,,,mtbproject_trailhead,difficulty=greenBlue
mtb-4630570,mtbproject,https://www.mtbproject.com/trail/4630570/six-mile-creek-logging-road,Six Mile Creek Logging Road,34.7569,-82.8581,point_trailhead,34.7569,-82.8581,,,,2.1,4.0,mtbproject_avg,,1,greenBlue,,"Clemson, South Carolina",South Carolina,United States,,,,mtbproject_trailhead,difficulty=greenBlue
mtb-4615929,mtbproject,https://www.mtbproject.com/trail/4615929/gideons-bible,Gideon's Bible,34.7256,-82.8469,point_trailhead,34.7256,-82.8469,,,,1.0,4.0,mtbproject_avg,,1,greenBlue,,"Clemson, South Carolina",South Carolina,United States,,,,mtbproject_trailhead,difficulty=greenBlue
mtb-4827838,mtbproject,https://www.mtbproject.com/trail/4827838/flat-trail,Flat Trail,34.7832,-82.358,point_trailhead,34.7832,-82.358,,,,1.0,4.0,mtbproject_avg,,3,greenBlue,,"Mauldin, South Carolina",South Carolina,United States,,,,mtbproject_trailhead,difficulty=greenBlue
mtb-7014693,mtbproject,https://www.mtbproject.com/trail/7014693/cheraw-state-park-mountain-bike-trail,Cheraw State Park Mountain Bike Trail,34.6398,-79.9354,point_trailhead,34.6398,-79.9354,,,,6.7,4.0,mtbproject_avg,,3,greenBlue,,"Cheraw, South Carolina",South Carolina,United States,,,,mtbproject_trailhead,difficulty=greenBlue
mtb-7033359,mtbproject,https://www.mtbproject.com/trail/7033359/elliot-coues-trail,Elliot Coues Trail,34.6971,-76.6979,point_trailhead,34.6971,-76.6979,,,,3.2,4.0,mtbproject_avg,,2,greenBlue,,"Atlantic Beach, North Carolina",North Carolina,United States,,,,mtbproject_trailhead,difficulty=greenBlue
mtb-4128915,mtbproject,https://www.mtbproject.com/trail/4128915/hazard-peak-trail,Hazard Peak Trail,35.2771,-120.8845,point_trailhead,35.2771,-120.8845,,,,4.1,4.7,mtbproject_avg,,19,greenBlue,,"Los Osos, California",California,United States,,,,mtbproject_trailhead,difficulty=greenBlue
mtb-4128734,mtbproject,https://www.mtbproject.com/trail/4128734/johnson-ranch-loop,Johnson Ranch Loop,35.2237,-120.6933,point_trailhead,35.2237,-120.6933,,,,3.3,4.5,mtbproject_avg,,11,greenBlue,,"Avila Beach, California",California,United States,,,,mtbproject_trailhead,difficulty=greenBlue
mtb-4062563,mtbproject,https://www.mtbproject.com/trail/4062563/unnamed-froom-creek-southside,"(Unnamed) ""Froom Creek Southside""",35.248,-120.6917,point_trailhead,35.248,-120.6917,,,,0.5,4.5,mtbproject_avg,,2,green,,"San Luis Obispo, California",California,United States,,,,mtbproject_trailhead,difficulty=green
mtb-7004854,mtbproject,https://www.mtbproject.com/trail/7004854/hans-rey,Hans Rey,35.1563,-118.4782,point_trailhead,35.1563,-118.4782,,,,0.6,5.0,mtbproject_avg,,1,greenBlue,,"Golden Hills, California",California,United States,,,,mtbproject_trailhead,difficulty=greenBlue
mtb-7005608,mtbproject,https://www.mtbproject.com/trail/7005608/janes-loop,Jane's Loop,35.1373,-118.4126,point_trailhead,35.1373,-118.4126,,,,1.4,4.3,mtbproject_avg,,3,greenBlue,,"Tehachapi, California",California,United States,,,,mtbproject_trailhead,difficulty=greenBlue
mtb-7005610,mtbproject,https://www.mtbproject.com/trail/7005610/aimees-loop,Aimee's Loop,35.139,-118.4184,point_trailhead,35.139,-118.4184,,,,1.3,4.3,mtbproject_avg,,4,greenBlue,,"Tehachapi, California",California,United States,,,,mtbproject_trailhead,difficulty=greenBlue
mtb-7018815,mtbproject,https://www.mtbproject.com/trail/7018815/tom-sawyer-loop,Tom Sawyer Loop,35.15,-118.4922,point_trailhead,35.15,-118.4922,,,,0.7,4.0,mtbproject_avg,,1,green,,"Golden Hills, California",California,United States,,,,mtbproject_trailhead,difficulty=green
mtb-7018814,mtbproject,https://www.mtbproject.com/trail/7018814/singletrack-to-pipe,Singletrack to Pipe,35.1457,-118.4728,point_trailhead,35.1457,-118.4728,,,,1.0,4.0,mtbproject_avg,,1,greenBlue,,"Golden Hills, California",California,United States,,,,mtbproject_trailhead,difficulty=greenBlue
mtb-4939737,mtbproject,https://www.mtbproject.com/trail/4939737/hangover-loop,Hangover Loop,34.8667,-111.7486,point_trailhead,34.8667,-111.7486,,,,8.2,4.5,mtbproject_avg,,21,dblack,,"Sedona, Arizona",Arizona,United States,,,,mtbproject_trailhead,difficulty=dblack
mtb-4941561,mtbproject,https://www.mtbproject.com/trail/4941561/hangover-trail,Hangover Trail,34.8777,-111.7168,point_trailhead,34.8777,-111.7168,,,,3.2,4.8,mtbproject_avg,,12,dblack,,"Sedona, Arizona",Arizona,United States,,,,mtbproject_trailhead,difficulty=dblack
mtb-7025813,mtbproject,https://www.mtbproject.com/trail/7025813/segment-1-flagstaff-to-williams,Segment 1: Flagstaff to Williams,35.208,-111.6541,point_trailhead,35.208,-111.6541,,,,61.4,5.0,mtbproject_avg,,1,greenBlue,,"Flagstaff, Arizona",Arizona,United States,,,,mtbproject_trailhead,difficulty=greenBlue
mtb-4942984,mtbproject,https://www.mtbproject.com/trail/4942984/snake-trail,Snake Trail,34.8891,-111.8283,point_trailhead,34.8891,-111.8283,,,,0.5,3.8,mtbproject_avg,,6,greenBlue,,"West Sedona, Arizona",Arizona,United States,,,,mtbproject_trailhead,difficulty=greenBlue
mtb-649001,mtbproject,https://www.mtbproject.com/trail/649001/campbell-mesa,Campbell Mesa,35.1999,-111.5632,point_trailhead,35.1999,-111.5632,,,,10.2,4.0,mtbproject_avg,,17,green,,"Flagstaff, Arizona",Arizona,United States,,,,mtbproject_trailhead,difficulty=green
mtb-921173,mtbproject,https://www.mtbproject.com/trail/921173/anasazi-loop,Anasazi Loop,35.202,-111.5573,point_trailhead,35.202,-111.5573,,,,1.3,4.5,mtbproject_avg,,2,green,,"Flagstaff, Arizona",Arizona,United States,,,,mtbproject_trailhead,difficulty=green
mtb-7016899,mtbproject,https://www.mtbproject.com/trail/7016899/soldiers-trail,Soldier's Trail,35.1397,-111.6878,point_trailhead,35.1397,-111.6878,,,,5.2,4.1,mtbproject_avg,,7,greenBlue,,"Kachina Village, Arizona",Arizona,United States,,,,mtbproject_trailhead,difficulty=greenBlue
mtb-920880,mtbproject,https://www.mtbproject.com/trail/920880/continental-loop,Continental Loop,35.2012,-111.5609,point_trailhead,35.2012,-111.5609,,,,1.8,4.3,mtbproject_avg,,3,greenBlue,,"Flagstaff, Arizona",Arizona,United States,,,,mtbproject_trailhead,difficulty=greenBlue
mtb-1006602,mtbproject,https://www.mtbproject.com/trail/1006602/loop-trail-walnut-canyon-segment,Loop Trail - Walnut Canyon Segment,35.1553,-111.6554,point_trailhead,35.1553,-111.6554,,,,8.8,3.9,mtbproject_avg,,8,greenBlue,,"Flagstaff, Arizona",Arizona,United States,,,,mtbproject_trailhead,difficulty=greenBlue
mtb-5788429,mtbproject,https://www.mtbproject.com/trail/5788429/radar-loop,Radar Loop,35.1436,-111.6776,point_trailhead,35.1436,-111.6776,,,,1.6,4.0,mtbproject_avg,,1,green,,"Kachina Village, Arizona",Arizona,United States,,,,mtbproject_trailhead,difficulty=green
mtb-743662,mtbproject,https://www.mtbproject.com/trail/743662/dry-lakes-vista,Dry Lakes Vista,35.2685,-111.6344,point_trailhead,35.2685,-111.6344,,,,0.9,4.0,mtbproject_avg,,1,green,,"Flagstaff, Arizona",Arizona,United States,,,,mtbproject_trailhead,difficulty=green
mtb-7025098,mtbproject,https://www.mtbproject.com/trail/7025098/rojo-grande-trail,Rojo Grande Trail,34.9504,-101.6676,point_trailhead,34.9504,-101.6676,,,,1.1,4.7,mtbproject_avg,,3,greenBlue,,"Canyon, Texas",Texas,United States,,,,mtbproject_trailhead,difficulty=greenBlue
mtb-7002047,mtbproject,https://www.mtbproject.com/trail/7002047/little-fox-loop,Little Fox Loop,34.9549,-101.6905,point_trailhead,34.9549,-101.6905,,,,1.4,4.0,mtbproject_avg,,3,green,,"Canyon, Texas",Texas,United States,,,,mtbproject_trailhead,difficulty=green
mtb-7002688,mtbproject,https://www.mtbproject.com/trail/7002688/comanche-trail-north,Comanche Trail North,34.9782,-101.6783,point_trailhead,34.9782,-101.6783,,,,1.4,4.0,mtbproject_avg,,3,greenBlue,,"Canyon, Texas",Texas,United States,,,,mtbproject_trailhead,difficulty=greenBlue
mtb-7025431,mtbproject,https://www.mtbproject.com/trail/7025431/juniperriverside-trail,Juniper/Riverside Trail,34.9384,-101.651,point_trailhead,34.9384,-101.651,,,,1.1,4.0,mtbproject_avg,,1,greenBlue,,"Canyon, Texas",Texas,United States,,,,mtbproject_trailhead,difficulty=greenBlue
mtb-7025102,mtbproject,https://www.mtbproject.com/trail/7025102/sunflower-trail,Sunflower Trail,34.9428,-101.6579,point_trailhead,34.9428,-101.6579,,,,1.2,4.0,mtbproject_avg,,1,green,,"Canyon, Texas",Texas,United States,,,,mtbproject_trailhead,difficulty=green
mtb-7021671,mtbproject,https://www.mtbproject.com/trail/7021671/orange-section,Orange Section,35.2275,-96.5489,point_trailhead,35.2275,-96.5489,,,,1.7,4.6,mtbproject_avg,,5,greenBlue,,"Seminole, Oklahoma",Oklahoma,United States,,,,mtbproject_trailhead,difficulty=greenBlue
mtb-7002474,mtbproject,https://www.mtbproject.com/trail/7002474/bench-trail,Bench Trail,35.2243,-93.2491,point_trailhead,35.2243,-93.2491,,,,3.6,4.0,mtbproject_avg,,2,green,,"Dardanelle, Arkansas",Arkansas,United States,,,,mtbproject_trailhead,difficulty=green
mtb-5856733,mtbproject,https://www.mtbproject.com/trail/5856733/porta-potty,Porta Potty,34.8559,-92.3022,point_trailhead,34.8559,-92.3022,,,,3.4,4.5,mtbproject_avg,,4,greenBlue,,"Gibson, Arkansas",Arkansas,United States,,,,mtbproject_trailhead,difficulty=greenBlue
mtb-5855347,mtbproject,https://www.mtbproject.com/trail/5855347/yucca,Yucca,34.8514,-92.3017,point_trailhead,34.8514,-92.3017,,,,1.2,4.3,mtbproject_avg,,3,green,,"Gibson, Arkansas",Arkansas,United States,,,,mtbproject_trailhead,difficulty=green
mtb-5855816,mtbproject,https://www.mtbproject.com/trail/5855816/5mile,5Mile,34.8444,-92.3136,point_trailhead,34.8444,-92.3136,,,,5.7,4.2,mtbproject_avg,,5,greenBlue,,"Maumelle, Arkansas",Arkansas,United States,,,,mtbproject_trailhead,difficulty=greenBlue
mtb-5854989,mtbproject,https://www.mtbproject.com/trail/5854989/10bridges,10Bridges,34.8452,-92.3112,point_trailhead,34.8452,-92.3112,,,,1.8,4.3,mtbproject_avg,,4,green,,"Maumelle, Arkansas",Arkansas,United States,,,,mtbproject_trailhead,difficulty=green
mtb-5869150,mtbproject,https://www.mtbproject.com/trail/5869150/outer-loop,Outer Loop,34.8514,-92.3014,point_trailhead,34.8514,-92.3014,,,,3.6,4.2,mtbproject_avg,,5,greenBlue,,"Gibson, Arkansas",Arkansas,United States,,,,mtbproject_trailhead,difficulty=greenBlue
mtb-5986924,mtbproject,https://www.mtbproject.com/trail/5986924/airport-loop,Airport Loop,34.8504,-92.3003,point_trailhead,34.8504,-92.3003,,,,1.0,4.0,mtbproject_avg,,5,greenBlue,,"Gibson, Arkansas",Arkansas,United States,,,,mtbproject_trailhead,difficulty=greenBlue
mtb-5852988,mtbproject,https://www.mtbproject.com/trail/5852988/can-o-corn,Can O' Corn,34.8534,-92.3192,point_trailhead,34.8534,-92.3192,,,,2.2,4.0,mtbproject_avg,,3,greenBlue,,"Maumelle, Arkansas",Arkansas,United States,,,,mtbproject_trailhead,difficulty=greenBlue
mtb-5853631,mtbproject,https://www.mtbproject.com/trail/5853631/dead-elvis,Dead Elvis,34.8585,-92.3117,point_trailhead,34.8585,-92.3117,,,,0.9,4.0,mtbproject_avg,,2,greenBlue,,"Maumelle, Arkansas",Arkansas,United States,,,,mtbproject_trailhead,difficulty=greenBlue
mtb-6006118,mtbproject,https://www.mtbproject.com/trail/6006118/center-road,Center Road,34.8502,-92.3001,point_trailhead,34.8502,-92.3001,,,,0.5,4.0,mtbproject_avg,,2,green,,"Gibson, Arkansas",Arkansas,United States,,,,mtbproject_trailhead,difficulty=green
mtb-5857437,mtbproject,https://www.mtbproject.com/trail/5857437/xmas-tree-connects-yucca-with-elevator,XMAS TREE - connects Yucca with Elevator.,34.8513,-92.3023,point_trailhead,34.8513,-92.3023,,,,0.9,4.0,mtbproject_avg,,1,greenBlue,,"Gibson, Arkansas",Arkansas,United States,,,,mtbproject_trailhead,difficulty=greenBlue
mtb-7010114,mtbproject,https://www.mtbproject.com/trail/7010114/lercher-15-yellow-trail,Lercher 15 Yellow Trail,35.1876,-91.8868,point_trailhead,35.1876,-91.8868,,,,12.0,4.5,mtbproject_avg,,2,greenBlue,,"Beebe, Arkansas",Arkansas,United States,,,,mtbproject_trailhead,difficulty=greenBlue
mtb-7010119,mtbproject,https://www.mtbproject.com/trail/7010119/unmapped-red-trail,Unmapped Red Trail,35.1913,-91.8847,point_trailhead,35.1913,-91.8847,,,,1.0,5.0,mtbproject_avg,,1,greenBlue,,"Beebe, Arkansas",Arkansas,United States,,,,mtbproject_trailhead,difficulty=greenBlue
mtb-7010117,mtbproject,https://www.mtbproject.com/trail/7010117/mansion-field-loop,Mansion Field loop,35.1929,-91.8774,point_trailhead,35.1929,-91.8774,,,,0.5,4.0,mtbproject_avg,,1,green,,"Beebe, Arkansas",Arkansas,United States,,,,mtbproject_trailhead,difficulty=green
mtb-7010205,mtbproject,https://www.mtbproject.com/trail/7010205/red-5,Red # 5,35.1961,-91.8839,point_trailhead,35.1961,-91.8839,,,,1.2,4.0,mtbproject_avg,,1,greenBlue,,"Beebe, Arkansas",Arkansas,United States,,,,mtbproject_trailhead,difficulty=greenBlue
mtb-7011222,mtbproject,https://www.mtbproject.com/trail/7011222/wolf-river-trails-wrt,Wolf River Trails (WRT),35.1262,-89.8513,point_trailhead,35.1262,-89.8513,,,,12.8,3.8,mtbproject_avg,,8,greenBlue,,"Germantown, Tennessee",Tennessee,United States,,,,mtbproject_trailhead,difficulty=greenBlue
mtb-7011339,mtbproject,https://www.mtbproject.com/trail/7011339/white-trail,White Trail,35.126,-89.8452,point_trailhead,35.126,-89.8452,,,,1.9,5.0,mtbproject_avg,,1,greenBlue,,"Germantown, Tennessee",Tennessee,United States,,,,mtbproject_trailhead,difficulty=greenBlue
mtb-7011332,mtbproject,https://www.mtbproject.com/trail/7011332/yellow-trail,Yellow Trail,35.1185,-89.8063,point_trailhead,35.1185,-89.8063,,,,6.5,4.0,mtbproject_avg,,2,green,,"Germantown, Tennessee",Tennessee,United States,,,,mtbproject_trailhead,difficulty=green
mtb-7011529,mtbproject,https://www.mtbproject.com/trail/7011529/yellow-trail,Yellow Trail,35.2217,-89.8699,point_trailhead,35.2217,-89.8699,,,,1.9,3.8,mtbproject_avg,,5,greenBlue,,"Bartlett, Tennessee",Tennessee,United States,,,,mtbproject_trailhead,difficulty=greenBlue
mtb-7010500,mtbproject,https://www.mtbproject.com/trail/7010500/herb-parsons-lake-trail,Herb Parsons Lake Trail,35.1357,-89.6257,point_trailhead,35.1357,-89.6257,,,,9.7,3.8,mtbproject_avg,,6,greenBlue,,"Piperton, Tennessee",Tennessee,United States,,,,mtbproject_trailhead,difficulty=greenBlue
mtb-7031118,mtbproject,https://www.mtbproject.com/trail/7031118/chattanooga-connector-trail-cct,Chattanooga Connector Trail (CCT),34.9546,-85.3809,point_trailhead,34.9546,-85.3809,,,,4.2,5.0,mtbproject_avg,,1,greenBlue,,"Lookout Mountain, Georgia",Georgia,United States,,,,mtbproject_trailhead,difficulty=greenBlue
mtb-6285381,mtbproject,https://www.mtbproject.com/trail/6285381/switch-yard,Switch Yard,35.0518,-85.3845,point_trailhead,35.0518,-85.3845,,,,0.8,4.4,mtbproject_avg,,8,green,,"Chattanooga, Tennessee",Tennessee,United States,,,,mtbproject_trailhead,difficulty=green
mtb-7013711,mtbproject,https://www.mtbproject.com/trail/7013711/electric-avenue-1,Electric Avenue 1,35.0433,-85.3857,point_trailhead,35.0433,-85.3857,,,,1.7,4.1,mtbproject_avg,,9,greenBlue,,"Chattanooga, Tennessee",Tennessee,United States,,,,mtbproject_trailhead,difficulty=greenBlue
mtb-956821,mtbproject,https://www.mtbproject.com/trail/956821/shale-flats-trail,Shale Flats Trail,34.8401,-85.4399,point_trailhead,34.8401,-85.4399,,,,1.0,4.3,mtbproject_avg,,3,green,,"Trenton, Georgia",Georgia,United States,,,,mtbproject_trailhead,difficulty=green
mtb-956904,mtbproject,https://www.mtbproject.com/trail/956904/peace-can-trail,Peace Can Trail,34.851,-85.4247,point_trailhead,34.851,-85.4247,,,,1.2,4.3,mtbproject_avg,,4,green,,"Trenton, Georgia",Georgia,United States,,,,mtbproject_trailhead,difficulty=green
mtb-7006297,mtbproject,https://www.mtbproject.com/trail/7006297/small-intestine,Small Intestine,35.0586,-85.3854,point_trailhead,35.0586,-85.3854,,,,2.6,3.9,mtbproject_avg,,7,greenBlue,,"Chattanooga, Tennessee",Tennessee,United States,,,,mtbproject_trailhead,difficulty=greenBlue
mtb-956872,mtbproject,https://www.mtbproject.com/trail/956872/micks-trail,Mick's Trail,34.8465,-85.4441,point_trailhead,34.8465,-85.4441,,,,1.3,4.0,mtbproject_avg,,3,green,,"Trenton, Georgia",Georgia,United States,,,,mtbproject_trailhead,difficulty=green
mtb-7018415,mtbproject,https://www.mtbproject.com/trail/7018415/bauxite,Bauxite,35.0452,-85.0436,point_trailhead,35.0452,-85.0436,,,,17.5,5.0,mtbproject_avg,,8,greenBlue,,"Collegedale, Tennessee",Tennessee,United States,,,,mtbproject_trailhead,difficulty=greenBlue
mtb-7018639,mtbproject,https://www.mtbproject.com/trail/7018639/pine,Pine,35.0417,-85.0649,point_trailhead,35.0417,-85.0649,,,,1.1,5.0,mtbproject_avg,,3,greenBlue,,"Collegedale, Tennessee",Tennessee,United States,,,,mtbproject_trailhead,difficulty=greenBlue
mtb-7020187,mtbproject,https://www.mtbproject.com/trail/7020187/murky-marsh,Murky Marsh,35.0281,-85.0382,point_trailhead,35.0281,-85.0382,,,,3.5,5.0,mtbproject_avg,,1,greenBlue,,"Apison, Tennessee",Tennessee,United States,,,,mtbproject_trailhead,difficulty=greenBlue
mtb-7020183,mtbproject,https://www.mtbproject.com/trail/7020183/pogos-place,Pogo's Place,35.0281,-85.0382,point_trailhead,35.0281,-85.0382,,,,1.1,5.0,mtbproject_avg,,1,greenBlue,,"Apison, Tennessee",Tennessee,United States,,,,mtbproject_trailhead,difficulty=greenBlue
mtb-7021005,mtbproject,https://www.mtbproject.com/trail/7021005/hercules,Hercules,35.0855,-85.116,point_trailhead,35.0855,-85.116,,,,0.2,5.0,mtbproject_avg,,1,green,,"Harrison, Tennessee",Tennessee,United States,,,,mtbproject_trailhead,difficulty=green
mtb-914052,mtbproject,https://www.mtbproject.com/trail/914052/black-forest-mountain-bike-trail,Black Forest Mountain Bike Trail,35.0839,-85.1132,point_trailhead,35.0839,-85.1132,,,,1.7,4.5,mtbproject_avg,,8,green,,"Harrison, Tennessee",Tennessee,United States,,,,mtbproject_trailhead,difficulty=green
mtb-7018645,mtbproject,https://www.mtbproject.com/trail/7018645/coyote,Coyote,35.0465,-85.061,point_trailhead,35.0465,-85.061,,,,1.1,4.3,mtbproject_avg,,3,greenBlue,,"Collegedale, Tennessee",Tennessee,United States,,,,mtbproject_trailhead,difficulty=greenBlue
mtb-7021007,mtbproject,https://www.mtbproject.com/trail/7021007/crashing-creek,Crashing Creek,35.0198,-85.0285,point_trailhead,35.0198,-85.0285,,,,0.6,4.0,mtbproject_avg,,1,green,,"Apison, Tennessee",Tennessee,United States,,,,mtbproject_trailhead,difficulty=green
mtb-872644,mtbproject,https://www.mtbproject.com/trail/872644/brush-creek,Brush Creek,35.0421,-84.4521,point_trailhead,35.0421,-84.4521,,,,14.0,4.0,mtbproject_avg,,18,greenBlue,,"Ducktown, Tennessee",Tennessee,United States,,,,mtbproject_trailhead,difficulty=greenBlue
mtb-7029384,mtbproject,https://www.mtbproject.com/trail/7029384/lake-side-trail,Lake Side Trail,34.8914,-84.7269,point_trailhead,34.8914,-84.7269,,,,1.4,5.0,mtbproject_avg,,1,greenBlue,,"Chatsworth, Georgia",Georgia,United States,,,,mtbproject_trailhead,difficulty=greenBlue
mtb-7030277,mtbproject,https://www.mtbproject.com/trail/7030277/bear-trax,Bear Trax,34.8902,-84.7325,point_trailhead,34.8902,-84.7325,,,,0.8,4.0,mtbproject_avg,,2,greenBlue,,"Chatsworth, Georgia",Georgia,United States,,,,mtbproject_trailhead,difficulty=greenBlue
mtb-7003389,mtbproject,https://www.mtbproject.com/trail/7003389/jackrabbit-mountain,Jackrabbit Mountain,35.001,-83.7626,point_trailhead,35.001,-83.7626,,,,11.3,4.4,mtbproject_avg,,16,greenBlue,,"Hayesville, North Carolina",North Carolina,United States,,,,mtbproject_trailhead,difficulty=greenBlue
mtb-7003397,mtbproject,https://www.mtbproject.com/trail/7003397/sneaking-creek,Sneaking Creek,35.0014,-83.7695,point_trailhead,35.0014,-83.7695,,,,2.3,4.0,mtbproject_avg,,4,greenBlue,,"Hayesville, North Carolina",North Carolina,United States,,,,mtbproject_trailhead,difficulty=greenBlue
mtb-7003401,mtbproject,https://www.mtbproject.com/trail/7003401/burrell-cove,Burrell Cove,34.9989,-83.7768,point_trailhead,34.9989,-83.7768,,,,1.6,4.0,mtbproject_avg,,4,greenBlue,,"Hayesville, North Carolina",North Carolina,United States,,,,mtbproject_trailhead,difficulty=greenBlue
mtb-7005029,mtbproject,https://www.mtbproject.com/trail/7005029/yotees-run,Yotee's Run,35.0028,-83.7806,point_trailhead,35.0028,-83.7806,,,,1.5,4.0,mtbproject_avg,,4,greenBlue,,"Hayesville, North Carolina",North Carolina,United States,,,,mtbproject_trailhead,difficulty=greenBlue
mtb-7013215,mtbproject,https://www.mtbproject.com/trail/7013215/bluff,Bluff,35.2757,-82.3167,point_trailhead,35.2757,-82.3167,,,,0.7,5.0,mtbproject_avg,,3,dblack,,"East Flat Rock, North Carolina",North Carolina,United States,,,,mtbproject_trailhead,difficulty=dblack
mtb-7013218,mtbproject,https://www.mtbproject.com/trail/7013218/long-ridge,Long Ridge,35.2905,-82.3186,point_trailhead,35.2905,-82.3186,,,,1.7,4.8,mtbproject_avg,,4,greenBlue,,"Dana, North Carolina",North Carolina,United States,,,,mtbproject_trailhead,difficulty=greenBlue
mtb-5673381,mtbproject,https://www.mtbproject.com/trail/5673381/hilltop,Hilltop,35.1988,-82.6115,point_trailhead,35.1988,-82.6115,,,,0.9,4.3,mtbproject_avg,,7,greenBlue,,"Etowah, North Carolina",North Carolina,United States,,,,mtbproject_trailhead,difficulty=greenBlue
mtb-7013962,mtbproject,https://www.mtbproject.com/trail/7013962/perimeter-trail,Perimeter Trail,34.9687,-82.443,point_trailhead,34.9687,-82.443,,,,0.6,4.2,mtbproject_avg,,6,greenBlue,,"Travelers Rest, South Carolina",South Carolina,United States,,,,mtbproject_trailhead,difficulty=greenBlue
mtb-7020897,mtbproject,https://www.mtbproject.com/trail/7020897/sky-valley-road,Sky Valley Road,35.2283,-82.5966,point_trailhead,35.2283,-82.5966,,,,4.6,4.0,mtbproject_avg,,2,green,,"Etowah, North Carolina",North Carolina,United States,,,,mtbproject_trailhead,difficulty=green
mtb-4998775,mtbproject,https://www.mtbproject.com/trail/4998775/turtle-trail,Turtle Trail,34.9264,-82.3756,point_trailhead,34.9264,-82.3756,,,,0.4,4.0,mtbproject_avg,,1,green,,"Wade Hampton, South Carolina",South Carolina,United States,,,,mtbproject_trailhead,difficulty=green
mtb-7031612,mtbproject,https://www.mtbproject.com/trail/7031612/fern-gully-trail,Fern Gully Trail,34.8551,-81.8575,point_trailhead,34.8551,-81.8575,,,,0.8,4.0,mtbproject_avg,,1,greenBlue,,"Roebuck, South Carolina",South Carolina,United States,,,,mtbproject_trailhead,difficulty=greenBlue
mtb-7033305,mtbproject,https://www.mtbproject.com/trail/7033305/ballantyne-district-park,Ballantyne District Park,35.0407,-80.8245,point_trailhead,35.0407,-80.8245,,,,2.1,4.0,mtbproject_avg,,4,greenBlue,,"Marvin, North Carolina",North Carolina,United States,,,,mtbproject_trailhead,difficulty=greenBlue
mtb-7031221,mtbproject,https://www.mtbproject.com/trail/7031221/thread-loop,Thread Loop,35.2757,-81.0048,point_trailhead,35.2757,-81.0048,,,,2.7,5.0,mtbproject_avg,,1,greenBlue,,"Mount Holly, North Carolina",North Carolina,United States,,,,mtbproject_trailhead,difficulty=greenBlue
mtb-7007183,mtbproject,https://www.mtbproject.com/trail/7007183/wwc-east-main-extension,WWC East Main Extension,35.2754,-80.9969,point_trailhead,35.2754,-80.9969,,,,1.0,5.0,mtbproject_avg,,1,blueBlack,,"Mount Holly, North Carolina",North Carolina,United States,,,,mtbproject_trailhead,mtbproject type=Connector
mtb-7033262,mtbproject,https://www.mtbproject.com/trail/7033262/tunnel-trail,Tunnel Trail,35.0197,-80.9244,point_trailhead,35.0197,-80.9244,,,,0.9,5.0,mtbproject_avg,,1,greenBlue,,"Fort Mill, South Carolina",South Carolina,United States,,,,mtbproject_trailhead,difficulty=greenBlue
mtb-7021145,mtbproject,https://www.mtbproject.com/trail/7021145/morris-loop,Morris Loop,35.0286,-80.9868,point_trailhead,35.0286,-80.9868,,,,1.0,4.0,mtbproject_avg,,2,greenBlue,,"Tega Cay, South Carolina",South Carolina,United States,,,,mtbproject_trailhead,difficulty=greenBlue
mtb-7011952,mtbproject,https://www.mtbproject.com/trail/7011952/cane-creek-red-loop-north,Cane Creek Red Loop (North),34.8425,-80.6801,point_trailhead,34.8425,-80.6801,,,,3.4,4.0,mtbproject_avg,,3,greenBlue,,"Mineral Springs, North Carolina",North Carolina,United States,,,,mtbproject_trailhead,difficulty=greenBlue
mtb-7006835,mtbproject,https://www.mtbproject.com/trail/7006835/lower-crespi-trail,Lower Crespi Trail,35.3422,-120.8181,point_trailhead,35.3422,-120.8181,,,,1.6,5.0,mtbproject_avg,,1,greenBlue,,"Los Osos, California",California,United States,,,,mtbproject_trailhead,difficulty=greenBlue
mtb-7007187,mtbproject,https://www.mtbproject.com/trail/7007187/chumash-trail,Chumash Trail,35.3316,-120.8164,point_trailhead,35.3316,-120.8164,,,,0.9,4.0,mtbproject_avg,,2,greenBlue,,"Los Osos, California",California,United States,,,,mtbproject_trailhead,difficulty=greenBlue
mtb-7005324,mtbproject,https://www.mtbproject.com/trail/7005324/park-ridge-trail,Park Ridge Trail,35.3414,-120.8236,point_trailhead,35.3414,-120.8236,,,,1.0,4.0,mtbproject_avg,,1,greenBlue,,"Los Osos, California",California,United States,,,,mtbproject_trailhead,difficulty=greenBlue
mtb-5500184,mtbproject,https://www.mtbproject.com/trail/5500184/hart-prairie-loop,Hart Prairie Loop,35.3843,-111.7367,point_trailhead,35.3843,-111.7367,,,,14.7,4.4,mtbproject_avg,,16,greenBlue,,"Flagstaff, Arizona",Arizona,United States,,,,mtbproject_trailhead,difficulty=greenBlue
mtb-937006,mtbproject,https://www.mtbproject.com/trail/937006/arizona-trail-aspen-corner-to-fr-418,Arizona Trail (Aspen Corner to FR 418),35.3223,-111.7205,point_trailhead,35.3223,-111.7205,,,,7.0,4.6,mtbproject_avg,,11,greenBlue,,"Flagstaff, Arizona",Arizona,United States,,,,mtbproject_trailhead,difficulty=greenBlue
mtb-4938126,mtbproject,https://www.mtbproject.com/trail/4938126/middle-loop,Middle loop,35.5304,-108.8343,point_trailhead,35.5304,-108.8343,,,,3.5,4.0,mtbproject_avg,,1,greenBlue,,"Gallup, New Mexico",New Mexico,United States,,,,mtbproject_trailhead,difficulty=greenBlue
mtb-3368549,mtbproject,https://www.mtbproject.com/trail/3368549/strawberry-canyon-trail,Strawberry Canyon Trail,35.3748,-108.52,point_trailhead,35.3748,-108.52,,,,2.0,4.0,mtbproject_avg,,2,green,,"Fort Wingate, New Mexico",New Mexico,United States,,,,mtbproject_trailhead,difficulty=green
mtb-7022795,mtbproject,https://www.mtbproject.com/trail/7022795/little-tesuque-creek-trail,Little Tesuque Creek Trail,35.7261,-105.8868,point_trailhead,35.7261,-105.8868,,,,0.9,5.0,mtbproject_avg,,1,green,,"Santa Fe, New Mexico",New Mexico,United States,,,,mtbproject_trailhead,difficulty=green
mtb-7022957,mtbproject,https://www.mtbproject.com/trail/7022957/trail-junction-19-23,Trail Junction 19-23,35.7069,-105.9768,point_trailhead,35.7069,-105.9768,,,,0.8,5.0,mtbproject_avg,,1,greenBlue,,"Santa Fe, New Mexico",New Mexico,United States,,,,mtbproject_trailhead,difficulty=greenBlue
mtb-7001771,mtbproject,https://www.mtbproject.com/trail/7001771/nathans-trace,Nathan's Trace,35.4674,-105.94,point_trailhead,35.4674,-105.94,,,,2.1,4.0,mtbproject_avg,,5,greenBlue,,"Eldorado at Santa Fe, New Mexico",New Mexico,United States,,,,mtbproject_trailhead,difficulty=greenBlue
mtb-4893230,mtbproject,https://www.mtbproject.com/trail/4893230/calabasas-trail,Calabasas Trail,35.7264,-105.9419,point_trailhead,35.7264,-105.9419,,,,1.4,4.0,mtbproject_avg,,1,greenBlue,,"Santa Fe, New Mexico",New Mexico,United States,,,,mtbproject_trailhead,difficulty=greenBlue
mtb-7022993,mtbproject,https://www.mtbproject.com/trail/7022993/jaimes-haunt,Jaime's Haunt,35.7223,-105.9848,point_trailhead,35.7223,-105.9848,,,,0.6,4.0,mtbproject_avg,,1,green,,"Santa Fe, New Mexico",New Mexico,United States,,,,mtbproject_trailhead,difficulty=green
mtb-7026532,mtbproject,https://www.mtbproject.com/trail/7026532/upper-ruiz,Upper Ruiz,35.6065,-105.7785,point_trailhead,35.6065,-105.7785,,,,0.7,5.0,mtbproject_avg,,1,greenBlue,,"Pecos, New Mexico",New Mexico,United States,,,,mtbproject_trailhead,difficulty=greenBlue
mtb-7030966,mtbproject,https://www.mtbproject.com/trail/7030966/green-trail,Green Trail,35.49,-97.4,point_trailhead,35.49,-97.4,,,,0.6,5.0,mtbproject_avg,,1,green,,"Midwest City, Oklahoma",Oklahoma,United States,,,,mtbproject_trailhead,difficulty=green
mtb-129077,mtbproject,https://www.mtbproject.com/trail/129077/green-loop,Green Loop,35.3815,-97.3527,point_trailhead,35.3815,-97.3527,,,,3.5,4.0,mtbproject_avg,,2,greenBlue,,"Midwest City, Oklahoma",Oklahoma,United States,,,,mtbproject_trailhead,difficulty=greenBlue
mtb-7011397,mtbproject,https://www.mtbproject.com/trail/7011397/creek-run,Creek Run,35.5449,-94.8166,point_trailhead,35.5449,-94.8166,,,,1.8,4.0,mtbproject_avg,,1,greenBlue,,"Sallisaw, Oklahoma",Oklahoma,United States,,,,mtbproject_trailhead,difficulty=greenBlue
mtb-7011398,mtbproject,https://www.mtbproject.com/trail/7011398/lakeview,Lakeview,35.5432,-94.8189,point_trailhead,35.5432,-94.8189,,,,0.9,4.0,mtbproject_avg,,1,greenBlue,,"Sallisaw, Oklahoma",Oklahoma,United States,,,,mtbproject_trailhead,difficulty=greenBlue
mtb-7020916,mtbproject,https://www.mtbproject.com/trail/7020916/parker-loop,Parker Loop,35.3038,-94.3444,point_trailhead,35.3038,-94.3444,,,,1.8,5.0,mtbproject_avg,,1,green,,"Barling, Arkansas",Arkansas,United States,,,,mtbproject_trailhead,difficulty=green
mtb-7021009,mtbproject,https://www.mtbproject.com/trail/7021009/parker-loop,Parker Loop,35.3031,-94.3465,point_trailhead,35.3031,-94.3465,,,,1.4,5.0,mtbproject_avg,,1,greenBlue,,"Barling, Arkansas",Arkansas,United States,,,,mtbproject_trailhead,difficulty=greenBlue
mtb-7003021,mtbproject,https://www.mtbproject.com/trail/7003021/springhill-mountain-bike-trail,Springhill Mountain Bike Trail,35.3488,-94.3008,point_trailhead,35.3488,-94.3008,,,,9.4,4.3,mtbproject_avg,,12,greenBlue,,"Barling, Arkansas",Arkansas,United States,,,,mtbproject_trailhead,difficulty=greenBlue
mtb-7020702,mtbproject,https://www.mtbproject.com/trail/7020702/beaver-dam-trail,Beaver Dam Trail,35.3128,-94.3532,point_trailhead,35.3128,-94.3532,,,,3.0,4.3,mtbproject_avg,,3,greenBlue,,"Barling, Arkansas",Arkansas,United States,,,,mtbproject_trailhead,difficulty=greenBlue
mtb-7032622,mtbproject,https://www.mtbproject.com/trail/7032622/boston-mountain-trail-loop-a,Boston Mountain Trail - Loop A,35.6961,-94.1194,point_trailhead,35.6961,-94.1194,,,,3.3,4.0,mtbproject_avg,,2,greenBlue,,"Mulberry, Arkansas",Arkansas,United States,,,,mtbproject_trailhead,difficulty=greenBlue
mtb-7022719,mtbproject,https://www.mtbproject.com/trail/7022719/the-sweet-spot,The Sweet Spot,35.3158,-93.1628,point_trailhead,35.3158,-93.1628,,,,3.3,4.7,mtbproject_avg,,3,greenBlue,,"Russellville, Arkansas",Arkansas,United States,,,,mtbproject_trailhead,difficulty=greenBlue
mtb-7022718,mtbproject,https://www.mtbproject.com/trail/7022718/white-trail,White Trail,35.3199,-93.184,point_trailhead,35.3199,-93.184,,,,1.6,4.0,mtbproject_avg,,1,greenBlue,,"London, Arkansas",Arkansas,United States,,,,mtbproject_trailhead,difficulty=greenBlue
mtb-7022720,mtbproject,https://www.mtbproject.com/trail/7022720/green-trail,Green Trail,35.3092,-93.1571,point_trailhead,35.3092,-93.1571,,,,1.2,4.0,mtbproject_avg,,1,greenBlue,,"Russellville, Arkansas",Arkansas,United States,,,,mtbproject_trailhead,difficulty=greenBlue
mtb-7022442,mtbproject,https://www.mtbproject.com/trail/7022442/cross-country-trail,Cross Country Trail,35.7768,-91.6271,point_trailhead,35.7768,-91.6271,,,,1.5,4.0,mtbproject_avg,,2,greenBlue,,"Batesville, Arkansas",Arkansas,United States,,,,mtbproject_trailhead,difficulty=greenBlue
mtb-7001370,mtbproject,https://www.mtbproject.com/trail/7001370/yellow-loop,Yellow Loop,35.7743,-90.7015,point_trailhead,35.7743,-90.7015,,,,1.2,4.0,mtbproject_avg,,2,green,,"Jonesboro, Arkansas",Arkansas,United States,,,,mtbproject_trailhead,difficulty=green
mtb-3817094,mtbproject,https://www.mtbproject.com/trail/3817094/thompson-loop,Thompson Loop,35.4076,-83.594,point_trailhead,35.4076,-83.594,,,,6.2,4.6,mtbproject_avg,,7,greenBlue,,"Bryson City, North Carolina",North Carolina,United States,,,,mtbproject_trailhead,difficulty=greenBlue
mtb-7030147,mtbproject,https://www.mtbproject.com/trail/7030147/tinkers-dream,Tinker's Dream,35.4882,-83.3237,point_trailhead,35.4882,-83.3237,,,,0.8,4.0,mtbproject_avg,,2,greenBlue,,"Cherokee, North Carolina",North Carolina,United States,,,,mtbproject_trailhead,difficulty=greenBlue
mtb-7012229,mtbproject,https://www.mtbproject.com/trail/7012229/oconaluftee-river-trail,Oconaluftee River Trail,35.5133,-83.3056,point_trailhead,35.5133,-83.3056,,,,1.6,4.0,mtbproject_avg,,1,green,,"Cherokee, North Carolina",North Carolina,United States,,,,mtbproject_trailhead,difficulty=green
mtb-7030151,mtbproject,https://www.mtbproject.com/trail/7030151/kates-wave,Kate's Wave,35.4787,-83.3263,point_trailhead,35.4787,-83.3263,,,,0.6,4.0,mtbproject_avg,,1,greenBlue,,"Cherokee, North Carolina",North Carolina,United States,,,,mtbproject_trailhead,difficulty=greenBlue
mtb-7001330,mtbproject,https://www.mtbproject.com/trail/7001330/farlow-gap-trail,Farlow Gap Trail,35.291,-82.8714,point_trailhead,35.291,-82.8714,,,,3.1,4.7,mtbproject_avg,,16,dblack,,"Brevard, North Carolina",North Carolina,United States,,,,mtbproject_trailhead,difficulty=dblack
mtb-7029986,mtbproject,https://www.mtbproject.com/trail/7029986/cove-creek-trail-340,Cove Creek Trail #340,35.3111,-82.8164,point_trailhead,35.3111,-82.8164,,,,3.0,4.0,mtbproject_avg,,2,greenBlue,,", North Carolina",North Carolina,United States,,,,mtbproject_trailhead,difficulty=greenBlue
mtb-7029159,mtbproject,https://www.mtbproject.com/trail/7029159/gribble-gap-loop,Gribble Gap Loop,35.3068,-83.2083,point_trailhead,35.3068,-83.2083,,,,1.2,4.0,mtbproject_avg,,1,greenBlue,,"Cullowhee, North Carolina",North Carolina,United States,,,,mtbproject_trailhead,difficulty=greenBlue
mtb-7014539,mtbproject,https://www.mtbproject.com/trail/7014539/pisgah-area-sorba-beginners-loop,Pisgah Area SORBA Beginner's Loop,35.4881,-82.6244,point_trailhead,35.4881,-82.6244,,,,6.2,4.7,mtbproject_avg,,10,greenBlue,,"Bent Creek, North Carolina",North Carolina,United States,,,,mtbproject_trailhead,difficulty=greenBlue
mtb-3410072,mtbproject,https://www.mtbproject.com/trail/3410072/deer-lake-lodge,Deer Lake Lodge,35.4904,-82.6285,point_trailhead,35.4904,-82.6285,,,,1.3,4.3,mtbproject_avg,,3,green,,"Bent Creek, North Carolina",North Carolina,United States,,,,mtbproject_trailhead,difficulty=green
mtb-7027835,mtbproject,https://www.mtbproject.com/trail/7027835/thrift-cove-trail-603,Thrift Cove Trail #603,35.2868,-82.7211,point_trailhead,35.2868,-82.7211,,,,2.1,4.3,mtbproject_avg,,4,greenBlue,,"Brevard, North Carolina",North Carolina,United States,,,,mtbproject_trailhead,difficulty=greenBlue
mtb-841867,mtbproject,https://www.mtbproject.com/trail/841867/hard-times-connector,Hard Times Connector,35.4949,-82.6177,point_trailhead,35.4949,-82.6177,,,,0.8,4.2,mtbproject_avg,,6,greenBlue,,"Bent Creek, North Carolina",North Carolina,United States,,,,mtbproject_trailhead,difficulty=greenBlue
mtb-3439296,mtbproject,https://www.mtbproject.com/trail/3439296/boyd-branch,Boyd Branch,35.4905,-82.6443,point_trailhead,35.4905,-82.6443,,,,0.6,4.3,mtbproject_avg,,4,green,,"Bent Creek, North Carolina",North Carolina,United States,,,,mtbproject_trailhead,difficulty=green
mtb-5173386,mtbproject,https://www.mtbproject.com/trail/5173386/old-mitchell-toll-road,Old Mitchell Toll Road,35.6361,-82.2859,point_trailhead,35.6361,-82.2859,,,,9.1,4.0,mtbproject_avg,,1,greenBlue,,"Black Mountain, North Carolina",North Carolina,United States,,,,mtbproject_trailhead,difficulty=greenBlue
mtb-5494512,mtbproject,https://www.mtbproject.com/trail/5494512/lake-james-state-park,Lake James State Park,35.7598,-81.888,point_trailhead,35.7598,-81.888,,,,12.9,4.3,mtbproject_avg,,22,greenBlue,,"Glen Alpine, North Carolina",North Carolina,United States,,,,mtbproject_trailhead,difficulty=greenBlue
mtb-5698296,mtbproject,https://www.mtbproject.com/trail/5698296/west-wimba-loop,West Wimba Loop,35.7594,-81.8899,point_trailhead,35.7594,-81.8899,,,,5.2,4.7,mtbproject_avg,,6,greenBlue,,"Glen Alpine, North Carolina",North Carolina,United States,,,,mtbproject_trailhead,difficulty=greenBlue
mtb-5172151,mtbproject,https://www.mtbproject.com/trail/5172151/old-us-70,Old US 70,35.6359,-82.219,point_trailhead,35.6359,-82.219,,,,3.9,4.5,mtbproject_avg,,2,greenBlue,,"Black Mountain, North Carolina",North Carolina,United States,,,,mtbproject_trailhead,difficulty=greenBlue
mtb-5699643,mtbproject,https://www.mtbproject.com/trail/5699643/tindo-loops,Tindo Loops,35.7592,-81.894,point_trailhead,35.7592,-81.894,,,,2.3,3.9,mtbproject_avg,,8,green,,"Glen Alpine, North Carolina",North Carolina,United States,,,,mtbproject_trailhead,difficulty=green
mtb-7003751,mtbproject,https://www.mtbproject.com/trail/7003751/woodland-trail,Woodland Trail,35.6287,-81.3127,point_trailhead,35.6287,-81.3127,,,,2.1,4.3,mtbproject_avg,,16,greenBlue,,"Mountain View, North Carolina",North Carolina,United States,,,,mtbproject_trailhead,difficulty=greenBlue
mtb-1103692,mtbproject,https://www.mtbproject.com/trail/1103692/lake-norman-state-park,Lake Norman State Park,35.6735,-80.9327,point_trailhead,35.6735,-80.9327,,,,26.0,4.2,mtbproject_avg,,37,greenBlue,,"Troutman, North Carolina",North Carolina,United States,,,,mtbproject_trailhead,difficulty=greenBlue
mtb-777538,mtbproject,https://www.mtbproject.com/trail/777538/monbo,Monbo,35.6739,-80.9369,point_trailhead,35.6739,-80.9369,,,,5.3,4.2,mtbproject_avg,,13,greenBlue,,"Troutman, North Carolina",North Carolina,United States,,,,mtbproject_trailhead,difficulty=greenBlue
mtb-956695,mtbproject,https://www.mtbproject.com/trail/956695/north-mecklenburg,North Mecklenburg,35.4335,-80.8465,point_trailhead,35.4335,-80.8465,,,,2.9,3.8,mtbproject_avg,,19,greenBlue,,"Huntersville, North Carolina",North Carolina,United States,,,,mtbproject_trailhead,difficulty=greenBlue
mtb-1194452,mtbproject,https://www.mtbproject.com/trail/1194452/wildlife-loop,Wildlife Loop,35.664,-80.9238,point_trailhead,35.664,-80.9238,,,,3.6,4.1,mtbproject_avg,,8,greenBlue,,"Troutman, North Carolina",North Carolina,United States,,,,mtbproject_trailhead,difficulty=greenBlue
mtb-1011761,mtbproject,https://www.mtbproject.com/trail/1011761/main-loop,Main Loop,35.49,-80.7988,point_trailhead,35.49,-80.7988,,,,2.0,4.2,mtbproject_avg,,5,greenBlue,,"Davidson, North Carolina",North Carolina,United States,,,,mtbproject_trailhead,difficulty=greenBlue
mtb-7032236,mtbproject,https://www.mtbproject.com/trail/7032236/buffalo-creek-preserve-trail,Buffalo Creek Preserve Trail,35.3795,-80.4442,point_trailhead,35.3795,-80.4442,,,,2.1,4.0,mtbproject_avg,,2,greenBlue,,"Mount Pleasant, North Carolina",North Carolina,United States,,,,mtbproject_trailhead,difficulty=greenBlue
mtb-940608,mtbproject,https://www.mtbproject.com/trail/940608/wood-run,Wood Run,35.3245,-80.0366,point_trailhead,35.3245,-80.0366,,,,1.2,4.0,mtbproject_avg,,4,greenBlue,,"Mount Gilead, North Carolina",North Carolina,United States,,,,mtbproject_trailhead,difficulty=greenBlue
mtb-7014399,mtbproject,https://www.mtbproject.com/trail/7014399/homestead-connector,Homestead Connector,35.4886,-82.6227,point_trailhead,35.4886,-82.6227,,,,0.1,4.0,mtbproject_avg,,1,greenBlue,,"Bent Creek, North Carolina",North Carolina,United States,,,,mtbproject_trailhead,difficulty=greenBlue
mtb-7025896,mtbproject,https://www.mtbproject.com/trail/7025896/race-loop,Race Loop,35.3975,-79.3047,point_trailhead,35.3975,-79.3047,,,,1.4,4.0,mtbproject_avg,,1,greenBlue,,"Carthage, North Carolina",North Carolina,United States,,,,mtbproject_trailhead,difficulty=greenBlue
mtb-1192400,mtbproject,https://www.mtbproject.com/trail/1192400/fallstown-loop,Fallstown Loop,35.6608,-80.9202,point_trailhead,35.6608,-80.9202,,,,1.0,3.8,mtbproject_avg,,5,greenBlue,,"Troutman, North Carolina",North Carolina,United States,,,,mtbproject_trailhead,difficulty=greenBlue
mtb-7033192,mtbproject,https://www.mtbproject.com/trail/7033192/the-falcon-trail,The Falcon Trail,35.4764,-80.26,point_trailhead,35.4764,-80.26,,,,2.7,4.0,mtbproject_avg,,1,green,,"Albemarle, North Carolina",North Carolina,United States,,,,mtbproject_trailhead,difficulty=green
mtb-7032402,mtbproject,https://www.mtbproject.com/trail/7032402/mountain-laurel-loop,Mountain Laurel Loop,35.455,-78.9087,point_trailhead,35.455,-78.9087,,,,6.3,4.7,mtbproject_avg,,3,greenBlue,,"Broadway, North Carolina",North Carolina,United States,,,,mtbproject_trailhead,difficulty=greenBlue
mtb-6484503,mtbproject,https://www.mtbproject.com/trail/6484503/harris-beginner-loop,Harris Beginner Loop,35.6223,-78.9263,point_trailhead,35.6223,-78.9263,,,,0.7,4.7,mtbproject_avg,,3,green,,"Holly Springs, North Carolina",North Carolina,United States,,,,mtbproject_trailhead,difficulty=green
mtb-7003690,mtbproject,https://www.mtbproject.com/trail/7003690/chatham-mill-long-loop,Chatham Mill Long Loop,35.7275,-79.174,point_trailhead,35.7275,-79.174,,,,2.1,4.0,mtbproject_avg,,4,greenBlue,,"Pittsboro, North Carolina",North Carolina,United States,,,,mtbproject_trailhead,difficulty=greenBlue
mtb-7029681,mtbproject,https://www.mtbproject.com/trail/7029681/american-tobacco-trail,American Tobacco Trail,35.7153,-78.9433,point_trailhead,35.7153,-78.9433,,,,23.0,4.0,mtbproject_avg,,2,green,,"Scotts Mill, North Carolina",North Carolina,United States,,,,mtbproject_trailhead,difficulty=green
mtb-7031506,mtbproject,https://www.mtbproject.com/trail/7031506/rock-nest-monster,Rock Nest Monster,35.4791,-79.1258,point_trailhead,35.4791,-79.1258,,,,0.2,4.0,mtbproject_avg,,1,black,,"Sanford, North Carolina",North Carolina,United States,,,,mtbproject_trailhead,mtbproject type=Connector
mtb-7016766,mtbproject,https://www.mtbproject.com/trail/7016766/gatewood,Gatewood,35.4812,-79.1197,point_trailhead,35.4812,-79.1197,,,,0.7,4.0,mtbproject_avg,,1,blueBlack,,"Sanford, North Carolina",North Carolina,United States,,,,mtbproject_trailhead,mtbproject type=Connector
mtb-7022039,mtbproject,https://www.mtbproject.com/trail/7022039/slate-mountain-loop-from-camp-nelson,Slate Mountain Loop from Camp Nelson,36.1403,-118.6087,point_trailhead,36.1403,-118.6087,,,,23.3,5.0,mtbproject_avg,,1,dblack,,"Strathmore, California",California,United States,,,,mtbproject_trailhead,difficulty=dblack
mtb-581935,mtbproject,https://www.mtbproject.com/trail/581935/beginner-loop,Beginner Loop,36.0115,-115.4314,point_trailhead,36.0115,-115.4314,,,,3.9,4.2,mtbproject_avg,,23,green,,"Enterprise, Nevada",Nevada,United States,,,,mtbproject_trailhead,difficulty=green
mtb-7002682,mtbproject,https://www.mtbproject.com/trail/7002682/bomb-voyage,Bomb Voyage,36.1076,-115.3998,point_trailhead,36.1076,-115.3998,,,,3.2,4.0,mtbproject_avg,,5,dblack,,"Summerlin South, Nevada",Nevada,United States,,,,mtbproject_trailhead,difficulty=dblack
mtb-6273351,mtbproject,https://www.mtbproject.com/trail/6273351/bone-shaker,Bone Shaker,36.1081,-115.4103,point_trailhead,36.1081,-115.4103,,,,1.6,4.0,mtbproject_avg,,3,dblack,,"Summerlin South, Nevada",Nevada,United States,,,,mtbproject_trailhead,difficulty=dblack
mtb-4950913,mtbproject,https://www.mtbproject.com/trail/4950913/bob-gnarly,Bob Gnarly,36.1134,-115.4056,point_trailhead,36.1134,-115.4056,,,,1.4,4.0,mtbproject_avg,,3,dblack,,"Summerlin South, Nevada",Nevada,United States,,,,mtbproject_trailhead,difficulty=dblack
mtb-475696,mtbproject,https://www.mtbproject.com/trail/475696/par-noneimbapow,Par None/IMBA/POW,35.9698,-114.875,point_trailhead,35.9698,-114.875,,,,3.6,4.2,mtbproject_avg,,20,greenBlue,,"Boulder City, Nevada",Nevada,United States,,,,mtbproject_trailhead,difficulty=greenBlue
mtb-4215677,mtbproject,https://www.mtbproject.com/trail/4215677/the-sht,The Sh*t,35.9849,-114.8952,point_trailhead,35.9849,-114.8952,,,,2.6,4.0,mtbproject_avg,,4,dblack,,"Boulder City, Nevada",Nevada,United States,,,,mtbproject_trailhead,difficulty=dblack
mtb-7004444,mtbproject,https://www.mtbproject.com/trail/7004444/601-trail,601 Trail,35.998,-114.9964,point_trailhead,35.998,-114.9964,,,,5.6,4.0,mtbproject_avg,,4,greenBlue,,"Henderson, Nevada",Nevada,United States,,,,mtbproject_trailhead,difficulty=greenBlue
mtb-7010314,mtbproject,https://www.mtbproject.com/trail/7010314/kodachrome-road,Kodachrome Road,36.1833,-114.9241,point_trailhead,36.1833,-114.9241,,,,9.7,4.0,mtbproject_avg,,1,greenBlue,,"Sunrise Manor, Nevada",Nevada,United States,,,,mtbproject_trailhead,difficulty=greenBlue
mtb-7010315,mtbproject,https://www.mtbproject.com/trail/7010315/lava-butte-road,Lava Butte Road,36.1811,-114.917,point_trailhead,36.1811,-114.917,,,,9.1,4.0,mtbproject_avg,,1,green,,"Sunrise Manor, Nevada",Nevada,United States,,,,mtbproject_trailhead,difficulty=green
mtb-806891,mtbproject,https://www.mtbproject.com/trail/806891/lower-lake-view,Lower Lake View,35.9852,-114.8646,point_trailhead,35.9852,-114.8646,,,,2.0,3.8,mtbproject_avg,,5,greenBlue,,"Boulder City, Nevada",Nevada,United States,,,,mtbproject_trailhead,difficulty=greenBlue
mtb-3413469,mtbproject,https://www.mtbproject.com/trail/3413469/latenight-trail-cut-connect-the-latenight-trail-to-the-mustang-trail-beginner-lo,Latenight Trail Cut - Connect the Latenight Trail to the Mustang Trail & Beginner Loop,36.0118,-115.4534,point_trailhead,36.0118,-115.4534,,,,0.5,4.0,mtbproject_avg,,1,blue,,"Enterprise, Nevada",Nevada,United States,,,,mtbproject_trailhead,mtbproject type=Connector
mtb-4244946,mtbproject,https://www.mtbproject.com/trail/4244946/grapevine-drop-descends-north-to-south-cuts-a-portion-of-the-twilight-loop,"Grapevine Drop - Descends north to south, cuts a portion of the Twilight Loop",36.2911,-115.4901,point_trailhead,36.2911,-115.4901,,,,0.9,4.0,mtbproject_avg,,1,blue,,"Summerlin South, Nevada",Nevada,United States,,,,mtbproject_trailhead,mtbproject type=Connector
mtb-7012952,mtbproject,https://www.mtbproject.com/trail/7012952/hermit-road-greenway,Hermit Road Greenway,36.0606,-112.1827,point_trailhead,36.0606,-112.1827,,,,2.5,4.5,mtbproject_avg,,2,green,,"Grand Canyon Village, Arizona",Arizona,United States,,,,mtbproject_trailhead,difficulty=green
mtb-4009492,mtbproject,https://www.mtbproject.com/trail/4009492/meadow-trail,Meadow Trail,35.8958,-106.393,point_trailhead,35.8958,-106.393,,,,2.6,4.3,mtbproject_avg,,4,greenBlue,,"Los Alamos, New Mexico",New Mexico,United States,,,,mtbproject_trailhead,difficulty=greenBlue
mtb-4762517,mtbproject,https://www.mtbproject.com/trail/4762517/fish-hatchery-trail-fr-314,Fish Hatchery Trail (FR 314),35.9356,-106.6832,point_trailhead,35.9356,-106.6832,,,,4.9,4.0,mtbproject_avg,,3,green,,"Santa Teresa, New Mexico",New Mexico,United States,,,,mtbproject_trailhead,difficulty=green
mtb-4080602,mtbproject,https://www.mtbproject.com/trail/4080602/school-canyon-trail,School Canyon Trail,35.8906,-106.3195,point_trailhead,35.8906,-106.3195,,,,1.8,4.0,mtbproject_avg,,3,dblack,,"Los Alamos, New Mexico",New Mexico,United States,,,,mtbproject_trailhead,difficulty=dblack
mtb-7030552,mtbproject,https://www.mtbproject.com/trail/7030552/kwage-mesa-rim-trail,Kwage Mesa Rim Trail,35.8937,-106.2743,point_trailhead,35.8937,-106.2743,,,,2.1,4.0,mtbproject_avg,,2,greenBlue,,"Los Alamos, New Mexico",New Mexico,United States,,,,mtbproject_trailhead,difficulty=greenBlue
mtb-7005675,mtbproject,https://www.mtbproject.com/trail/7005675/white-rock-canyon-rim-trail,White Rock Canyon Rim Trail,35.8241,-106.1848,point_trailhead,35.8241,-106.1848,,,,1.4,4.0,mtbproject_avg,,2,greenBlue,,"White Rock, New Mexico",New Mexico,United States,,,,mtbproject_trailhead,difficulty=greenBlue
mtb-7007881,mtbproject,https://www.mtbproject.com/trail/7007881/rito-de-la-olla,Rito de la Olla,36.2696,-105.4841,point_trailhead,36.2696,-105.4841,,,,4.4,4.0,mtbproject_avg,,2,green,,"Ranchos de Taos, New Mexico",New Mexico,United States,,,,mtbproject_trailhead,difficulty=green
mtb-6205086,mtbproject,https://www.mtbproject.com/trail/6205086/mesa-loop,Mesa Loop,35.9428,-98.4201,point_trailhead,35.9428,-98.4201,,,,1.8,4.0,mtbproject_avg,,1,greenBlue,,"Watonga, Oklahoma",Oklahoma,United States,,,,mtbproject_trailhead,difficulty=greenBlue
mtb-7022557,mtbproject,https://www.mtbproject.com/trail/7022557/bomb-cellar,Bomb Cellar,36.0641,-95.9933,point_trailhead,36.0641,-95.9933,,,,0.8,4.0,mtbproject_avg,,3,greenBlue,,"Jenks, Oklahoma",Oklahoma,United States,,,,mtbproject_trailhead,difficulty=greenBlue
mtb-4388581,mtbproject,https://www.mtbproject.com/trail/4388581/enchanted-forest-ozark-trail,Enchanted Forest / Ozark Trail,36.0696,-95.9907,point_trailhead,36.0696,-95.9907,,,,0.4,4.0,mtbproject_avg,,2,green,,"Jenks, Oklahoma",Oklahoma,United States,,,,mtbproject_trailhead,difficulty=green
mtb-7023554,mtbproject,https://www.mtbproject.com/trail/7023554/northern-loop-1,Northern Loop 1,36.195,-94.5636,point_trailhead,36.195,-94.5636,,,,3.6,5.0,mtbproject_avg,,6,green,,", Arkansas",Arkansas,United States,,,,mtbproject_trailhead,difficulty=green
mtb-7023560,mtbproject,https://www.mtbproject.com/trail/7023560/the-connector,The Connector,36.195,-94.5636,point_trailhead,36.195,-94.5636,,,,0.6,5.0,mtbproject_avg,,2,green,,", Arkansas",Arkansas,United States,,,,mtbproject_trailhead,difficulty=green
mtb-7023557,mtbproject,https://www.mtbproject.com/trail/7023557/southern-loop-1,Southern Loop 1,36.1917,-94.5632,point_trailhead,36.1917,-94.5632,,,,1.6,5.0,mtbproject_avg,,1,greenBlue,,", Arkansas",Arkansas,United States,,,,mtbproject_trailhead,difficulty=greenBlue
mtb-7001334,mtbproject,https://www.mtbproject.com/trail/7001334/spillwaypiney-loop,Spillway/Piney Loop,36.0032,-94.4176,point_trailhead,36.0032,-94.4176,,,,2.2,3.8,mtbproject_avg,,6,greenBlue,,"Lincoln, Arkansas",Arkansas,United States,,,,mtbproject_trailhead,difficulty=greenBlue
mtb-7023564,mtbproject,https://www.mtbproject.com/trail/7023564/dogwood-trail,Dogwood Trail,36.1916,-94.5607,point_trailhead,36.1916,-94.5607,,,,0.2,4.0,mtbproject_avg,,1,green,,", Arkansas",Arkansas,United States,,,,mtbproject_trailhead,difficulty=green
mtb-5334010,mtbproject,https://www.mtbproject.com/trail/5334010/lake-fayetteville,Lake Fayetteville,36.132,-94.1373,point_trailhead,36.132,-94.1373,,,,6.6,3.8,mtbproject_avg,,18,green,,"Johnson, Arkansas",Arkansas,United States,,,,mtbproject_trailhead,difficulty=green
mtb-5992585,mtbproject,https://www.mtbproject.com/trail/5992585/bashore-ridge-loop,Bashore Ridge Loop,36.2918,-93.9768,point_trailhead,36.2918,-93.9768,,,,3.5,4.2,mtbproject_avg,,12,greenBlue,,"Prairie Creek, Arkansas",Arkansas,United States,,,,mtbproject_trailhead,difficulty=greenBlue
mtb-7024222,mtbproject,https://www.mtbproject.com/trail/7024222/razorback-regional-greenway,Razorback Regional Greenway,36.1293,-94.1661,point_trailhead,36.1293,-94.1661,,,,8.2,4.0,mtbproject_avg,,2,greenBlue,,"Johnson, Arkansas",Arkansas,United States,,,,mtbproject_trailhead,difficulty=greenBlue
mtb-7022131,mtbproject,https://www.mtbproject.com/trail/7022131/intermediate-line,Intermediate Line,36.0583,-94.1922,point_trailhead,36.0583,-94.1922,,,,0.2,4.0,mtbproject_avg,,2,greenBlue,,"Fayetteville, Arkansas",Arkansas,United States,,,,mtbproject_trailhead,difficulty=greenBlue
mtb-7001006,mtbproject,https://www.mtbproject.com/trail/7001006/south-bench-trail,South Bench Trail,35.8385,-93.4851,point_trailhead,35.8385,-93.4851,,,,2.0,4.5,mtbproject_avg,,2,greenBlue,,"Clarksville, Arkansas",Arkansas,United States,,,,mtbproject_trailhead,difficulty=greenBlue
mtb-7000733,mtbproject,https://www.mtbproject.com/trail/7000733/buffalo-creek-trail,Buffalo Creek Trail,35.8738,-93.5117,point_trailhead,35.8738,-93.5117,,,,5.0,4.0,mtbproject_avg,,2,greenBlue,,"Jasper, Arkansas",Arkansas,United States,,,,mtbproject_trailhead,difficulty=greenBlue
mtb-7001009,mtbproject,https://www.mtbproject.com/trail/7001009/skyline-trail,Skyline Trail,35.8363,-93.507,point_trailhead,35.8363,-93.507,,,,1.1,4.0,mtbproject_avg,,2,greenBlue,,"Clarksville, Arkansas",Arkansas,United States,,,,mtbproject_trailhead,difficulty=greenBlue
mtb-7001010,mtbproject,https://www.mtbproject.com/trail/7001010/connector-ancients-skyline-zeester,"Connector: Ancients, Skyline, Zeester.",35.8366,-93.503,point_trailhead,35.8366,-93.503,,,,0.3,4.0,mtbproject_avg,,1,green,,"Clarksville, Arkansas",Arkansas,United States,,,,mtbproject_trailhead,difficulty=green
mtb-7035042,mtbproject,https://www.mtbproject.com/trail/7035042/bear-point,Bear Point,35.8348,-93.4942,point_trailhead,35.8348,-93.4942,,,,2.0,4.0,mtbproject_avg,,1,greenBlue,,"Clarksville, Arkansas",Arkansas,United States,,,,mtbproject_trailhead,difficulty=greenBlue
mtb-7030559,mtbproject,https://www.mtbproject.com/trail/7030559/v-twins,V-Twins,35.9126,-90.7736,point_trailhead,35.9126,-90.7736,,,,0.9,5.0,mtbproject_avg,,1,greenBlue,,"Bono, Arkansas",Arkansas,United States,,,,mtbproject_trailhead,difficulty=greenBlue
mtb-7030558,mtbproject,https://www.mtbproject.com/trail/7030558/southforks,Southforks,35.9097,-90.7767,point_trailhead,35.9097,-90.7767,,,,0.5,5.0,mtbproject_avg,,1,green,,"Bono, Arkansas",Arkansas,United States,,,,mtbproject_trailhead,difficulty=green
mtb-7030519,mtbproject,https://www.mtbproject.com/trail/7030519/st-francis-levee-road,St. Francis Levee Road,35.8374,-90.4287,point_trailhead,35.8374,-90.4287,,,,12.9,4.0,mtbproject_avg,,1,green,,"Lake City, Arkansas",Arkansas,United States,,,,mtbproject_trailhead,difficulty=green
mtb-7029111,mtbproject,https://www.mtbproject.com/trail/7029111/upper-dino,Upper Dino,35.9207,-90.7744,point_trailhead,35.9207,-90.7744,,,,0.3,4.0,mtbproject_avg,,1,green,,"Bono, Arkansas",Arkansas,United States,,,,mtbproject_trailhead,difficulty=green
mtb-7030562,mtbproject,https://www.mtbproject.com/trail/7030562/copperhead,Copperhead,35.918,-90.7692,point_trailhead,35.918,-90.7692,,,,0.4,4.0,mtbproject_avg,,1,greenBlue,,"Bono, Arkansas",Arkansas,United States,,,,mtbproject_trailhead,difficulty=greenBlue
mtb-7029109,mtbproject,https://www.mtbproject.com/trail/7029109/lower-dino,Lower Dino,35.9228,-90.7706,point_trailhead,35.9228,-90.7706,,,,0.7,4.0,mtbproject_avg,,1,green,,"Bono, Arkansas",Arkansas,United States,,,,mtbproject_trailhead,difficulty=green
mtb-7029110,mtbproject,https://www.mtbproject.com/trail/7029110/low-flow-trail,Low Flow Trail,35.9097,-90.7766,point_trailhead,35.9097,-90.7766,,,,0.6,4.0,mtbproject_avg,,1,greenBlue,,"Bono, Arkansas",Arkansas,United States,,,,mtbproject_trailhead,difficulty=greenBlue
mtb-7030560,mtbproject,https://www.mtbproject.com/trail/7030560/u2x3,U2x3,35.9228,-90.7706,point_trailhead,35.9228,-90.7706,,,,0.4,4.0,mtbproject_avg,,1,greenBlue,,"Bono, Arkansas",Arkansas,United States,,,,mtbproject_trailhead,difficulty=greenBlue
mtb-7029112,mtbproject,https://www.mtbproject.com/trail/7029112/high-flow-trail,High Flow Trail,35.9151,-90.7771,point_trailhead,35.9151,-90.7771,,,,0.6,4.0,mtbproject_avg,,1,greenBlue,,"Bono, Arkansas",Arkansas,United States,,,,mtbproject_trailhead,difficulty=greenBlue
mtb-7010465,mtbproject,https://www.mtbproject.com/trail/7010465/toybox-hill,Toybox Hill,36.0837,-86.8739,point_trailhead,36.0837,-86.8739,,,,1.1,4.3,mtbproject_avg,,7,greenBlue,,"Belle Meade, Tennessee",Tennessee,United States,,,,mtbproject_trailhead,difficulty=greenBlue
mtb-7017080,mtbproject,https://www.mtbproject.com/trail/7017080/cane-ridge-loop,Cane Ridge Loop,35.9915,-86.6195,point_trailhead,35.9915,-86.6195,,,,4.5,4.4,mtbproject_avg,,9,greenBlue,,"Lavergne, Tennessee",Tennessee,United States,,,,mtbproject_trailhead,difficulty=greenBlue
mtb-7028983,mtbproject,https://www.mtbproject.com/trail/7028983/phase-3,Phase 3,35.9897,-86.6148,point_trailhead,35.9897,-86.6148,,,,1.8,5.0,mtbproject_avg,,3,greenBlue,,"Lavergne, Tennessee",Tennessee,United States,,,,mtbproject_trailhead,difficulty=greenBlue
mtb-7016115,mtbproject,https://www.mtbproject.com/trail/7016115/phase-1,Phase 1,35.9914,-86.6192,point_trailhead,35.9914,-86.6192,,,,1.8,5.0,mtbproject_avg,,1,greenBlue,,"Lavergne, Tennessee",Tennessee,United States,,,,mtbproject_trailhead,difficulty=greenBlue
mtb-7016116,mtbproject,https://www.mtbproject.com/trail/7016116/phase-2,Phase 2,35.9906,-86.6177,point_trailhead,35.9906,-86.6177,,,,2.6,5.0,mtbproject_avg,,1,greenBlue,,"Lavergne, Tennessee",Tennessee,United States,,,,mtbproject_trailhead,difficulty=greenBlue
mtb-7018128,mtbproject,https://www.mtbproject.com/trail/7018128/cane-creek-trail,Cane Creek Trail,36.1655,-85.5446,point_trailhead,36.1655,-85.5446,,,,1.4,3.8,mtbproject_avg,,8,green,,"Cookeville, Tennessee",Tennessee,United States,,,,mtbproject_trailhead,difficulty=green
mtb-7033776,mtbproject,https://www.mtbproject.com/trail/7033776/beginner-loop,Beginner Loop,35.9013,-85.0041,point_trailhead,35.9013,-85.0041,,,,1.3,4.0,mtbproject_avg,,1,greenBlue,,"Crossville, Tennessee",Tennessee,United States,,,,mtbproject_trailhead,difficulty=greenBlue
mtb-7032282,mtbproject,https://www.mtbproject.com/trail/7032282/black-oak-ridge,Black Oak Ridge,35.9476,-84.3911,point_trailhead,35.9476,-84.3911,,,,11.4,4.0,mtbproject_avg,,1,greenBlue,,"Kingston, Tennessee",Tennessee,United States,,,,mtbproject_trailhead,difficulty=greenBlue
mtb-7026772,mtbproject,https://www.mtbproject.com/trail/7026772/mix-tape,Mix Tape,36.0493,-84.3239,point_trailhead,36.0493,-84.3239,,,,0.8,5.0,mtbproject_avg,,3,dblack,,"Oliver Springs, Tennessee",Tennessee,United States,,,,mtbproject_trailhead,difficulty=dblack
mtb-7000268,mtbproject,https://www.mtbproject.com/trail/7000268/mossy-rock,Mossy Rock,36.0525,-84.3297,point_trailhead,36.0525,-84.3297,,,,0.8,5.0,mtbproject_avg,,2,dblack,,"Oliver Springs, Tennessee",Tennessee,United States,,,,mtbproject_trailhead,difficulty=dblack
mtb-7000276,mtbproject,https://www.mtbproject.com/trail/7000276/backbone-trail,Backbone Trail,36.0482,-84.3284,point_trailhead,36.0482,-84.3284,,,,0.2,5.0,mtbproject_avg,,1,dblack,,"Oliver Springs, Tennessee",Tennessee,United States,,,,mtbproject_trailhead,difficulty=dblack
mtb-7000275,mtbproject,https://www.mtbproject.com/trail/7000275/ridge-trail,Ridge Trail,36.0492,-84.3322,point_trailhead,36.0492,-84.3322,,,,0.8,5.0,mtbproject_avg,,1,dblack,,"Oliver Springs, Tennessee",Tennessee,United States,,,,mtbproject_trailhead,difficulty=dblack
mtb-5327139,mtbproject,https://www.mtbproject.com/trail/5327139/loyston-loop,Loyston Loop,36.2706,-83.9672,point_trailhead,36.2706,-83.9672,,,,4.7,4.4,mtbproject_avg,,22,green,,"Pine Crest, Tennessee",Tennessee,United States,,,,mtbproject_trailhead,difficulty=green
mtb-7014652,mtbproject,https://www.mtbproject.com/trail/7014652/floyd-fox,Floyd Fox,35.9371,-83.8855,point_trailhead,35.9371,-83.8855,,,,1.2,4.1,mtbproject_avg,,8,greenBlue,,"Knoxville, Tennessee",Tennessee,United States,,,,mtbproject_trailhead,difficulty=greenBlue
mtb-7014651,mtbproject,https://www.mtbproject.com/trail/7014651/sycamore-loop,Sycamore Loop,35.9409,-83.8887,point_trailhead,35.9409,-83.8887,,,,1.2,4.0,mtbproject_avg,,10,greenBlue,,"Knoxville, Tennessee",Tennessee,United States,,,,mtbproject_trailhead,difficulty=greenBlue
mtb-4747033,mtbproject,https://www.mtbproject.com/trail/4747033/lower-lake-loop,Lower Lake Loop,35.8976,-83.9513,point_trailhead,35.8976,-83.9513,,,,1.0,4.3,mtbproject_avg,,3,greenBlue,,"Knoxville, Tennessee",Tennessee,United States,,,,mtbproject_trailhead,difficulty=greenBlue
mtb-75570,mtbproject,https://www.mtbproject.com/trail/75570/hickory,Hickory,35.9459,-83.8696,point_trailhead,35.9459,-83.8696,,,,1.4,4.0,mtbproject_avg,,6,greenBlue,,"Knoxville, Tennessee",Tennessee,United States,,,,mtbproject_trailhead,difficulty=greenBlue
mtb-7014654,mtbproject,https://www.mtbproject.com/trail/7014654/redbud-crest,Redbud Crest,35.9424,-83.8877,point_trailhead,35.9424,-83.8877,,,,1.5,3.9,mtbproject_avg,,7,greenBlue,,"Knoxville, Tennessee",Tennessee,United States,,,,mtbproject_trailhead,difficulty=greenBlue
mtb-7019212,mtbproject,https://www.mtbproject.com/trail/7019212/west-perimeter,West Perimeter,35.9528,-83.8605,point_trailhead,35.9528,-83.8605,,,,2.2,4.0,mtbproject_avg,,3,greenBlue,,"Knoxville, Tennessee",Tennessee,United States,,,,mtbproject_trailhead,difficulty=greenBlue
mtb-7029190,mtbproject,https://www.mtbproject.com/trail/7029190/cruisin,Cruisin',35.945,-83.9164,point_trailhead,35.945,-83.9164,,,,1.1,4.0,mtbproject_avg,,2,greenBlue,,"Knoxville, Tennessee",Tennessee,United States,,,,mtbproject_trailhead,difficulty=greenBlue
mtb-4679541,mtbproject,https://www.mtbproject.com/trail/4679541/armstrong-hill-loop,Armstrong Hill Loop,35.9401,-83.9279,point_trailhead,35.9401,-83.9279,,,,0.3,4.0,mtbproject_avg,,1,greenBlue,,"Knoxville, Tennessee",Tennessee,United States,,,,mtbproject_trailhead,difficulty=greenBlue
mtb-4679982,mtbproject,https://www.mtbproject.com/trail/4679982/lower-fort-dickerson-greenway,Lower Fort Dickerson Greenway,35.9493,-83.9181,point_trailhead,35.9493,-83.9181,,,,0.4,4.0,mtbproject_avg,,1,green,,"Knoxville, Tennessee",Tennessee,United States,,,,mtbproject_trailhead,difficulty=green
mtb-7027571,mtbproject,https://www.mtbproject.com/trail/7027571/upper-lake-loop,Upper Lake Loop,35.8964,-83.9493,point_trailhead,35.8964,-83.9493,,,,0.7,4.0,mtbproject_avg,,1,greenBlue,,"Knoxville, Tennessee",Tennessee,United States,,,,mtbproject_trailhead,difficulty=greenBlue
mtb-4747269,mtbproject,https://www.mtbproject.com/trail/4747269/wimps-pass,Wimp's Pass,35.8962,-83.9412,point_trailhead,35.8962,-83.9412,,,,0.5,4.0,mtbproject_avg,,1,greenBlue,,"Knoxville, Tennessee",Tennessee,United States,,,,mtbproject_trailhead,difficulty=greenBlue
mtb-75149,mtbproject,https://www.mtbproject.com/trail/75149/mcr-connector-with-pump-track-qualities,MCR - connector with pump track qualities,35.9274,-83.852,point_trailhead,35.9274,-83.852,,,,0.3,4.0,mtbproject_avg,,1,blue,,"Knoxville, Tennessee",Tennessee,United States,,,,mtbproject_trailhead,mtbproject type=Connector
mtb-7001177,mtbproject,https://www.mtbproject.com/trail/7001177/easy,Easy,35.9949,-84.164,point_trailhead,35.9949,-84.164,,,,0.5,4.0,mtbproject_avg,,1,greenBlue,,"Oak Ridge, Tennessee",Tennessee,United States,,,,mtbproject_trailhead,difficulty=greenBlue
mtb-7034804,mtbproject,https://www.mtbproject.com/trail/7034804/twister,Twister,35.998,-84.1753,point_trailhead,35.998,-84.1753,,,,0.4,4.0,mtbproject_avg,,1,green,,"Oak Ridge, Tennessee",Tennessee,United States,,,,mtbproject_trailhead,difficulty=green
mtb-7023204,mtbproject,https://www.mtbproject.com/trail/7023204/road-to-recycling-trail,Road to Recycling Trail,36.2125,-83.403,point_trailhead,36.2125,-83.403,,,,0.9,4.0,mtbproject_avg,,1,green,,"Morristown, Tennessee",Tennessee,United States,,,,mtbproject_trailhead,difficulty=green
mtb-7023279,mtbproject,https://www.mtbproject.com/trail/7023279/panther-path-trail,Panther Path Trail,36.2062,-83.4099,point_trailhead,36.2062,-83.4099,,,,1.1,4.0,mtbproject_avg,,1,green,,"Morristown, Tennessee",Tennessee,United States,,,,mtbproject_trailhead,difficulty=green
mtb-7031825,mtbproject,https://www.mtbproject.com/trail/7031825/paint-rock-trail,Paint Rock Trail,35.9522,-82.908,point_trailhead,35.9522,-82.908,,,,1.2,5.0,mtbproject_avg,,1,missing,,", Tennessee",Tennessee,United States,,,,mtbproject_trailhead,difficulty=missing
mtb-7014182,mtbproject,https://www.mtbproject.com/trail/7014182/skywalker,Skywalker,35.8498,-82.5784,point_trailhead,35.8498,-82.5784,,,,0.2,5.0,mtbproject_avg,,1,blue,,"Mars Hill, North Carolina",North Carolina,United States,,,,mtbproject_trailhead,mtbproject type=Connector
mtb-7003946,mtbproject,https://www.mtbproject.com/trail/7003946/oz-forest-run,Oz Forest Run,36.193,-81.8834,point_trailhead,36.193,-81.8834,,,,1.1,4.5,mtbproject_avg,,2,greenBlue,,"Banner Elk, North Carolina",North Carolina,United States,,,,mtbproject_trailhead,difficulty=greenBlue
mtb-3567751,mtbproject,https://www.mtbproject.com/trail/3567751/maple-sally-road-fsr-187,Maple Sally Road - FSR 187,35.9135,-81.7053,point_trailhead,35.9135,-81.7053,,,,18.0,4.3,mtbproject_avg,,3,green,,"Gamewell, North Carolina",North Carolina,United States,,,,mtbproject_trailhead,difficulty=green
mtb-5773178,mtbproject,https://www.mtbproject.com/trail/5773178/zacks-fork-mountain-bike-trail,Zack's Fork Mountain Bike Trail,35.94,-81.5211,point_trailhead,35.94,-81.5211,,,,2.8,4.9,mtbproject_avg,,16,greenBlue,,"Lenoir, North Carolina",North Carolina,United States,,,,mtbproject_trailhead,difficulty=greenBlue
mtb-7021298,mtbproject,https://www.mtbproject.com/trail/7021298/cub-creek-park,Cub Creek Park,36.1457,-81.1526,point_trailhead,36.1457,-81.1526,,,,6.5,4.8,mtbproject_avg,,8,greenBlue,,"Wilkesboro, North Carolina",North Carolina,United States,,,,mtbproject_trailhead,difficulty=greenBlue
mtb-7021300,mtbproject,https://www.mtbproject.com/trail/7021300/perkins-place-loop,Perkins Place Loop,36.1459,-81.1504,point_trailhead,36.1459,-81.1504,,,,1.8,4.8,mtbproject_avg,,5,greenBlue,,"Wilkesboro, North Carolina",North Carolina,United States,,,,mtbproject_trailhead,difficulty=greenBlue
mtb-7031523,mtbproject,https://www.mtbproject.com/trail/7031523/exit-trail-6,Exit Trail (#6),36.1397,-81.2281,point_trailhead,36.1397,-81.2281,,,,0.8,5.0,mtbproject_avg,,1,greenBlue,,"Millers Creek, North Carolina",North Carolina,United States,,,,mtbproject_trailhead,difficulty=greenBlue
mtb-7021299,mtbproject,https://www.mtbproject.com/trail/7021299/call-farm-loop,Call Farm Loop,36.1439,-81.1526,point_trailhead,36.1439,-81.1526,,,,2.7,4.8,mtbproject_avg,,4,greenBlue,,"Wilkesboro, North Carolina",North Carolina,United States,,,,mtbproject_trailhead,difficulty=greenBlue
mtb-7021301,mtbproject,https://www.mtbproject.com/trail/7021301/jailbreak-loop,Jailbreak Loop,36.1436,-81.1517,point_trailhead,36.1436,-81.1517,,,,0.6,4.7,mtbproject_avg,,3,greenBlue,,"Wilkesboro, North Carolina",North Carolina,United States,,,,mtbproject_trailhead,difficulty=greenBlue
mtb-7007811,mtbproject,https://www.mtbproject.com/trail/7007811/tanglewood-park,Tanglewood Park,36.015,-80.4081,point_trailhead,36.015,-80.4081,,,,8.7,4.5,mtbproject_avg,,6,greenBlue,,"Bermuda Run, North Carolina",North Carolina,United States,,,,mtbproject_trailhead,difficulty=greenBlue
mtb-7006745,mtbproject,https://www.mtbproject.com/trail/7006745/king-fisher,King Fisher,36.1736,-79.7699,point_trailhead,36.1736,-79.7699,,,,1.2,4.3,mtbproject_avg,,3,greenBlue,,"Greensboro, North Carolina",North Carolina,United States,,,,mtbproject_trailhead,difficulty=greenBlue
mtb-7021533,mtbproject,https://www.mtbproject.com/trail/7021533/keendergarten,Keendergarten,36.2223,-81.6269,point_trailhead,36.2223,-81.6269,,,,0.3,4.0,mtbproject_avg,,2,green,,"Boone, North Carolina",North Carolina,United States,,,,mtbproject_trailhead,difficulty=green
mtb-7029569,mtbproject,https://www.mtbproject.com/trail/7029569/bicentennial-greenway-high-point-section,Bicentennial Greenway: High Point Section,36.0726,-79.9285,point_trailhead,36.0726,-79.9285,,,,9.1,4.0,mtbproject_avg,,2,greenBlue,,"Jamestown, North Carolina",North Carolina,United States,,,,mtbproject_trailhead,difficulty=greenBlue
mtb-7000740,mtbproject,https://www.mtbproject.com/trail/7000740/lake-crabtree-loop,Lake Crabtree Loop,35.8392,-78.7821,point_trailhead,35.8392,-78.7821,,,,7.4,4.1,mtbproject_avg,,23,greenBlue,,"Cary, North Carolina",North Carolina,United States,,,,mtbproject_trailhead,difficulty=greenBlue
mtb-7031985,mtbproject,https://www.mtbproject.com/trail/7031985/walnut-grove-trail,Walnut Grove Trail,36.0308,-79.0533,point_trailhead,36.0308,-79.0533,,,,0.7,5.0,mtbproject_avg,,1,greenBlue,,"Hillsborough, North Carolina",North Carolina,United States,,,,mtbproject_trailhead,difficulty=greenBlue
mtb-7000211,mtbproject,https://www.mtbproject.com/trail/7000211/highland-trail-1,Highland Trail 1,35.8424,-78.7927,point_trailhead,35.8424,-78.7927,,,,2.3,4.8,mtbproject_avg,,4,green,,"Morrisville, North Carolina",North Carolina,United States,,,,mtbproject_trailhead,difficulty=green
mtb-7031961,mtbproject,https://www.mtbproject.com/trail/7031961/kids-loop,Kids Loop,36.0306,-79.0569,point_trailhead,36.0306,-79.0569,,,,0.4,4.5,mtbproject_avg,,2,green,,"Hillsborough, North Carolina",North Carolina,United States,,,,mtbproject_trailhead,difficulty=green
mtb-5389662,mtbproject,https://www.mtbproject.com/trail/5389662/rtp,RTP,35.8526,-78.8896,point_trailhead,35.8526,-78.8896,,,,3.2,4.0,mtbproject_avg,,11,greenBlue,,"Morrisville, North Carolina",North Carolina,United States,,,,mtbproject_trailhead,difficulty=greenBlue
mtb-7026310,mtbproject,https://www.mtbproject.com/trail/7026310/wood-duck-way,Wood Duck Way,36.0308,-79.0533,point_trailhead,36.0308,-79.0533,,,,1.2,3.9,mtbproject_avg,,8,green,,"Hillsborough, North Carolina",North Carolina,United States,,,,mtbproject_trailhead,difficulty=green
mtb-5606836,mtbproject,https://www.mtbproject.com/trail/5606836/lowlands-loop,Lowlands Loop,35.9329,-79.0856,point_trailhead,35.9329,-79.0856,,,,1.7,4.0,mtbproject_avg,,3,greenBlue,,"Carrboro, North Carolina",North Carolina,United States,,,,mtbproject_trailhead,difficulty=greenBlue
mtb-7000212,mtbproject,https://www.mtbproject.com/trail/7000212/highland-trail-2,Highland Trail 2,35.8448,-78.7933,point_trailhead,35.8448,-78.7933,,,,0.4,4.0,mtbproject_avg,,2,green,,"Morrisville, North Carolina",North Carolina,United States,,,,mtbproject_trailhead,difficulty=green
mtb-7018992,mtbproject,https://www.mtbproject.com/trail/7018992/rocky-fork-trail,Rocky Fork Trail,36.0514,-82.5664,point_trailhead,36.0514,-82.5664,,,,0.7,4.0,mtbproject_avg,,1,green,,"Flag Pond, Tennessee",Tennessee,United States,,,,mtbproject_trailhead,difficulty=green
mtb-7013044,mtbproject,https://www.mtbproject.com/trail/7013044/beginner-loop,Beginner Loop,36.1625,-78.9714,point_trailhead,36.1625,-78.9714,,,,1.1,4.0,mtbproject_avg,,1,green,,"Hillsborough, North Carolina",North Carolina,United States,,,,mtbproject_trailhead,difficulty=green
mtb-7015491,mtbproject,https://www.mtbproject.com/trail/7015491/old-forge-road,Old Forge Road,36.1087,-82.6575,point_trailhead,36.1087,-82.6575,,,,2.7,4.0,mtbproject_avg,,1,green,,"Tusculum, Tennessee",Tennessee,United States,,,,mtbproject_trailhead,difficulty=green
mtb-7030961,mtbproject,https://www.mtbproject.com/trail/7030961/forest-ridge-complete-ride,Forest Ridge Complete Ride,35.9639,-78.5814,point_trailhead,35.9639,-78.5814,,,,3.4,5.0,mtbproject_avg,,1,greenBlue,,"Wake Forest, North Carolina",North Carolina,United States,,,,mtbproject_trailhead,difficulty=greenBlue
mtb-7031137,mtbproject,https://www.mtbproject.com/trail/7031137/main-loop,Main Loop,35.9639,-78.5814,point_trailhead,35.9639,-78.5814,,,,2.4,4.0,mtbproject_avg,,2,greenBlue,,"Wake Forest, North Carolina",North Carolina,United States,,,,mtbproject_trailhead,difficulty=greenBlue
mtb-7031136,mtbproject,https://www.mtbproject.com/trail/7031136/lollipop-loop,Lollipop Loop,35.9621,-78.5791,point_trailhead,35.9621,-78.5791,,,,0.7,4.0,mtbproject_avg,,2,greenBlue,,"Wake Forest, North Carolina",North Carolina,United States,,,,mtbproject_trailhead,difficulty=greenBlue
mtb-7007815,mtbproject,https://www.mtbproject.com/trail/7007815/northern-loop,Northern Loop,36.0152,-80.4084,point_trailhead,36.0152,-80.4084,,,,1.3,3.8,mtbproject_avg,,5,green,,"Bermuda Run, North Carolina",North Carolina,United States,,,,mtbproject_trailhead,difficulty=green
mtb-7015490,mtbproject,https://www.mtbproject.com/trail/7015490/round-knob-road,Round Knob Road,36.0944,-82.7042,point_trailhead,36.0944,-82.7042,,,,4.4,4.0,mtbproject_avg,,1,greenBlue,,"Tusculum, Tennessee",Tennessee,United States,,,,mtbproject_trailhead,difficulty=greenBlue
mtb-7015492,mtbproject,https://www.mtbproject.com/trail/7015492/jennings-creek-trail-21,Jennings Creek Trail #21,36.0892,-82.6808,point_trailhead,36.0892,-82.6808,,,,1.0,4.0,mtbproject_avg,,1,greenBlue,,"Tusculum, Tennessee",Tennessee,United States,,,,mtbproject_trailhead,difficulty=greenBlue
mtb-7014477,mtbproject,https://www.mtbproject.com/trail/7014477/salvadors-slalom,Salvador's Slalom,35.846,-82.583,point_trailhead,35.846,-82.583,,,,0.2,4.0,mtbproject_avg,,1,blue,,"Mars Hill, North Carolina",North Carolina,United States,,,,mtbproject_trailhead,mtbproject type=Connector
mtb-7033080,mtbproject,https://www.mtbproject.com/trail/7033080/duke-forest,Duke Forest,36.0252,-78.9894,point_trailhead,36.0252,-78.9894,,,,14.4,4.0,mtbproject_avg,,1,greenBlue,,"Durham, North Carolina",North Carolina,United States,,,,mtbproject_trailhead,difficulty=greenBlue
mtb-7025311,mtbproject,https://www.mtbproject.com/trail/7025311/salem-lake-trail,Salem Lake Trail,36.093,-80.1926,point_trailhead,36.093,-80.1926,,,,7.0,3.8,mtbproject_avg,,4,green,,"Winston-Salem, North Carolina",North Carolina,United States,,,,mtbproject_trailhead,difficulty=green
mtb-388455,mtbproject,https://www.mtbproject.com/trail/388455/trail-61-bermese,Trail 61 (Bermese),36.6312,-121.7378,point_trailhead,36.6312,-121.7378,,,,0.9,4.5,mtbproject_avg,,2,green,,"Marina, California",California,United States,,,,mtbproject_trailhead,difficulty=green
mtb-371959,mtbproject,https://www.mtbproject.com/trail/371959/trail-36,Trail 36,36.6123,-121.7122,point_trailhead,36.6123,-121.7122,,,,0.6,4.5,mtbproject_avg,,2,green,,"Salinas, California",California,United States,,,,mtbproject_trailhead,difficulty=green
mtb-7010235,mtbproject,https://www.mtbproject.com/trail/7010235/trail-31,Trail 31,36.6182,-121.6979,point_trailhead,36.6182,-121.6979,,,,1.1,4.3,mtbproject_avg,,3,greenBlue,,"Salinas, California",California,United States,,,,mtbproject_trailhead,difficulty=greenBlue
mtb-312646,mtbproject,https://www.mtbproject.com/trail/312646/trail-43-ewok,Trail 43 (Ewok),36.6079,-121.724,point_trailhead,36.6079,-121.724,,,,0.8,4.0,mtbproject_avg,,2,greenBlue,,"Del Rey Oaks, California",California,United States,,,,mtbproject_trailhead,difficulty=greenBlue
mtb-426736,mtbproject,https://www.mtbproject.com/trail/426736/trail-56,Trail 56,36.637,-121.7533,point_trailhead,36.637,-121.7533,,,,0.8,4.0,mtbproject_avg,,2,green,,"Marina, California",California,United States,,,,mtbproject_trailhead,difficulty=green
mtb-757166,mtbproject,https://www.mtbproject.com/trail/757166/trail-35,Trail 35,36.6206,-121.7043,point_trailhead,36.6206,-121.7043,,,,0.6,4.0,mtbproject_avg,,1,green,,"Salinas, California",California,United States,,,,mtbproject_trailhead,difficulty=green
mtb-476569,mtbproject,https://www.mtbproject.com/trail/476569/trail-69-north,Trail 69 (North),36.6394,-121.766,point_trailhead,36.6394,-121.766,,,,0.6,4.0,mtbproject_avg,,1,green,,"Marina, California",California,United States,,,,mtbproject_trailhead,difficulty=green
mtb-4260216,mtbproject,https://www.mtbproject.com/trail/4260216/trail-38-fern-trail-a-nice-technical-section-mixed-in-the-some-beautiful-ferns,Trail 38 (Fern Trail) - a nice technical section mixed in the some beautiful ferns.,36.6194,-121.7118,point_trailhead,36.6194,-121.7118,,,,0.4,4.0,mtbproject_avg,,1,blue,,"Salinas, California",California,United States,,,,mtbproject_trailhead,mtbproject type=Connector
mtb-3392750,mtbproject,https://www.mtbproject.com/trail/3392750/rainbow-rim-trail-10,Rainbow Rim Trail #10,36.4187,-112.367,point_trailhead,36.4187,-112.367,,,,22.6,4.1,mtbproject_avg,,25,greenBlue,,"Grand Canyon Village, Arizona",Arizona,United States,,,,mtbproject_trailhead,difficulty=greenBlue
mtb-7004437,mtbproject,https://www.mtbproject.com/trail/7004437/rift-valley-trail,Rift Valley Trail,36.3494,-105.7127,point_trailhead,36.3494,-105.7127,,,,12.6,3.8,mtbproject_avg,,31,greenBlue,,"Ranchos de Taos, New Mexico",New Mexico,United States,,,,mtbproject_trailhead,difficulty=greenBlue
mtb-7029552,mtbproject,https://www.mtbproject.com/trail/7029552/red-river-fault-loop-trail,Red River Fault Loop Trail,36.7136,-105.6776,point_trailhead,36.7136,-105.6776,,,,4.1,5.0,mtbproject_avg,,1,greenBlue,,"Questa, New Mexico",New Mexico,United States,,,,mtbproject_trailhead,difficulty=greenBlue
mtb-7022167,mtbproject,https://www.mtbproject.com/trail/7022167/candyland,Candyland,36.3833,-105.265,point_trailhead,36.3833,-105.265,,,,0.6,5.0,mtbproject_avg,,1,dblack,,"Angel Fire, New Mexico",New Mexico,United States,,,,mtbproject_trailhead,difficulty=dblack
mtb-7029262,mtbproject,https://www.mtbproject.com/trail/7029262/guadalupe-mountain-road,Guadalupe Mountain Road,36.7138,-105.6777,point_trailhead,36.7138,-105.6777,,,,0.6,5.0,mtbproject_avg,,1,green,,"Questa, New Mexico",New Mexico,United States,,,,mtbproject_trailhead,difficulty=green
mtb-7002802,mtbproject,https://www.mtbproject.com/trail/7002802/west-rim-trail,West Rim Trail,36.4746,-105.7364,point_trailhead,36.4746,-105.7364,,,,10.1,4.0,mtbproject_avg,,6,green,,"Arroyo Hondo, New Mexico",New Mexico,United States,,,,mtbproject_trailhead,difficulty=green
mtb-7018229,mtbproject,https://www.mtbproject.com/trail/7018229/lady-slipper,Lady Slipper,36.3532,-105.2962,point_trailhead,36.3532,-105.2962,,,,2.1,4.0,mtbproject_avg,,2,greenBlue,,"Angel Fire, New Mexico",New Mexico,United States,,,,mtbproject_trailhead,difficulty=greenBlue
mtb-7029251,mtbproject,https://www.mtbproject.com/trail/7029251/pescado-trail,Pescado Trail,36.6805,-105.6723,point_trailhead,36.6805,-105.6723,,,,1.8,4.0,mtbproject_avg,,1,dblack,,"Questa, New Mexico",New Mexico,United States,,,,mtbproject_trailhead,difficulty=dblack
mtb-7009279,mtbproject,https://www.mtbproject.com/trail/7009279/ox-cart,Ox Cart,36.5915,-105.4318,point_trailhead,36.5915,-105.4318,,,,0.2,4.0,mtbproject_avg,,1,blueBlack,,"Red River, New Mexico",New Mexico,United States,,,,mtbproject_trailhead,mtbproject type=Connector
mtb-7034568,mtbproject,https://www.mtbproject.com/trail/7034568/fsr-445,FSR #445,36.3381,-105.4029,point_trailhead,36.3381,-105.4029,,,,2.1,4.0,mtbproject_avg,,1,greenBlue,,"Angel Fire, New Mexico",New Mexico,United States,,,,mtbproject_trailhead,difficulty=greenBlue
mtb-7013578,mtbproject,https://www.mtbproject.com/trail/7013578/upper-chillin,Upper Chillin',36.3743,-105.2371,point_trailhead,36.3743,-105.2371,,,,1.2,4.8,mtbproject_avg,,4,dblack,,"Angel Fire, New Mexico",New Mexico,United States,,,,mtbproject_trailhead,difficulty=dblack
mtb-7026978,mtbproject,https://www.mtbproject.com/trail/7026978/supreme-dh,Supreme DH,36.3758,-105.2372,point_trailhead,36.3758,-105.2372,,,,1.8,4.5,mtbproject_avg,,2,dblack,,"Angel Fire, New Mexico",New Mexico,United States,,,,mtbproject_trailhead,difficulty=dblack
mtb-7013583,mtbproject,https://www.mtbproject.com/trail/7013583/combi,Combi,36.3739,-105.251,point_trailhead,36.3739,-105.251,,,,1.2,4.0,mtbproject_avg,,2,green,,"Angel Fire, New Mexico",New Mexico,United States,,,,mtbproject_trailhead,difficulty=green
mtb-7022578,mtbproject,https://www.mtbproject.com/trail/7022578/purple-trail,Purple Trail,36.336,-95.5597,point_trailhead,36.336,-95.5597,,,,1.4,4.0,mtbproject_avg,,2,greenBlue,,"Justice, Oklahoma",Oklahoma,United States,,,,mtbproject_trailhead,difficulty=greenBlue
mtb-5533418,mtbproject,https://www.mtbproject.com/trail/5533418/the-all-american,The All-American,36.3846,-94.2039,point_trailhead,36.3846,-94.2039,,,,0.6,4.7,mtbproject_avg,,19,greenBlue,,"Bentonville, Arkansas",Arkansas,United States,,,,mtbproject_trailhead,difficulty=greenBlue
mtb-7033758,mtbproject,https://www.mtbproject.com/trail/7033758/apple-turnover,Apple Turnover,36.3882,-94.2086,point_trailhead,36.3882,-94.2086,,,,0.3,5.0,mtbproject_avg,,3,dblack,,"Bentonville, Arkansas",Arkansas,United States,,,,mtbproject_trailhead,difficulty=dblack
mtb-5376073,mtbproject,https://www.mtbproject.com/trail/5376073/armadillos-last-stand,Armadillo's Last Stand,36.4125,-94.2173,point_trailhead,36.4125,-94.2173,,,,1.5,4.3,mtbproject_avg,,16,greenBlue,,"Bentonville, Arkansas",Arkansas,United States,,,,mtbproject_trailhead,difficulty=greenBlue
mtb-7002986,mtbproject,https://www.mtbproject.com/trail/7002986/choo-choo,Choo Choo,36.386,-94.204,point_trailhead,36.386,-94.204,,,,0.2,5.0,mtbproject_avg,,2,blue,,"Bentonville, Arkansas",Arkansas,United States,,,,mtbproject_trailhead,mtbproject type=Connector
mtb-7018803,mtbproject,https://www.mtbproject.com/trail/7018803/the-back-40-loop-segment-1-east-end-of-340-to-library,The Back 40 Loop - Segment 1: East End of 340 to Library,36.4753,-94.2419,point_trailhead,36.4753,-94.2419,,,,6.8,4.5,mtbproject_avg,,6,greenBlue,,"Bella Vista, Arkansas",Arkansas,United States,,,,mtbproject_trailhead,difficulty=greenBlue
mtb-7025179,mtbproject,https://www.mtbproject.com/trail/7025179/cease-and-desist,Cease and Desist,36.3915,-94.2362,point_trailhead,36.3915,-94.2362,,,,0.7,4.5,mtbproject_avg,,4,blueBlack,,"Bentonville, Arkansas",Arkansas,United States,,,,mtbproject_trailhead,mtbproject type=Connector
mtb-7018253,mtbproject,https://www.mtbproject.com/trail/7018253/taylor-homestead,Taylor Homestead,36.4849,-94.2007,point_trailhead,36.4849,-94.2007,,,,1.7,4.3,mtbproject_avg,,6,greenBlue,,"Bella Vista, Arkansas",Arkansas,United States,,,,mtbproject_trailhead,difficulty=greenBlue
mtb-5326380,mtbproject,https://www.mtbproject.com/trail/5326380/burns-connector,Burns Connector,36.3813,-94.2148,point_trailhead,36.3813,-94.2148,,,,0.4,4.5,mtbproject_avg,,2,greenBlue,,"Bentonville, Arkansas",Arkansas,United States,,,,mtbproject_trailhead,difficulty=greenBlue
mtb-5378789,mtbproject,https://www.mtbproject.com/trail/5378789/the-urban-trail,The Urban Trail,36.3938,-94.2027,point_trailhead,36.3938,-94.2027,,,,1.2,3.9,mtbproject_avg,,13,greenBlue,,"Bentonville, Arkansas",Arkansas,United States,,,,mtbproject_trailhead,difficulty=greenBlue
mtb-7012634,mtbproject,https://www.mtbproject.com/trail/7012634/frisco,Frisco,36.3317,-94.1053,point_trailhead,36.3317,-94.1053,,,,0.3,4.3,mtbproject_avg,,3,greenBlue,,"Rogers, Arkansas",Arkansas,United States,,,,mtbproject_trailhead,difficulty=greenBlue
mtb-7018252,mtbproject,https://www.mtbproject.com/trail/7018252/sbat,SBAT,36.4947,-94.2063,point_trailhead,36.4947,-94.2063,,,,2.4,4.0,mtbproject_avg,,6,greenBlue,,"Bella Vista, Arkansas",Arkansas,United States,,,,mtbproject_trailhead,difficulty=greenBlue
mtb-7018249,mtbproject,https://www.mtbproject.com/trail/7018249/pinyon-creek-trail,Pinyon Creek Trail,36.4752,-94.1934,point_trailhead,36.4752,-94.1934,,,,2.0,3.9,mtbproject_avg,,8,greenBlue,,"Bella Vista, Arkansas",Arkansas,United States,,,,mtbproject_trailhead,difficulty=greenBlue
mtb-7033756,mtbproject,https://www.mtbproject.com/trail/7033756/tiger-trail,Tiger Trail,36.3889,-94.2045,point_trailhead,36.3889,-94.2045,,,,0.6,4.0,mtbproject_avg,,3,greenBlue,,"Bentonville, Arkansas",Arkansas,United States,,,,mtbproject_trailhead,difficulty=greenBlue
mtb-7012640,mtbproject,https://www.mtbproject.com/trail/7012640/lasso,Lasso,36.3294,-94.1091,point_trailhead,36.3294,-94.1091,,,,0.7,4.0,mtbproject_avg,,2,green,,"Rogers, Arkansas",Arkansas,United States,,,,mtbproject_trailhead,difficulty=green
mtb-7012635,mtbproject,https://www.mtbproject.com/trail/7012635/groms,Groms,36.3234,-94.1006,point_trailhead,36.3234,-94.1006,,,,0.7,4.0,mtbproject_avg,,2,green,,"Rogers, Arkansas",Arkansas,United States,,,,mtbproject_trailhead,difficulty=green
mtb-7012641,mtbproject,https://www.mtbproject.com/trail/7012641/losing-flow,Losing Flow,36.3265,-94.1005,point_trailhead,36.3265,-94.1005,,,,0.5,4.0,mtbproject_avg,,2,green,,"Rogers, Arkansas",Arkansas,United States,,,,mtbproject_trailhead,difficulty=green
mtb-7025128,mtbproject,https://www.mtbproject.com/trail/7025128/mulligan,Mulligan,36.4579,-94.1944,point_trailhead,36.4579,-94.1944,,,,0.9,4.0,mtbproject_avg,,1,green,,"Pea Ridge, Arkansas",Arkansas,United States,,,,mtbproject_trailhead,difficulty=green
mtb-7025192,mtbproject,https://www.mtbproject.com/trail/7025192/the-ridge-line,The Ridge Line,36.3915,-94.2362,point_trailhead,36.3915,-94.2362,,,,0.5,4.0,mtbproject_avg,,1,greenBlue,,"Bentonville, Arkansas",Arkansas,United States,,,,mtbproject_trailhead,difficulty=greenBlue
mtb-7012457,mtbproject,https://www.mtbproject.com/trail/7012457/vita-grl,VITA GRL,36.631,-92.6784,point_trailhead,36.631,-92.6784,,,,0.5,5.0,mtbproject_avg,,1,green,,"Longrun, Missouri",Missouri,United States,,,,mtbproject_trailhead,difficulty=green
mtb-7012080,mtbproject,https://www.mtbproject.com/trail/7012080/wolf-road,Wolf Road,36.6338,-92.6775,point_trailhead,36.6338,-92.6775,,,,0.9,5.0,mtbproject_avg,,1,greenBlue,,"Longrun, Missouri",Missouri,United States,,,,mtbproject_trailhead,difficulty=greenBlue
mtb-7012318,mtbproject,https://www.mtbproject.com/trail/7012318/bus-line,Bus Line,36.6325,-92.6702,point_trailhead,36.6325,-92.6702,,,,0.5,5.0,mtbproject_avg,,1,greenBlue,,"Longrun, Missouri",Missouri,United States,,,,mtbproject_trailhead,difficulty=greenBlue
mtb-7011964,mtbproject,https://www.mtbproject.com/trail/7011964/the-driveway,The Driveway,36.6309,-92.6787,point_trailhead,36.6309,-92.6787,,,,0.5,5.0,mtbproject_avg,,1,green,,"Longrun, Missouri",Missouri,United States,,,,mtbproject_trailhead,difficulty=green
mtb-7012083,mtbproject,https://www.mtbproject.com/trail/7012083/dreadknot,Dreadknot,36.6363,-92.6721,point_trailhead,36.6363,-92.6721,,,,0.5,5.0,mtbproject_avg,,1,greenBlue,,"Longrun, Missouri",Missouri,United States,,,,mtbproject_trailhead,difficulty=greenBlue
mtb-7011967,mtbproject,https://www.mtbproject.com/trail/7011967/north-butterfield,North Butterfield,36.632,-92.6753,point_trailhead,36.632,-92.6753,,,,0.2,5.0,mtbproject_avg,,1,green,,"Longrun, Missouri",Missouri,United States,,,,mtbproject_trailhead,difficulty=green
mtb-7012062,mtbproject,https://www.mtbproject.com/trail/7012062/17th-street,17th Street,36.6328,-92.6773,point_trailhead,36.6328,-92.6773,,,,0.2,5.0,mtbproject_avg,,1,blue,,"Longrun, Missouri",Missouri,United States,,,,mtbproject_trailhead,mtbproject type=Connector
mtb-7022476,mtbproject,https://www.mtbproject.com/trail/7022476/203,203,36.4062,-92.3616,point_trailhead,36.4062,-92.3616,,,,1.6,4.0,mtbproject_avg,,1,greenBlue,,"Mountain Home, Arkansas",Arkansas,United States,,,,mtbproject_trailhead,difficulty=greenBlue
mtb-7022477,mtbproject,https://www.mtbproject.com/trail/7022477/201,201,36.4069,-92.3595,point_trailhead,36.4069,-92.3595,,,,0.5,4.0,mtbproject_avg,,1,green,,"Mountain Home, Arkansas",Arkansas,United States,,,,mtbproject_trailhead,difficulty=green
mtb-7002365,mtbproject,https://www.mtbproject.com/trail/7002365/east-side-trail-green,East Side Trail (Green),36.3327,-86.4692,point_trailhead,36.3327,-86.4692,,,,1.1,4.0,mtbproject_avg,,1,green,,"Gallatin, Tennessee",Tennessee,United States,,,,mtbproject_trailhead,difficulty=green
mtb-7002363,mtbproject,https://www.mtbproject.com/trail/7002363/spring-trail,Spring Trail,36.3326,-86.4665,point_trailhead,36.3326,-86.4665,,,,0.2,4.0,mtbproject_avg,,1,black,,"Gallatin, Tennessee",Tennessee,United States,,,,mtbproject_trailhead,mtbproject type=Connector
mtb-4601720,mtbproject,https://www.mtbproject.com/trail/4601720/bear-den-loop-a-short-easy-singletrack-loop,Bear Den Loop - A short easy singletrack loop.,36.303,-85.9104,point_trailhead,36.303,-85.9104,,,,0.6,4.0,mtbproject_avg,,1,green,,"Carthage, Tennessee",Tennessee,United States,,,,mtbproject_trailhead,difficulty=green
mtb-49324,mtbproject,https://www.mtbproject.com/trail/49324/john-muir,John Muir,36.5062,-84.6568,point_trailhead,36.5062,-84.6568,,,,7.5,4.9,mtbproject_avg,,8,greenBlue,,"Oneida, Tennessee",Tennessee,United States,,,,mtbproject_trailhead,difficulty=greenBlue
mtb-4398148,mtbproject,https://www.mtbproject.com/trail/4398148/big-oak-trail,Big Oak Trail,36.5222,-82.593,point_trailhead,36.5222,-82.593,,,,1.0,5.0,mtbproject_avg,,4,greenBlue,,"Kingsport, Tennessee",Tennessee,United States,,,,mtbproject_trailhead,difficulty=greenBlue
mtb-3626301,mtbproject,https://www.mtbproject.com/trail/3626301/whitetail,Whitetail,36.498,-82.4722,point_trailhead,36.498,-82.4722,,,,2.2,5.0,mtbproject_avg,,2,greenBlue,,"Colonial Heights, Tennessee",Tennessee,United States,,,,mtbproject_trailhead,difficulty=greenBlue
mtb-4397835,mtbproject,https://www.mtbproject.com/trail/4397835/chestnut-trail,Chestnut Trail,36.5071,-82.6095,point_trailhead,36.5071,-82.6095,,,,1.6,4.8,mtbproject_avg,,4,greenBlue,,"Mount Carmel, Tennessee",Tennessee,United States,,,,mtbproject_trailhead,difficulty=greenBlue
mtb-7021173,mtbproject,https://www.mtbproject.com/trail/7021173/virginia-creeper-trail-damascus-to-whitetop,Virginia Creeper Trail - Damascus to Whitetop,36.6351,-81.7917,point_trailhead,36.6351,-81.7917,,,,18.2,4.3,mtbproject_avg,,3,greenBlue,,"Glade Spring, Virginia",Virginia,United States,,,,mtbproject_trailhead,difficulty=greenBlue
mtb-7010192,mtbproject,https://www.mtbproject.com/trail/7010192/raccoon-run,Raccoon Run,36.6456,-82.1103,point_trailhead,36.6456,-82.1103,,,,0.7,5.0,mtbproject_avg,,1,greenBlue,,"Bristol, Virginia",Virginia,United States,,,,mtbproject_trailhead,difficulty=greenBlue
mtb-7010195,mtbproject,https://www.mtbproject.com/trail/7010195/the-cliffs,The Cliffs,36.6507,-82.1066,point_trailhead,36.6507,-82.1066,,,,0.6,5.0,mtbproject_avg,,1,blue,,"Bristol, Virginia",Virginia,United States,,,,mtbproject_trailhead,mtbproject type=Connector
mtb-7010196,mtbproject,https://www.mtbproject.com/trail/7010196/cascade-trail,Cascade Trail,36.6508,-82.1075,point_trailhead,36.6508,-82.1075,,,,0.3,5.0,mtbproject_avg,,1,blue,,"Bristol, Virginia",Virginia,United States,,,,mtbproject_trailhead,mtbproject type=Connector
mtb-7010194,mtbproject,https://www.mtbproject.com/trail/7010194/rocky-top-trail,Rocky Top Trail,36.6494,-82.1041,point_trailhead,36.6494,-82.1041,,,,0.5,5.0,mtbproject_avg,,1,greenBlue,,"Bristol, Virginia",Virginia,United States,,,,mtbproject_trailhead,difficulty=greenBlue
mtb-7032545,mtbproject,https://www.mtbproject.com/trail/7032545/skulls-gap-trail,Skulls Gap Trail,36.7007,-81.622,point_trailhead,36.7007,-81.622,,,,0.9,5.0,mtbproject_avg,,1,greenBlue,,"Adwolf, Virginia",Virginia,United States,,,,mtbproject_trailhead,difficulty=greenBlue
mtb-7034521,mtbproject,https://www.mtbproject.com/trail/7034521/scales-road-fsr-613,Scales Road (FSR #613),36.6999,-81.4848,point_trailhead,36.6999,-81.4848,,,,4.3,5.0,mtbproject_avg,,1,greenBlue,,"Marion, Virginia",Virginia,United States,,,,mtbproject_trailhead,difficulty=greenBlue
mtb-7025374,mtbproject,https://www.mtbproject.com/trail/7025374/mayodan-mountain-bike-trails,Mayodan Mountain Bike Trails,36.4321,-79.993,point_trailhead,36.4321,-79.993,,,,3.3,3.8,mtbproject_avg,,5,greenBlue,,"Mayodan, North Carolina",North Carolina,United States,,,,mtbproject_trailhead,difficulty=greenBlue
mtb-7023179,mtbproject,https://www.mtbproject.com/trail/7023179/the-rattler,The Rattler,36.4166,-80.2873,point_trailhead,36.4166,-80.2873,,,,0.4,4.5,mtbproject_avg,,4,dblack,,"Danbury, North Carolina",North Carolina,United States,,,,mtbproject_trailhead,difficulty=dblack
mtb-7026946,mtbproject,https://www.mtbproject.com/trail/7026946/new-river-trail,New River Trail,36.6678,-80.9244,point_trailhead,36.6678,-80.9244,,,,51.9,4.0,mtbproject_avg,,3,green,,"Galax, Virginia",Virginia,United States,,,,mtbproject_trailhead,difficulty=green
mtb-7020840,mtbproject,https://www.mtbproject.com/trail/7020840/lakeside-trail,Lakeside Trail,36.5599,-82.2222,point_trailhead,36.5599,-82.2222,,,,2.1,4.0,mtbproject_avg,,2,green,,"Walnut Hill, Tennessee",Tennessee,United States,,,,mtbproject_trailhead,difficulty=green
mtb-7024303,mtbproject,https://www.mtbproject.com/trail/7024303/virginia-creeper-trail-abingdon-to-damascus,Virginia Creeper Trail: Abingdon to Damascus,36.709,-81.9713,point_trailhead,36.709,-81.9713,,,,16.0,4.0,mtbproject_avg,,1,green,,"Abingdon, Virginia",Virginia,United States,,,,mtbproject_trailhead,difficulty=green
mtb-7032569,mtbproject,https://www.mtbproject.com/trail/7032569/hurricane-road-fsr-84,Hurricane Road (FSR #84),36.7209,-81.4814,point_trailhead,36.7209,-81.4814,,,,9.3,4.0,mtbproject_avg,,1,greenBlue,,"Marion, Virginia",Virginia,United States,,,,mtbproject_trailhead,difficulty=greenBlue
mtb-7032593,mtbproject,https://www.mtbproject.com/trail/7032593/comers-creek-trail-4526,Comers Creek Trail #4526,36.733,-81.4964,point_trailhead,36.733,-81.4964,,,,0.9,4.0,mtbproject_avg,,1,greenBlue,,"Marion, Virginia",Virginia,United States,,,,mtbproject_trailhead,difficulty=greenBlue
mtb-7003986,mtbproject,https://www.mtbproject.com/trail/7003986/berry-creek-falls,Berry Creek Falls,37.0971,-122.2795,point_trailhead,37.0971,-122.2795,,,,11.5,4.1,mtbproject_avg,,8,greenBlue,,"Brookdale, California",California,United States,,,,mtbproject_trailhead,difficulty=greenBlue
mtb-5898851,mtbproject,https://www.mtbproject.com/trail/5898851/circle-loop,Circle Loop,36.9893,-122.0315,point_trailhead,36.9893,-122.0315,,,,18.5,4.8,mtbproject_avg,,12,greenBlue,,"Santa Cruz, California",California,United States,,,,mtbproject_trailhead,difficulty=greenBlue
mtb-494522,mtbproject,https://www.mtbproject.com/trail/494522/wilder-ranch-coast-trail,Wilder Ranch Coast Trail,36.9619,-122.0844,point_trailhead,36.9619,-122.0844,,,,14.0,4.2,mtbproject_avg,,12,green,,"Santa Cruz, California",California,United States,,,,mtbproject_trailhead,difficulty=green
mtb-7008043,mtbproject,https://www.mtbproject.com/trail/7008043/best-of-nisene,Best of Nisene,36.9895,-121.9168,point_trailhead,36.9895,-121.9168,,,,18.4,4.3,mtbproject_avg,,4,greenBlue,,"Seacliff, California",California,United States,,,,mtbproject_trailhead,difficulty=greenBlue
mtb-7000629,mtbproject,https://www.mtbproject.com/trail/7000629/john-nicholas-trail,John Nicholas Trail,37.2059,-122.0376,point_trailhead,37.2059,-122.0376,,,,5.1,4.7,mtbproject_avg,,24,greenBlue,,"Monte Sereno, California",California,United States,,,,mtbproject_trailhead,difficulty=greenBlue
mtb-3934035,mtbproject,https://www.mtbproject.com/trail/3934035/emma-mccrary-trail,Emma McCrary Trail,36.9903,-122.0369,point_trailhead,36.9903,-122.0369,,,,2.0,4.5,mtbproject_avg,,24,greenBlue,,"Santa Cruz, California",California,United States,,,,mtbproject_trailhead,difficulty=greenBlue
mtb-7015882,mtbproject,https://www.mtbproject.com/trail/7015882/manzanita-trail,Manzanita Trail,37.2063,-121.9847,point_trailhead,37.2063,-121.9847,,,,1.4,4.0,mtbproject_avg,,5,green,,"Los Gatos, California",California,United States,,,,mtbproject_trailhead,difficulty=green
mtb-7009003,mtbproject,https://www.mtbproject.com/trail/7009003/twin-oaks,Twin Oaks,36.9878,-122.0987,point_trailhead,36.9878,-122.0987,,,,1.1,4.0,mtbproject_avg,,2,greenBlue,,"Santa Cruz, California",California,United States,,,,mtbproject_trailhead,difficulty=greenBlue
mtb-7010602,mtbproject,https://www.mtbproject.com/trail/7010602/eucalyptus-loop,Eucalyptus Loop,37.0029,-122.0922,point_trailhead,37.0029,-122.0922,,,,3.7,4.0,mtbproject_avg,,1,greenBlue,,"Pasatiempo, California",California,United States,,,,mtbproject_trailhead,difficulty=greenBlue
mtb-5901132,mtbproject,https://www.mtbproject.com/trail/5901132/long-meadow,Long Meadow,37.0136,-122.0845,point_trailhead,37.0136,-122.0845,,,,2.3,4.0,mtbproject_avg,,1,green,,"Felton, California",California,United States,,,,mtbproject_trailhead,difficulty=green
mtb-7008204,mtbproject,https://www.mtbproject.com/trail/7008204/vienna-woods-trail,Vienna Woods Trail,36.9976,-121.9151,point_trailhead,36.9976,-121.9151,,,,0.7,4.0,mtbproject_avg,,1,green,,"Seacliff, California",California,United States,,,,mtbproject_trailhead,difficulty=green
mtb-7011557,mtbproject,https://www.mtbproject.com/trail/7011557/ohlone-bluff-trail,Ohlone Bluff Trail,36.97,-122.1205,point_trailhead,36.97,-122.1205,,,,4.7,3.8,mtbproject_avg,,4,green,,"Santa Cruz, California",California,United States,,,,mtbproject_trailhead,difficulty=green
mtb-7004685,mtbproject,https://www.mtbproject.com/trail/7004685/harvey-bear-tour,Harvey Bear Tour,37.0705,-121.5227,point_trailhead,37.0705,-121.5227,,,,14.0,4.3,mtbproject_avg,,6,greenBlue,,"San Martin, California",California,United States,,,,mtbproject_trailhead,difficulty=greenBlue
mtb-7020812,mtbproject,https://www.mtbproject.com/trail/7020812/coyote-valley-open-space-preserve,Coyote Valley Open Space Preserve,37.1713,-121.7278,point_trailhead,37.1713,-121.7278,,,,3.9,3.9,mtbproject_avg,,7,greenBlue,,"Morgan Hill, California",California,United States,,,,mtbproject_trailhead,difficulty=greenBlue
mtb-7009756,mtbproject,https://www.mtbproject.com/trail/7009756/dexter-trail,Dexter Trail,37.1158,-121.4386,point_trailhead,37.1158,-121.4386,,,,0.6,5.0,mtbproject_avg,,1,greenBlue,,"San Martin, California",California,United States,,,,mtbproject_trailhead,difficulty=greenBlue
mtb-7024232,mtbproject,https://www.mtbproject.com/trail/7024232/willow-ridge-road,Willow Ridge Road,37.1304,-121.4277,point_trailhead,37.1304,-121.4277,,,,10.0,4.0,mtbproject_avg,,1,greenBlue,,"Morgan Hill, California",California,United States,,,,mtbproject_trailhead,difficulty=greenBlue
mtb-7024189,mtbproject,https://www.mtbproject.com/trail/7024189/hunting-hollow-road,Hunting Hollow Road,37.0761,-121.466,point_trailhead,37.0761,-121.466,,,,3.2,4.0,mtbproject_avg,,1,green,,"San Martin, California",California,United States,,,,mtbproject_trailhead,difficulty=green
mtb-7021966,mtbproject,https://www.mtbproject.com/trail/7021966/gaviota-trail,Gaviota Trail,37.0812,-121.5362,point_trailhead,37.0812,-121.5362,,,,2.2,4.0,mtbproject_avg,,1,greenBlue,,"San Martin, California",California,United States,,,,mtbproject_trailhead,difficulty=greenBlue
mtb-4560968,mtbproject,https://www.mtbproject.com/trail/4560968/buckridge-at-lake-hensley,Buckridge at Lake Hensley,37.1214,-119.8694,point_trailhead,37.1214,-119.8694,,,,5.7,4.2,mtbproject_avg,,14,greenBlue,,"Bonadelle Ranchos-Madera Ranchos, California",California,United States,,,,mtbproject_trailhead,difficulty=greenBlue
mtb-7031763,mtbproject,https://www.mtbproject.com/trail/7031763/green-lake-loop,Green Lake Loop,37.2257,-118.5668,point_trailhead,37.2257,-118.5668,,,,20.3,5.0,mtbproject_avg,,1,dblack,,"West Bishop, California",California,United States,,,,mtbproject_trailhead,difficulty=dblack
mtb-7031755,mtbproject,https://www.mtbproject.com/trail/7031755/green-lake-trail-31e03,Green Lake Trail (31E03),37.1795,-118.5575,point_trailhead,37.1795,-118.5575,,,,3.8,5.0,mtbproject_avg,,1,dblack,,"Big Pine, California",California,United States,,,,mtbproject_trailhead,difficulty=dblack
mtb-7021933,mtbproject,https://www.mtbproject.com/trail/7021933/little-pine-creek-9s102,Little Pine Creek (9S102),37.1415,-118.3195,point_trailhead,37.1415,-118.3195,,,,3.7,4.0,mtbproject_avg,,1,greenBlue,,"Big Pine, California",California,United States,,,,mtbproject_trailhead,difficulty=greenBlue
mtb-7003452,mtbproject,https://www.mtbproject.com/trail/7003452/plutonium-ridge-loop,Plutonium Ridge Loop,37.0042,-116.7047,point_trailhead,37.0042,-116.7047,,,,9.5,4.6,mtbproject_avg,,5,greenBlue,,"Beatty, Nevada",Nevada,United States,,,,mtbproject_trailhead,difficulty=greenBlue
mtb-7003449,mtbproject,https://www.mtbproject.com/trail/7003449/storm-trail,STORM Trail,36.9986,-116.7111,point_trailhead,36.9986,-116.7111,,,,0.7,4.3,mtbproject_avg,,3,green,,"Beatty, Nevada",Nevada,United States,,,,mtbproject_trailhead,difficulty=green
mtb-7003448,mtbproject,https://www.mtbproject.com/trail/7003448/spicer-ranch-trail,Spicer Ranch Trail,36.9962,-116.7108,point_trailhead,36.9962,-116.7108,,,,2.2,4.3,mtbproject_avg,,4,greenBlue,,"Beatty, Nevada",Nevada,United States,,,,mtbproject_trailhead,difficulty=greenBlue
mtb-7003447,mtbproject,https://www.mtbproject.com/trail/7003447/southpond-mountain-trail,Southpond Mountain Trail,36.9936,-116.7063,point_trailhead,36.9936,-116.7063,,,,0.9,4.3,mtbproject_avg,,4,greenBlue,,"Beatty, Nevada",Nevada,United States,,,,mtbproject_trailhead,difficulty=greenBlue
mtb-7003450,mtbproject,https://www.mtbproject.com/trail/7003450/canteen-trail,Canteen Trail,36.9899,-116.7168,point_trailhead,36.9899,-116.7168,,,,4.5,4.0,mtbproject_avg,,4,green,,"Beatty, Nevada",Nevada,United States,,,,mtbproject_trailhead,difficulty=green
mtb-7003453,mtbproject,https://www.mtbproject.com/trail/7003453/windmill-road,Windmill Road,36.9987,-116.7111,point_trailhead,36.9987,-116.7111,,,,10.8,4.0,mtbproject_avg,,2,green,,"Beatty, Nevada",Nevada,United States,,,,mtbproject_trailhead,difficulty=green
mtb-4292802,mtbproject,https://www.mtbproject.com/trail/4292802/bearclaw-poppy-and-snake-pit-loop,Bearclaw Poppy and Snake Pit Loop,37.0522,-113.6233,point_trailhead,37.0522,-113.6233,,,,10.8,4.2,mtbproject_avg,,45,greenBlue,,"Saint George, Utah",Utah,United States,,,,mtbproject_trailhead,difficulty=greenBlue
mtb-7001798,mtbproject,https://www.mtbproject.com/trail/7001798/anasazi-trail,Anasazi Trail,37.1625,-113.7061,point_trailhead,37.1625,-113.7061,,,,6.3,3.9,mtbproject_avg,,8,greenBlue,,"Ivins, Utah",Utah,United States,,,,mtbproject_trailhead,difficulty=greenBlue
mtb-4390750,mtbproject,https://www.mtbproject.com/trail/4390750/bearclaw-poppy-trail,Bearclaw Poppy Trail,37.0889,-113.6411,point_trailhead,37.0889,-113.6411,,,,4.2,4.2,mtbproject_avg,,21,greenBlue,,"Santa Clara, Utah",Utah,United States,,,,mtbproject_trailhead,difficulty=greenBlue
mtb-4008462,mtbproject,https://www.mtbproject.com/trail/4008462/prospector,Prospector,37.1571,-113.4796,point_trailhead,37.1571,-113.4796,,,,7.1,3.9,mtbproject_avg,,18,greenBlue,,"Washington, Utah",Utah,United States,,,,mtbproject_trailhead,difficulty=greenBlue
mtb-7013261,mtbproject,https://www.mtbproject.com/trail/7013261/chuckwalla-trail,Chuckwalla Trail,37.1384,-113.6047,point_trailhead,37.1384,-113.6047,,,,0.9,4.3,mtbproject_avg,,4,greenBlue,,"Santa Clara, Utah",Utah,United States,,,,mtbproject_trailhead,difficulty=greenBlue
mtb-7024153,mtbproject,https://www.mtbproject.com/trail/7024153/west-canyon-road,West Canyon Road,37.1933,-113.6483,point_trailhead,37.1933,-113.6483,,,,4.1,4.0,mtbproject_avg,,1,green,,"Ivins, Utah",Utah,United States,,,,mtbproject_trailhead,difficulty=green
mtb-6359263,mtbproject,https://www.mtbproject.com/trail/6359263/goosebump-loop,Goosebump Loop,37.2,-113.2178,point_trailhead,37.2,-113.2178,,,,13.3,3.8,mtbproject_avg,,12,greenBlue,,"LaVerkin, Utah",Utah,United States,,,,mtbproject_trailhead,difficulty=greenBlue
mtb-7002172,mtbproject,https://www.mtbproject.com/trail/7002172/more-cowbell,More Cowbell,37.1414,-113.2439,point_trailhead,37.1414,-113.2439,,,,2.7,4.6,mtbproject_avg,,15,green,,"Hurricane, Utah",Utah,United States,,,,mtbproject_trailhead,difficulty=green
mtb-7003638,mtbproject,https://www.mtbproject.com/trail/7003638/flying-monkey-trail,Flying Monkey Trail,37.2406,-113.1867,point_trailhead,37.2406,-113.1867,,,,1.5,5.0,mtbproject_avg,,3,dblack,,"Toquerville, Utah",Utah,United States,,,,mtbproject_trailhead,difficulty=dblack
mtb-7008991,mtbproject,https://www.mtbproject.com/trail/7008991/salt-on-the-rim-to-margarita-connector,Salt on the Rim to Margarita Connector,37.2129,-113.124,point_trailhead,37.2129,-113.124,,,,0.3,5.0,mtbproject_avg,,1,blueBlack,,"Springdale, Utah",Utah,United States,,,,mtbproject_trailhead,mtbproject type=Connector
mtb-7032446,mtbproject,https://www.mtbproject.com/trail/7032446/stucki-springs-road,Stucki Springs Road,37.1254,-113.6641,point_trailhead,37.1254,-113.6641,,,,2.6,4.0,mtbproject_avg,,1,greenBlue,,"Santa Clara, Utah",Utah,United States,,,,mtbproject_trailhead,difficulty=greenBlue
mtb-7032756,mtbproject,https://www.mtbproject.com/trail/7032756/roadrunner,Roadrunner,37.0608,-112.5278,point_trailhead,37.0608,-112.5278,,,,0.6,4.0,mtbproject_avg,,1,greenBlue,,"Kanab, Utah",Utah,United States,,,,mtbproject_trailhead,difficulty=greenBlue
mtb-7002428,mtbproject,https://www.mtbproject.com/trail/7002428/rusty-cliffs-trail,Rusty Cliffs Trail,37.1357,-113.5992,point_trailhead,37.1357,-113.5992,,,,0.9,4.0,mtbproject_avg,,1,blue,,"Saint George, Utah",Utah,United States,,,,mtbproject_trailhead,mtbproject type=Connector
mtb-7026154,mtbproject,https://www.mtbproject.com/trail/7026154/rim-trail-ride,Rim Trail Ride,36.9325,-111.4611,point_trailhead,36.9325,-111.4611,,,,10.8,4.4,mtbproject_avg,,8,greenBlue,,"Page, Arizona",Arizona,United States,,,,mtbproject_trailhead,difficulty=greenBlue
mtb-7026481,mtbproject,https://www.mtbproject.com/trail/7026481/rim-trail,Rim Trail,36.9349,-111.4595,point_trailhead,36.9349,-111.4595,,,,10.4,4.0,mtbproject_avg,,1,greenBlue,,"Page, Arizona",Arizona,United States,,,,mtbproject_trailhead,difficulty=greenBlue
mtb-7011734,mtbproject,https://www.mtbproject.com/trail/7011734/foothills-loop,Foothills Loop,36.8187,-108.1378,point_trailhead,36.8187,-108.1378,,,,9.0,4.0,mtbproject_avg,,13,greenBlue,,"Spencerville, New Mexico",New Mexico,United States,,,,mtbproject_trailhead,difficulty=greenBlue
mtb-7017629,mtbproject,https://www.mtbproject.com/trail/7017629/anasazi,Anasazi,36.787,-108.1554,point_trailhead,36.787,-108.1554,,,,2.8,4.4,mtbproject_avg,,7,green,,"Farmington, New Mexico",New Mexico,United States,,,,mtbproject_trailhead,difficulty=green
mtb-5433675,mtbproject,https://www.mtbproject.com/trail/5433675/cowboy,Cowboy,37.2528,-107.8396,point_trailhead,37.2528,-107.8396,,,,2.7,4.0,mtbproject_avg,,6,greenBlue,,"Durango, Colorado",Colorado,United States,,,,mtbproject_trailhead,difficulty=greenBlue
mtb-7029529,mtbproject,https://www.mtbproject.com/trail/7029529/east-rim-and-ute-mountain-ride,East Rim and Ute Mountain Ride,36.7518,-105.6718,point_trailhead,36.7518,-105.6718,,,,29.0,4.0,mtbproject_avg,,2,greenBlue,,"Questa, New Mexico",New Mexico,United States,,,,mtbproject_trailhead,difficulty=greenBlue
mtb-7029337,mtbproject,https://www.mtbproject.com/trail/7029337/southwest-ute-road,Southwest Ute Road,36.8936,-105.7131,point_trailhead,36.8936,-105.7131,,,,2.9,5.0,mtbproject_avg,,1,greenBlue,,"Questa, New Mexico",New Mexico,United States,,,,mtbproject_trailhead,difficulty=greenBlue
mtb-7029259,mtbproject,https://www.mtbproject.com/trail/7029259/ranch-road-connector,Ranch Road Connector,36.9958,-105.6456,point_trailhead,36.9958,-105.6456,,,,2.4,5.0,mtbproject_avg,,1,green,,"Questa, New Mexico",New Mexico,United States,,,,mtbproject_trailhead,difficulty=green
mtb-7029378,mtbproject,https://www.mtbproject.com/trail/7029378/east-rim-trail,East Rim Trail,36.7513,-105.6704,point_trailhead,36.7513,-105.6704,,,,19.5,4.0,mtbproject_avg,,2,greenBlue,,"Questa, New Mexico",New Mexico,United States,,,,mtbproject_trailhead,difficulty=greenBlue
mtb-7017919,mtbproject,https://www.mtbproject.com/trail/7017919/flow-trail,Flow Trail,36.7939,-105.1028,point_trailhead,36.7939,-105.1028,,,,3.4,4.5,mtbproject_avg,,2,greenBlue,,"Red River, New Mexico",New Mexico,United States,,,,mtbproject_trailhead,difficulty=greenBlue
mtb-7013405,mtbproject,https://www.mtbproject.com/trail/7013405/homestead-trail-to-outlaw-trail-back-to-homestead-trail,Homestead Trail to Outlaw Trail back to Homestead Trail,37.0018,-102.7719,point_trailhead,37.0018,-102.7719,,,,5.4,5.0,mtbproject_avg,,1,greenBlue,,"Springfield, Colorado",Colorado,United States,,,,mtbproject_trailhead,difficulty=greenBlue
mtb-7010549,mtbproject,https://www.mtbproject.com/trail/7010549/sidewinder,Sidewinder,37.2236,-97.5129,point_trailhead,37.2236,-97.5129,,,,1.9,5.0,mtbproject_avg,,1,green,,"Wellington, Kansas",Kansas,United States,,,,mtbproject_trailhead,difficulty=green
mtb-7010550,mtbproject,https://www.mtbproject.com/trail/7010550/chuckwagon,Chuckwagon,37.2241,-97.5138,point_trailhead,37.2241,-97.5138,,,,0.8,5.0,mtbproject_avg,,1,green,,"Wellington, Kansas",Kansas,United States,,,,mtbproject_trailhead,difficulty=green
mtb-7017465,mtbproject,https://www.mtbproject.com/trail/7017465/knebler-pond-loop,Knebler Pond Loop,37.0754,-97.0217,point_trailhead,37.0754,-97.0217,,,,5.0,4.0,mtbproject_avg,,1,green,,"Arkansas City, Kansas",Kansas,United States,,,,mtbproject_trailhead,difficulty=green
mtb-7003641,mtbproject,https://www.mtbproject.com/trail/7003641/river-bottom-climbout,River Bottom Climbout,37.0385,-96.9411,point_trailhead,37.0385,-96.9411,,,,0.2,5.0,mtbproject_avg,,1,greenBlue,,"Arkansas City, Kansas",Kansas,United States,,,,mtbproject_trailhead,difficulty=greenBlue
mtb-7004112,mtbproject,https://www.mtbproject.com/trail/7004112/buttcrack-reroute,Buttcrack Reroute,37.0377,-96.9357,point_trailhead,37.0377,-96.9357,,,,0.5,5.0,mtbproject_avg,,1,blueBlack,,"Arkansas City, Kansas",Kansas,United States,,,,mtbproject_trailhead,mtbproject type=Connector
mtb-7003776,mtbproject,https://www.mtbproject.com/trail/7003776/river-bottom,River Bottom,37.0357,-96.9367,point_trailhead,37.0357,-96.9367,,,,1.9,5.0,mtbproject_avg,,1,greenBlue,,"Arkansas City, Kansas",Kansas,United States,,,,mtbproject_trailhead,difficulty=greenBlue
mtb-7017274,mtbproject,https://www.mtbproject.com/trail/7017274/cottonwood-trail-north-loop,Cottonwood Trail North Loop,37.0523,-97.0573,point_trailhead,37.0523,-97.0573,,,,3.6,4.0,mtbproject_avg,,1,green,,"Arkansas City, Kansas",Kansas,United States,,,,mtbproject_trailhead,difficulty=green
mtb-7017273,mtbproject,https://www.mtbproject.com/trail/7017273/cottonwood-trail-south-loop,Cottonwood Trail South Loop,37.0455,-97.0515,point_trailhead,37.0455,-97.0515,,,,2.7,4.0,mtbproject_avg,,1,green,,"Arkansas City, Kansas",Kansas,United States,,,,mtbproject_trailhead,difficulty=green
mtb-7003777,mtbproject,https://www.mtbproject.com/trail/7003777/north-woods,North Woods,37.0412,-96.935,point_trailhead,37.0412,-96.935,,,,2.4,4.0,mtbproject_avg,,1,green,,"Arkansas City, Kansas",Kansas,United States,,,,mtbproject_trailhead,difficulty=green
mtb-7010681,mtbproject,https://www.mtbproject.com/trail/7010681/scout-beginner-trail,Scout Beginner Trail,36.9534,-93.3532,point_trailhead,36.9534,-93.3532,,,,0.5,5.0,mtbproject_avg,,2,green,,"Nixa, Missouri",Missouri,United States,,,,mtbproject_trailhead,difficulty=green
mtb-7011267,mtbproject,https://www.mtbproject.com/trail/7011267/pump-track,Pump Track,36.957,-93.3544,point_trailhead,36.957,-93.3544,,,,,5.0,mtbproject_avg,,1,green,,"Nixa, Missouri",Missouri,United States,,,,mtbproject_trailhead,difficulty=green
mtb-7011249,mtbproject,https://www.mtbproject.com/trail/7011249/jump-circuit,Jump Circuit,36.9543,-93.3526,point_trailhead,36.9543,-93.3526,,,,0.2,5.0,mtbproject_avg,,1,dblack,,"Nixa, Missouri",Missouri,United States,,,,mtbproject_trailhead,difficulty=dblack
mtb-7010613,mtbproject,https://www.mtbproject.com/trail/7010613/beginner-slopestyle,Beginner Slopestyle,36.9562,-93.3515,point_trailhead,36.9562,-93.3515,,,,0.4,4.3,mtbproject_avg,,4,greenBlue,,"Nixa, Missouri",Missouri,United States,,,,mtbproject_trailhead,difficulty=greenBlue
mtb-7011280,mtbproject,https://www.mtbproject.com/trail/7011280/skills-park,Skills Park,36.9571,-93.3544,point_trailhead,36.9571,-93.3544,,,,0.2,4.0,mtbproject_avg,,2,greenBlue,,"Nixa, Missouri",Missouri,United States,,,,mtbproject_trailhead,difficulty=greenBlue
mtb-7004806,mtbproject,https://www.mtbproject.com/trail/7004806/orange-loop-morc-re-route,Orange Loop - MORC Re-route,36.8737,-93.257,point_trailhead,36.8737,-93.257,,,,0.9,4.0,mtbproject_avg,,1,green,,"Ozark, Missouri",Missouri,United States,,,,mtbproject_trailhead,difficulty=green
mtb-7027125,mtbproject,https://www.mtbproject.com/trail/7027125/wolf-creek-trail-849,Wolf Creek Trail #849,36.8148,-90.485,point_trailhead,36.8148,-90.485,,,,10.6,4.0,mtbproject_avg,,3,greenBlue,,"Poplar Bluff, Missouri",Missouri,United States,,,,mtbproject_trailhead,difficulty=greenBlue
mtb-7025617,mtbproject,https://www.mtbproject.com/trail/7025617/sheltowee-trace-nrt-section-27,Sheltowee Trace NRT: Section 27,36.9439,-84.2953,point_trailhead,36.9439,-84.2953,,,,9.1,5.0,mtbproject_avg,,2,dblack,,"Corbin, Kentucky",Kentucky,United States,,,,mtbproject_trailhead,difficulty=dblack
mtb-7025618,mtbproject,https://www.mtbproject.com/trail/7025618/sheltowee-trace-nrt-section-26-south,Sheltowee Trace NRT: Section 26 South,36.9594,-84.2687,point_trailhead,36.9594,-84.2687,,,,2.7,5.0,mtbproject_avg,,2,dblack,,"North Corbin, Kentucky",Kentucky,United States,,,,mtbproject_trailhead,difficulty=dblack
mtb-7025633,mtbproject,https://www.mtbproject.com/trail/7025633/bark-camp-trail-413,Bark Camp Trail #413,36.9044,-84.2812,point_trailhead,36.9044,-84.2812,,,,2.3,5.0,mtbproject_avg,,2,dblack,,"Corbin, Kentucky",Kentucky,United States,,,,mtbproject_trailhead,difficulty=dblack
mtb-7005298,mtbproject,https://www.mtbproject.com/trail/7005298/sheltowee-trace-nrt-section-26,Sheltowee Trace NRT: Section 26,36.9974,-84.2848,point_trailhead,36.9974,-84.2848,,,,8.4,4.8,mtbproject_avg,,4,greenBlue,,"North Corbin, Kentucky",Kentucky,United States,,,,mtbproject_trailhead,difficulty=greenBlue
mtb-7005640,mtbproject,https://www.mtbproject.com/trail/7005640/lake-view-trail,Lake View Trail,37.0726,-84.7046,point_trailhead,37.0726,-84.7046,,,,0.7,4.0,mtbproject_avg,,1,greenBlue,,"Somerset, Kentucky",Kentucky,United States,,,,mtbproject_trailhead,difficulty=greenBlue
mtb-7005639,mtbproject,https://www.mtbproject.com/trail/7005639/yellow-jacket-trail,Yellow Jacket Trail,37.0783,-84.71,point_trailhead,37.0783,-84.71,,,,0.6,4.0,mtbproject_avg,,1,greenBlue,,"Somerset, Kentucky",Kentucky,United States,,,,mtbproject_trailhead,difficulty=greenBlue
mtb-7005644,mtbproject,https://www.mtbproject.com/trail/7005644/play-house-loop,Play House Loop,37.0748,-84.7127,point_trailhead,37.0748,-84.7127,,,,0.7,4.0,mtbproject_avg,,1,greenBlue,,"Somerset, Kentucky",Kentucky,United States,,,,mtbproject_trailhead,difficulty=greenBlue
mtb-7023045,mtbproject,https://www.mtbproject.com/trail/7023045/clyburn-hollow-trail,Clyburn Hollow Trail,36.8803,-81.5315,point_trailhead,36.8803,-81.5315,,,,0.6,5.0,mtbproject_avg,,2,greenBlue,,"Marion, Virginia",Virginia,United States,,,,mtbproject_trailhead,difficulty=greenBlue
mtb-7022761,mtbproject,https://www.mtbproject.com/trail/7022761/lake-trail-loop,Lake Trail Loop,36.8759,-81.5232,point_trailhead,36.8759,-81.5232,,,,5.8,4.8,mtbproject_avg,,4,green,,"Marion, Virginia",Virginia,United States,,,,mtbproject_trailhead,difficulty=green
mtb-7011776,mtbproject,https://www.mtbproject.com/trail/7011776/waterline-trail,Waterline Trail,36.8993,-81.0893,point_trailhead,36.8993,-81.0893,,,,0.5,5.0,mtbproject_avg,,1,greenBlue,,"Wytheville, Virginia",Virginia,United States,,,,mtbproject_trailhead,difficulty=greenBlue
mtb-7022959,mtbproject,https://www.mtbproject.com/trail/7022959/old-shawnee-trail,Old Shawnee Trail,36.8894,-81.5256,point_trailhead,36.8894,-81.5256,,,,0.9,4.3,mtbproject_avg,,3,greenBlue,,"Marion, Virginia",Virginia,United States,,,,mtbproject_trailhead,difficulty=greenBlue
mtb-7031356,mtbproject,https://www.mtbproject.com/trail/7031356/currin-valley-trail,Currin Valley Trail,36.7886,-81.5019,point_trailhead,36.7886,-81.5019,,,,4.0,4.0,mtbproject_avg,,2,greenBlue,,"Marion, Virginia",Virginia,United States,,,,mtbproject_trailhead,difficulty=greenBlue
mtb-6235722,mtbproject,https://www.mtbproject.com/trail/6235722/easy-street,Easy Street,37.0268,-80.7884,point_trailhead,37.0268,-80.7884,,,,0.9,4.0,mtbproject_avg,,2,greenBlue,,"Pulaski, Virginia",Virginia,United States,,,,mtbproject_trailhead,difficulty=greenBlue
mtb-7009962,mtbproject,https://www.mtbproject.com/trail/7009962/twisted-forest,Twisted Forest,36.9103,-82.6307,point_trailhead,36.9103,-82.6307,,,,0.8,4.0,mtbproject_avg,,1,greenBlue,,"Norton, Virginia",Virginia,United States,,,,mtbproject_trailhead,difficulty=greenBlue
mtb-7011903,mtbproject,https://www.mtbproject.com/trail/7011903/short-cut-trail,Short Cut Trail,36.898,-81.0884,point_trailhead,36.898,-81.0884,,,,0.6,4.0,mtbproject_avg,,1,green,,"Wytheville, Virginia",Virginia,United States,,,,mtbproject_trailhead,difficulty=green
mtb-7033557,mtbproject,https://www.mtbproject.com/trail/7033557/salt-trail,Salt Trail,36.8008,-81.7852,point_trailhead,36.8008,-81.7852,,,,8.7,4.0,mtbproject_avg,,1,green,,"Glade Spring, Virginia",Virginia,United States,,,,mtbproject_trailhead,difficulty=green
mtb-7033049,mtbproject,https://www.mtbproject.com/trail/7033049/newman-hallow-road-fsr-6261,Newman Hallow Road (FSR #6261),36.9423,-81.3695,point_trailhead,36.9423,-81.3695,,,,4.3,4.0,mtbproject_avg,,1,greenBlue,,"Atkins, Virginia",Virginia,United States,,,,mtbproject_trailhead,difficulty=greenBlue
mtb-7032579,mtbproject,https://www.mtbproject.com/trail/7032579/lake-maurygatewood-full,Lake Maury/Gatewood Full,37.0577,-76.4817,point_trailhead,37.0577,-76.4817,,,,7.8,4.0,mtbproject_avg,,1,greenBlue,,"Newport News, Virginia",Virginia,United States,,,,mtbproject_trailhead,difficulty=greenBlue
mtb-4864798,mtbproject,https://www.mtbproject.com/trail/4864798/old-haul-road-out-and-back,Old Haul Road Out and Back,37.2739,-122.2852,point_trailhead,37.2739,-122.2852,,,,11.5,4.3,mtbproject_avg,,8,green,,"Portola Valley, California",California,United States,,,,mtbproject_trailhead,difficulty=green
mtb-5276282,mtbproject,https://www.mtbproject.com/trail/5276282/whittemore-gulch-trail,Whittemore Gulch Trail,37.4482,-122.3508,point_trailhead,37.4482,-122.3508,,,,2.2,4.7,mtbproject_avg,,6,greenBlue,,"Half Moon Bay, California",California,United States,,,,mtbproject_trailhead,difficulty=greenBlue
mtb-7029314,mtbproject,https://www.mtbproject.com/trail/7029314/upper-creek-trail,Upper Creek Trail,37.5025,-122.2983,point_trailhead,37.5025,-122.2983,,,,0.5,4.0,mtbproject_avg,,1,green,,"San Carlos, California",California,United States,,,,mtbproject_trailhead,difficulty=green
mtb-495919,mtbproject,https://www.mtbproject.com/trail/495919/arastradero-loop,Arastradero Loop,37.3873,-122.1751,point_trailhead,37.3873,-122.1751,,,,5.0,3.9,mtbproject_avg,,18,green,,"Ladera, California",California,United States,,,,mtbproject_trailhead,difficulty=green
mtb-7018422,mtbproject,https://www.mtbproject.com/trail/7018422/ancient-oaks-trail,Ancient Oaks Trail,37.3084,-122.1982,point_trailhead,37.3084,-122.1982,,,,1.6,4.5,mtbproject_avg,,4,greenBlue,,"Ladera, California",California,United States,,,,mtbproject_trailhead,difficulty=greenBlue
mtb-7026356,mtbproject,https://www.mtbproject.com/trail/7026356/sinbad-creek-trail,Sinbad Creek Trail,37.6458,-121.9182,point_trailhead,37.6458,-121.9182,,,,4.5,4.0,mtbproject_avg,,1,green,,"Pleasanton, California",California,United States,,,,mtbproject_trailhead,difficulty=green
mtb-7012885,mtbproject,https://www.mtbproject.com/trail/7012885/vista-point-trail,Vista Point Trail,37.3737,-122.1884,point_trailhead,37.3737,-122.1884,,,,0.1,4.0,mtbproject_avg,,1,green,,"Ladera, California",California,United States,,,,mtbproject_trailhead,difficulty=green
mtb-7026363,mtbproject,https://www.mtbproject.com/trail/7026363/north-ridge-bypass,North Ridge Bypass,37.6607,-121.933,point_trailhead,37.6607,-121.933,,,,0.5,4.0,mtbproject_avg,,1,green,,"Dublin, California",California,United States,,,,mtbproject_trailhead,difficulty=green
mtb-7017860,mtbproject,https://www.mtbproject.com/trail/7017860/goat-mountain-lookout-fs-7s23,Goat Mountain Lookout (FS 7S23),37.2917,-119.5798,point_trailhead,37.2917,-119.5798,,,,3.0,4.0,mtbproject_avg,,2,greenBlue,,"Oakhurst, California",California,United States,,,,mtbproject_trailhead,difficulty=greenBlue
mtb-7003973,mtbproject,https://www.mtbproject.com/trail/7003973/uptown-downtown-full-loop,Uptown Downtown - Full Loop,37.6524,-118.9851,point_trailhead,37.6524,-118.9851,,,,9.3,4.2,mtbproject_avg,,5,greenBlue,,"Mammoth Lakes, California",California,United States,,,,mtbproject_trailhead,difficulty=greenBlue
mtb-7028119,mtbproject,https://www.mtbproject.com/trail/7028119/twilight-zone,Twilight Zone,37.6479,-119.0334,point_trailhead,37.6479,-119.0334,,,,0.7,5.0,mtbproject_avg,,2,dblack,,"Mammoth Lakes, California",California,United States,,,,mtbproject_trailhead,difficulty=dblack
mtb-7005411,mtbproject,https://www.mtbproject.com/trail/7005411/big-ring,Big Ring,37.6429,-119.0108,point_trailhead,37.6429,-119.0108,,,,1.7,4.3,mtbproject_avg,,3,greenBlue,,"Mammoth Lakes, California",California,United States,,,,mtbproject_trailhead,difficulty=greenBlue
mtb-6074551,mtbproject,https://www.mtbproject.com/trail/6074551/inyo-craters-singletrack,Inyo Craters Singletrack,37.6797,-119.0001,point_trailhead,37.6797,-119.0001,,,,1.6,4.0,mtbproject_avg,,2,greenBlue,,"Mammoth Lakes, California",California,United States,,,,mtbproject_trailhead,difficulty=greenBlue
mtb-7008746,mtbproject,https://www.mtbproject.com/trail/7008746/kamikaze,Kamikaze,37.6305,-119.0333,point_trailhead,37.6305,-119.0333,,,,3.4,4.0,mtbproject_avg,,1,dblack,,"Mammoth Lakes, California",California,United States,,,,mtbproject_trailhead,difficulty=dblack
mtb-7003439,mtbproject,https://www.mtbproject.com/trail/7003439/panorama-dome-trail-mountain-bike,Panorama Dome Trail (Mountain Bike),37.6241,-119.0061,point_trailhead,37.6241,-119.0061,,,,1.2,4.0,mtbproject_avg,,1,greenBlue,,"Mammoth Lakes, California",California,United States,,,,mtbproject_trailhead,difficulty=greenBlue
mtb-7003519,mtbproject,https://www.mtbproject.com/trail/7003519/downtown-trail,Downtown Trail,37.6517,-119.0358,point_trailhead,37.6517,-119.0358,,,,5.0,3.8,mtbproject_avg,,4,greenBlue,,"Mammoth Lakes, California",California,United States,,,,mtbproject_trailhead,difficulty=greenBlue
mtb-1872459,mtbproject,https://www.mtbproject.com/trail/1872459/navajo-lake-loop-trail-32022,Navajo Lake Loop Trail #32022,37.5298,-112.8088,point_trailhead,37.5298,-112.8088,,,,11.2,4.2,mtbproject_avg,,13,greenBlue,,"Parowan, Utah",Utah,United States,,,,mtbproject_trailhead,difficulty=greenBlue
mtb-7012696,mtbproject,https://www.mtbproject.com/trail/7012696/lichen-it,Lichen It,37.645,-113.0815,point_trailhead,37.645,-113.0815,,,,2.8,4.4,mtbproject_avg,,16,greenBlue,,"Cedar City, Utah",Utah,United States,,,,mtbproject_trailhead,difficulty=greenBlue
mtb-7017046,mtbproject,https://www.mtbproject.com/trail/7017046/red-canyon-bike-trail-33016,Red Canyon Bike Trail #33016,37.7437,-112.3293,point_trailhead,37.7437,-112.3293,,,,8.9,4.3,mtbproject_avg,,3,green,,"Panguitch, Utah",Utah,United States,,,,mtbproject_trailhead,difficulty=green
mtb-7025043,mtbproject,https://www.mtbproject.com/trail/7025043/panorama-trail,Panorama Trail,37.5213,-111.9969,point_trailhead,37.5213,-111.9969,,,,2.7,4.0,mtbproject_avg,,1,greenBlue,,"Escalante, Utah",Utah,United States,,,,mtbproject_trailhead,difficulty=greenBlue
mtb-7020319,mtbproject,https://www.mtbproject.com/trail/7020319/hotel-rock-trail,Hotel Rock Trail,37.5472,-109.665,point_trailhead,37.5472,-109.665,,,,3.9,4.0,mtbproject_avg,,1,dblack,,"Blanding, Utah",Utah,United States,,,,mtbproject_trailhead,difficulty=dblack
mtb-4352303,mtbproject,https://www.mtbproject.com/trail/4352303/boggy-draw-loop,Boggy Draw Loop,37.502,-108.4656,point_trailhead,37.502,-108.4656,,,,8.4,3.8,mtbproject_avg,,15,greenBlue,,"Cortez, Colorado",Colorado,United States,,,,mtbproject_trailhead,difficulty=greenBlue
mtb-4536821,mtbproject,https://www.mtbproject.com/trail/4536821/trust-loop,Trust Loop,37.3491,-108.4951,point_trailhead,37.3491,-108.4951,,,,3.5,4.0,mtbproject_avg,,6,greenBlue,,"Cortez, Colorado",Colorado,United States,,,,mtbproject_trailhead,difficulty=greenBlue
mtb-4537895,mtbproject,https://www.mtbproject.com/trail/4537895/hippie-house,Hippie House,37.3543,-108.4805,point_trailhead,37.3543,-108.4805,,,,2.7,3.8,mtbproject_avg,,6,greenBlue,,"Cortez, Colorado",Colorado,United States,,,,mtbproject_trailhead,difficulty=greenBlue
mtb-6473654,mtbproject,https://www.mtbproject.com/trail/6473654/boggy-draw-loop-trail-199,Boggy Draw Loop Trail #199,37.5023,-108.4651,point_trailhead,37.5023,-108.4651,,,,8.6,4.0,mtbproject_avg,,2,greenBlue,,"Cortez, Colorado",Colorado,United States,,,,mtbproject_trailhead,difficulty=greenBlue
mtb-7022344,mtbproject,https://www.mtbproject.com/trail/7022344/olympique-loop,Olympique Loop,37.5021,-108.4655,point_trailhead,37.5021,-108.4655,,,,4.7,4.0,mtbproject_avg,,1,greenBlue,,"Cortez, Colorado",Colorado,United States,,,,mtbproject_trailhead,difficulty=greenBlue
mtb-7022342,mtbproject,https://www.mtbproject.com/trail/7022342/crimson-slide-loop,Crimson Slide Loop,37.5058,-108.4283,point_trailhead,37.5058,-108.4283,,,,4.1,4.0,mtbproject_avg,,1,green,,"Mancos, Colorado",Colorado,United States,,,,mtbproject_trailhead,difficulty=green
mtb-7022341,mtbproject,https://www.mtbproject.com/trail/7022341/italian-ice-loop-winter-specific,Italian Ice Loop - Winter Specific,37.502,-108.448,point_trailhead,37.502,-108.448,,,,4.6,4.0,mtbproject_avg,,1,greenBlue,,"Cortez, Colorado",Colorado,United States,,,,mtbproject_trailhead,difficulty=greenBlue
mtb-7022340,mtbproject,https://www.mtbproject.com/trail/7022340/speedys-loop,Speedy's Loop,37.5161,-108.4445,point_trailhead,37.5161,-108.4445,,,,3.7,4.0,mtbproject_avg,,1,green,,"Cortez, Colorado",Colorado,United States,,,,mtbproject_trailhead,difficulty=green
mtb-7022343,mtbproject,https://www.mtbproject.com/trail/7022343/graysons-loop,Grayson's Loop,37.517,-108.4286,point_trailhead,37.517,-108.4286,,,,2.4,4.0,mtbproject_avg,,1,green,,"Mancos, Colorado",Colorado,United States,,,,mtbproject_trailhead,difficulty=green
mtb-7025080,mtbproject,https://www.mtbproject.com/trail/7025080/medicine,Medicine,37.2682,-107.8638,point_trailhead,37.2682,-107.8638,,,,0.4,5.0,mtbproject_avg,,2,dblack,,"Durango, Colorado",Colorado,United States,,,,mtbproject_trailhead,difficulty=dblack
mtb-5304400,mtbproject,https://www.mtbproject.com/trail/5304400/haflin-creek-trail,Haflin Creek Trail,37.3568,-107.799,point_trailhead,37.3568,-107.799,,,,3.9,4.7,mtbproject_avg,,6,dblack,,"Durango, Colorado",Colorado,United States,,,,mtbproject_trailhead,difficulty=dblack
mtb-5605865,mtbproject,https://www.mtbproject.com/trail/5605865/cliffrock-loop,Cliffrock Loop,37.2771,-107.9174,point_trailhead,37.2771,-107.9174,,,,2.4,4.0,mtbproject_avg,,4,greenBlue,,"Durango, Colorado",Colorado,United States,,,,mtbproject_trailhead,difficulty=greenBlue
mtb-3281153,mtbproject,https://www.mtbproject.com/trail/3281153/traverse-trail,Traverse Trail,37.2793,-107.8495,point_trailhead,37.2793,-107.8495,,,,0.8,4.0,mtbproject_avg,,1,black,,"Durango, Colorado",Colorado,United States,,,,mtbproject_trailhead,mtbproject type=Connector
mtb-3281032,mtbproject,https://www.mtbproject.com/trail/3281032/rocky-road,Rocky Road,37.2722,-107.86,point_trailhead,37.2722,-107.86,,,,0.4,4.0,mtbproject_avg,,1,black,,"Durango, Colorado",Colorado,United States,,,,mtbproject_trailhead,mtbproject type=Connector
mtb-5824233,mtbproject,https://www.mtbproject.com/trail/5824233/engine-creek,Engine Creek,37.734,-107.8098,point_trailhead,37.734,-107.8098,,,,3.5,3.8,mtbproject_avg,,4,dblack,,"Silverton, Colorado",Colorado,United States,,,,mtbproject_trailhead,difficulty=dblack
mtb-907371,mtbproject,https://www.mtbproject.com/trail/907371/turkey-springs-outer-loop,Turkey Springs Outer Loop,37.2907,-107.1053,point_trailhead,37.2907,-107.1053,,,,15.9,3.9,mtbproject_avg,,17,greenBlue,,"Pagosa Springs, Colorado",Colorado,United States,,,,mtbproject_trailhead,difficulty=greenBlue
mtb-6150190,mtbproject,https://www.mtbproject.com/trail/6150190/gopher-303,Gopher (303),37.3088,-107.1636,point_trailhead,37.3088,-107.1636,,,,6.8,4.7,mtbproject_avg,,3,greenBlue,,"Pagosa Springs, Colorado",Colorado,United States,,,,mtbproject_trailhead,difficulty=greenBlue
mtb-6248530,mtbproject,https://www.mtbproject.com/trail/6248530/aspen-run-trail-307,Aspen Run Trail (307),37.2787,-107.1344,point_trailhead,37.2787,-107.1344,,,,2.3,4.3,mtbproject_avg,,3,greenBlue,,"Pagosa Springs, Colorado",Colorado,United States,,,,mtbproject_trailhead,difficulty=greenBlue
mtb-6244724,mtbproject,https://www.mtbproject.com/trail/6244724/catamount-313,Catamount (313),37.2708,-107.1197,point_trailhead,37.2708,-107.1197,,,,5.3,4.0,mtbproject_avg,,3,greenBlue,,"Pagosa Springs, Colorado",Colorado,United States,,,,mtbproject_trailhead,difficulty=greenBlue
mtb-6149664,mtbproject,https://www.mtbproject.com/trail/6149664/round-park-304,Round Park (304),37.2959,-107.1574,point_trailhead,37.2959,-107.1574,,,,3.3,4.0,mtbproject_avg,,2,greenBlue,,"Pagosa Springs, Colorado",Colorado,United States,,,,mtbproject_trailhead,difficulty=greenBlue
mtb-7015036,mtbproject,https://www.mtbproject.com/trail/7015036/school-access-trail,School Access Trail,37.6718,-106.351,point_trailhead,37.6718,-106.351,,,,1.2,4.0,mtbproject_avg,,1,greenBlue,,"Del Norte, Colorado",Colorado,United States,,,,mtbproject_trailhead,difficulty=greenBlue
mtb-7013183,mtbproject,https://www.mtbproject.com/trail/7013183/frazier-park,Frazier Park,37.5725,-101.3498,point_trailhead,37.5725,-101.3498,,,,4.0,5.0,mtbproject_avg,,1,greenBlue,,"Ulysses, Kansas",Kansas,United States,,,,mtbproject_trailhead,difficulty=greenBlue
mtb-7013188,mtbproject,https://www.mtbproject.com/trail/7013188/creek-bottom-singletrack,Creek Bottom Singletrack,37.5632,-101.3331,point_trailhead,37.5632,-101.3331,,,,0.5,5.0,mtbproject_avg,,1,greenBlue,,"Ulysses, Kansas",Kansas,United States,,,,mtbproject_trailhead,difficulty=greenBlue
mtb-7004030,mtbproject,https://www.mtbproject.com/trail/7004030/prairie-sunset-trail,Prairie Sunset Trail,37.6643,-97.4624,point_trailhead,37.6643,-97.4624,,,,12.5,4.0,mtbproject_avg,,1,green,,"Goddard, Kansas",Kansas,United States,,,,mtbproject_trailhead,difficulty=green
mtb-7003708,mtbproject,https://www.mtbproject.com/trail/7003708/red-bud-trail,Red Bud Trail,37.6962,-97.317,point_trailhead,37.6962,-97.317,,,,3.8,4.0,mtbproject_avg,,1,green,,"Wichita, Kansas",Kansas,United States,,,,mtbproject_trailhead,difficulty=green
mtb-7003792,mtbproject,https://www.mtbproject.com/trail/7003792/chapin-park-path,Chapin Park Path,37.626,-97.316,point_trailhead,37.626,-97.316,,,,1.0,4.0,mtbproject_avg,,1,green,,"Wichita, Kansas",Kansas,United States,,,,mtbproject_trailhead,difficulty=green
mtb-7003647,mtbproject,https://www.mtbproject.com/trail/7003647/k-96-path,K-96 Path,37.7153,-97.3226,point_trailhead,37.7153,-97.3226,,,,13.6,4.0,mtbproject_avg,,1,green,,"Wichita, Kansas",Kansas,United States,,,,mtbproject_trailhead,difficulty=green
mtb-7003705,mtbproject,https://www.mtbproject.com/trail/7003705/arkansas-river-path,Arkansas River Path,37.6793,-97.342,point_trailhead,37.6793,-97.342,,,,3.6,4.0,mtbproject_avg,,1,green,,"Wichita, Kansas",Kansas,United States,,,,mtbproject_trailhead,difficulty=green
mtb-7003791,mtbproject,https://www.mtbproject.com/trail/7003791/arkansas-river-path,Arkansas River Path,37.7232,-97.3884,point_trailhead,37.7232,-97.3884,,,,11.7,4.0,mtbproject_avg,,1,green,,"Wichita, Kansas",Kansas,United States,,,,mtbproject_trailhead,difficulty=green
mtb-7003714,mtbproject,https://www.mtbproject.com/trail/7003714/zoo-boulevard-path,Zoo Boulevard Path,37.7167,-97.4031,point_trailhead,37.7167,-97.4031,,,,2.7,4.0,mtbproject_avg,,1,green,,"Wichita, Kansas",Kansas,United States,,,,mtbproject_trailhead,difficulty=green
mtb-7003706,mtbproject,https://www.mtbproject.com/trail/7003706/north-riverside-bike-path,North Riverside Bike Path,37.7225,-97.3595,point_trailhead,37.7225,-97.3595,,,,2.0,4.0,mtbproject_avg,,1,green,,"Wichita, Kansas",Kansas,United States,,,,mtbproject_trailhead,difficulty=green
mtb-7003709,mtbproject,https://www.mtbproject.com/trail/7003709/midtown-bike-path,Midtown Bike Path,37.7116,-97.3357,point_trailhead,37.7116,-97.3357,,,,1.4,4.0,mtbproject_avg,,1,green,,"Wichita, Kansas",Kansas,United States,,,,mtbproject_trailhead,difficulty=green
mtb-7004042,mtbproject,https://www.mtbproject.com/trail/7004042/sedgwick-county-park,Sedgwick County Park,37.7228,-97.4198,point_trailhead,37.7228,-97.4198,,,,0.6,4.0,mtbproject_avg,,1,green,,"Maize, Kansas",Kansas,United States,,,,mtbproject_trailhead,difficulty=green
mtb-7003643,mtbproject,https://www.mtbproject.com/trail/7003643/west-21st-street-path,West 21st Street Path,37.7226,-97.4809,point_trailhead,37.7226,-97.4809,,,,3.1,4.0,mtbproject_avg,,1,green,,"Maize, Kansas",Kansas,United States,,,,mtbproject_trailhead,difficulty=green
mtb-7004034,mtbproject,https://www.mtbproject.com/trail/7004034/sedgwick-county-park,Sedgwick County Park,37.7095,-97.4175,point_trailhead,37.7095,-97.4175,,,,0.8,4.0,mtbproject_avg,,1,green,,"Wichita, Kansas",Kansas,United States,,,,mtbproject_trailhead,difficulty=green
mtb-7004049,mtbproject,https://www.mtbproject.com/trail/7004049/maize-bike-path,Maize Bike Path,37.7807,-97.463,point_trailhead,37.7807,-97.463,,,,4.2,4.0,mtbproject_avg,,1,green,,"Maize, Kansas",Kansas,United States,,,,mtbproject_trailhead,difficulty=green
mtb-7004043,mtbproject,https://www.mtbproject.com/trail/7004043/sedgwick-county-park,Sedgwick County Park,37.723,-97.4123,point_trailhead,37.723,-97.4123,,,,1.6,4.0,mtbproject_avg,,1,green,,"Wichita, Kansas",Kansas,United States,,,,mtbproject_trailhead,difficulty=green
mtb-7004047,mtbproject,https://www.mtbproject.com/trail/7004047/sedgwick-county-park,Sedgwick County Park,37.71,-97.4216,point_trailhead,37.71,-97.4216,,,,1.0,4.0,mtbproject_avg,,1,green,,"Wichita, Kansas",Kansas,United States,,,,mtbproject_trailhead,difficulty=green
mtb-7024421,mtbproject,https://www.mtbproject.com/trail/7024421/santa-fe-lake-north-trail,"Santa Fe Lake, North Trail",37.704,-97.0465,point_trailhead,37.704,-97.0465,,,,5.7,4.2,mtbproject_avg,,6,greenBlue,,"Augusta, Kansas",Kansas,United States,,,,mtbproject_trailhead,difficulty=greenBlue
mtb-7024423,mtbproject,https://www.mtbproject.com/trail/7024423/red-bud-trail-incomplete-section,Red Bud Trail - Incomplete Section,37.7155,-97.2622,point_trailhead,37.7155,-97.2622,,,,6.2,4.0,mtbproject_avg,,2,green,,"Bellaire, Kansas",Kansas,United States,,,,mtbproject_trailhead,difficulty=green
mtb-7005818,mtbproject,https://www.mtbproject.com/trail/7005818/red-bud-trail-andover,Red Bud Trail - Andover,37.7158,-97.1528,point_trailhead,37.7158,-97.1528,,,,2.0,4.0,mtbproject_avg,,1,green,,"Andover, Kansas",Kansas,United States,,,,mtbproject_trailhead,difficulty=green
mtb-7007755,mtbproject,https://www.mtbproject.com/trail/7007755/post-oak-trail,Post Oak Trail,37.6567,-96.0509,point_trailhead,37.6567,-96.0509,,,,0.7,5.0,mtbproject_avg,,1,greenBlue,,"Fredonia, Kansas",Kansas,United States,,,,mtbproject_trailhead,difficulty=greenBlue
mtb-5259012,mtbproject,https://www.mtbproject.com/trail/5259012/lakeview-trail,Lakeview Trail,37.6057,-93.7457,point_trailhead,37.6057,-93.7457,,,,7.2,4.3,mtbproject_avg,,9,green,,"Stockton, Missouri",Missouri,United States,,,,mtbproject_trailhead,difficulty=green
mtb-6057154,mtbproject,https://www.mtbproject.com/trail/6057154/east-red-loop,East Red Loop,37.289,-93.3387,point_trailhead,37.289,-93.3387,,,,1.0,5.0,mtbproject_avg,,1,green,,"Willard, Missouri",Missouri,United States,,,,mtbproject_trailhead,difficulty=green
mtb-7033361,mtbproject,https://www.mtbproject.com/trail/7033361/frisco-highline-trail,Frisco Highline Trail,37.2423,-93.3567,point_trailhead,37.2423,-93.3567,,,,36.6,5.0,mtbproject_avg,,1,green,,"Springfield, Missouri",Missouri,United States,,,,mtbproject_trailhead,difficulty=green
mtb-6297444,mtbproject,https://www.mtbproject.com/trail/6297444/freeman-lake-greenbelt-trail,Freeman Lake Greenbelt Trail,37.732,-85.8702,point_trailhead,37.732,-85.8702,,,,5.6,3.8,mtbproject_avg,,4,green,,"Elizabethtown, Kentucky",Kentucky,United States,,,,mtbproject_trailhead,difficulty=green
mtb-7014089,mtbproject,https://www.mtbproject.com/trail/7014089/top-loop,Top Loop,37.2766,-85.3281,point_trailhead,37.2766,-85.3281,,,,0.9,4.0,mtbproject_avg,,1,green,,"Campbellsville, Kentucky",Kentucky,United States,,,,mtbproject_trailhead,difficulty=green
mtb-7033159,mtbproject,https://www.mtbproject.com/trail/7033159/perimeter-trail,Perimeter Trail,37.7113,-85.7422,point_trailhead,37.7113,-85.7422,,,,1.3,4.0,mtbproject_avg,,2,greenBlue,,"Elizabethtown, Kentucky",Kentucky,United States,,,,mtbproject_trailhead,difficulty=greenBlue
mtb-7014094,mtbproject,https://www.mtbproject.com/trail/7014094/beginners-bypass,Beginner's Bypass,37.2719,-85.3272,point_trailhead,37.2719,-85.3272,,,,0.1,4.0,mtbproject_avg,,1,green,,"Campbellsville, Kentucky",Kentucky,United States,,,,mtbproject_trailhead,difficulty=green
mtb-7024956,mtbproject,https://www.mtbproject.com/trail/7024956/fr-227,FR 227,37.7293,-83.9434,point_trailhead,37.7293,-83.9434,,,,4.5,4.0,mtbproject_avg,,1,greenBlue,,"Irvine, Kentucky",Kentucky,United States,,,,mtbproject_trailhead,difficulty=greenBlue
mtb-7025855,mtbproject,https://www.mtbproject.com/trail/7025855/miller-fork-road,Miller Fork Road,37.6276,-83.6631,point_trailhead,37.6276,-83.6631,,,,2.1,5.0,mtbproject_avg,,1,greenBlue,,"Beattyville, Kentucky",Kentucky,United States,,,,mtbproject_trailhead,difficulty=greenBlue
mtb-7005345,mtbproject,https://www.mtbproject.com/trail/7005345/big-sinking-road,Big Sinking Road,37.6471,-83.7584,point_trailhead,37.6471,-83.7584,,,,2.4,4.0,mtbproject_avg,,1,green,,"Beattyville, Kentucky",Kentucky,United States,,,,mtbproject_trailhead,difficulty=green
mtb-7025856,mtbproject,https://www.mtbproject.com/trail/7025856/patterson-logue-road,Patterson-Logue Road,37.6633,-83.76,point_trailhead,37.6633,-83.76,,,,2.8,4.0,mtbproject_avg,,1,greenBlue,,"Beattyville, Kentucky",Kentucky,United States,,,,mtbproject_trailhead,difficulty=greenBlue
mtb-7007258,mtbproject,https://www.mtbproject.com/trail/7007258/carvins-cove-easy-loop,Carvins Cove - Easy Loop,37.3968,-79.9941,point_trailhead,37.3968,-79.9941,,,,7.5,4.4,mtbproject_avg,,5,greenBlue,,"Daleville, Virginia",Virginia,United States,,,,mtbproject_trailhead,difficulty=greenBlue
mtb-7009367,mtbproject,https://www.mtbproject.com/trail/7009367/rattlin-run,Rattlin' Run,37.401,-79.9946,point_trailhead,37.401,-79.9946,,,,2.6,4.3,mtbproject_avg,,9,dblack,,"Daleville, Virginia",Virginia,United States,,,,mtbproject_trailhead,difficulty=dblack
mtb-7028689,mtbproject,https://www.mtbproject.com/trail/7028689/beginner-downhill-trail,Beginner Downhill Trail,37.3119,-79.4936,point_trailhead,37.3119,-79.4936,,,,0.4,5.0,mtbproject_avg,,2,greenBlue,,"Bedford, Virginia",Virginia,United States,,,,mtbproject_trailhead,difficulty=greenBlue
mtb-7002706,mtbproject,https://www.mtbproject.com/trail/7002706/easy-street,Easy Street,37.3632,-79.7079,point_trailhead,37.3632,-79.7079,,,,1.2,5.0,mtbproject_avg,,1,greenBlue,,"Blue Ridge, Virginia",Virginia,United States,,,,mtbproject_trailhead,difficulty=greenBlue
mtb-7028691,mtbproject,https://www.mtbproject.com/trail/7028691/raceway,Raceway,37.3092,-79.4918,point_trailhead,37.3092,-79.4918,,,,0.3,5.0,mtbproject_avg,,1,green,,"Bedford, Virginia",Virginia,United States,,,,mtbproject_trailhead,difficulty=green
mtb-7017114,mtbproject,https://www.mtbproject.com/trail/7017114/virginia-pine,Virginia Pine,37.2367,-79.9385,point_trailhead,37.2367,-79.9385,,,,0.8,4.3,mtbproject_avg,,3,greenBlue,,"Roanoke, Virginia",Virginia,United States,,,,mtbproject_trailhead,difficulty=greenBlue
mtb-57775,mtbproject,https://www.mtbproject.com/trail/57775/songbird,Songbird,37.3969,-79.9941,point_trailhead,37.3969,-79.9941,,,,1.8,4.0,mtbproject_avg,,6,greenBlue,,"Daleville, Virginia",Virginia,United States,,,,mtbproject_trailhead,difficulty=greenBlue
mtb-7017643,mtbproject,https://www.mtbproject.com/trail/7017643/switchback-trail,Switchback Trail,37.7166,-82.7252,point_trailhead,37.7166,-82.7252,,,,0.9,4.0,mtbproject_avg,,3,green,,"Prestonsburg, Kentucky",Kentucky,United States,,,,mtbproject_trailhead,difficulty=green
mtb-7006916,mtbproject,https://www.mtbproject.com/trail/7006916/swift-creek-beginner-loop,Swift Creek Beginner Loop,37.4006,-77.5549,point_trailhead,37.4006,-77.5549,,,,7.0,4.3,mtbproject_avg,,12,greenBlue,,"Chesterfield, Virginia",Virginia,United States,,,,mtbproject_trailhead,difficulty=greenBlue
mtb-7004400,mtbproject,https://www.mtbproject.com/trail/7004400/blueberry-hill,Blueberry Hill,37.3979,-77.5571,point_trailhead,37.3979,-77.5571,,,,3.9,4.6,mtbproject_avg,,17,greenBlue,,"Chesterfield, Virginia",Virginia,United States,,,,mtbproject_trailhead,difficulty=greenBlue
mtb-7004403,mtbproject,https://www.mtbproject.com/trail/7004403/gateway-1,Gateway 1,37.398,-77.557,point_trailhead,37.398,-77.557,,,,0.5,4.6,mtbproject_avg,,5,green,,"Chesterfield, Virginia",Virginia,United States,,,,mtbproject_trailhead,difficulty=green
mtb-7004399,mtbproject,https://www.mtbproject.com/trail/7004399/bell-lap,Bell Lap,37.398,-77.557,point_trailhead,37.398,-77.557,,,,1.6,4.2,mtbproject_avg,,11,greenBlue,,"Chesterfield, Virginia",Virginia,United States,,,,mtbproject_trailhead,difficulty=greenBlue
mtb-7004404,mtbproject,https://www.mtbproject.com/trail/7004404/gateway-2,Gateway 2,37.3985,-77.5566,point_trailhead,37.3985,-77.5566,,,,0.5,4.2,mtbproject_avg,,5,green,,"Chesterfield, Virginia",Virginia,United States,,,,mtbproject_trailhead,difficulty=green
mtb-3759946,mtbproject,https://www.mtbproject.com/trail/3759946/dogwood-dell-loop,Dogwood Dell Loop,37.5372,-77.4857,point_trailhead,37.5372,-77.4857,,,,0.8,4.0,mtbproject_avg,,7,greenBlue,,"Richmond, Virginia",Virginia,United States,,,,mtbproject_trailhead,difficulty=greenBlue
mtb-7002767,mtbproject,https://www.mtbproject.com/trail/7002767/the-playground,The Playground,37.3612,-79.1552,point_trailhead,37.3612,-79.1552,,,,1.1,4.0,mtbproject_avg,,2,dblack,,"West Lynchburg, Virginia",Virginia,United States,,,,mtbproject_trailhead,difficulty=dblack
mtb-7024943,mtbproject,https://www.mtbproject.com/trail/7024943/big-sunny-trail,Big Sunny Trail,37.2501,-79.9387,point_trailhead,37.2501,-79.9387,,,,0.8,4.0,mtbproject_avg,,2,greenBlue,,"Cedar Bluff, Virginia",Virginia,United States,,,,mtbproject_trailhead,difficulty=greenBlue
mtb-6589862,mtbproject,https://www.mtbproject.com/trail/6589862/bottom-out-trail,Bottom Out Trail,37.4253,-79.2178,point_trailhead,37.4253,-79.2178,,,,0.5,4.0,mtbproject_avg,,2,greenBlue,,"West Lynchburg, Virginia",Virginia,United States,,,,mtbproject_trailhead,difficulty=greenBlue
mtb-5093151,mtbproject,https://www.mtbproject.com/trail/5093151/bear-cliffs-trail,Bear Cliffs Trail,37.3517,-80.5337,point_trailhead,37.3517,-80.5337,,,,1.2,4.0,mtbproject_avg,,1,greenBlue,,"Pembroke, Virginia",Virginia,United States,,,,mtbproject_trailhead,difficulty=greenBlue
mtb-130231,mtbproject,https://www.mtbproject.com/trail/130231/happy-valley,Happy Valley,37.385,-79.9459,point_trailhead,37.385,-79.9459,,,,8.0,3.8,mtbproject_avg,,5,green,,"Hollins, Virginia",Virginia,United States,,,,mtbproject_trailhead,difficulty=green
mtb-7003978,mtbproject,https://www.mtbproject.com/trail/7003978/tinker-creek-greenway,Tinker Creek Greenway,37.3637,-79.9518,point_trailhead,37.3637,-79.9518,,,,2.3,4.0,mtbproject_avg,,1,greenBlue,,"Hollins, Virginia",Virginia,United States,,,,mtbproject_trailhead,difficulty=greenBlue
mtb-7017115,mtbproject,https://www.mtbproject.com/trail/7017115/crystal-spring-trail,Crystal Spring Trail,37.2465,-79.9419,point_trailhead,37.2465,-79.9419,,,,0.6,4.0,mtbproject_avg,,1,greenBlue,,"Cedar Bluff, Virginia",Virginia,United States,,,,mtbproject_trailhead,difficulty=greenBlue
mtb-7030436,mtbproject,https://www.mtbproject.com/trail/7030436/terrapin-mountain-trail,Terrapin Mountain Trail,37.5223,-79.4715,point_trailhead,37.5223,-79.4715,,,,2.8,4.0,mtbproject_avg,,1,dblack,,"Glasgow, Virginia",Virginia,United States,,,,mtbproject_trailhead,difficulty=dblack
mtb-7029904,mtbproject,https://www.mtbproject.com/trail/7029904/moonshiners-trail,Moonshiners Trail,37.6235,-81.4305,point_trailhead,37.6235,-81.4305,,,,2.8,4.0,mtbproject_avg,,1,greenBlue,,"Mullens, West Virginia",West Virginia,United States,,,,mtbproject_trailhead,difficulty=greenBlue
mtb-7000058,mtbproject,https://www.mtbproject.com/trail/7000058/lake-hydaway-road,Lake Hydaway Road,37.3391,-79.1524,point_trailhead,37.3391,-79.1524,,,,2.0,4.0,mtbproject_avg,,1,greenBlue,,"Lynchburg, Virginia",Virginia,United States,,,,mtbproject_trailhead,difficulty=greenBlue
mtb-7000054,mtbproject,https://www.mtbproject.com/trail/7000054/valley-view-rd,Valley View Rd.,37.3523,-79.1384,point_trailhead,37.3523,-79.1384,,,,1.5,4.0,mtbproject_avg,,1,green,,"Lynchburg, Virginia",Virginia,United States,,,,mtbproject_trailhead,difficulty=green
mtb-130420,mtbproject,https://www.mtbproject.com/trail/130420/rileys-loop-happy-valley-offshoot,Riley's Loop - Happy Valley Offshoot,37.4069,-79.9724,point_trailhead,37.4069,-79.9724,,,,0.4,4.0,mtbproject_avg,,1,green,,"Daleville, Virginia",Virginia,United States,,,,mtbproject_trailhead,difficulty=green
mtb-60409,mtbproject,https://www.mtbproject.com/trail/60409/enchanted-forest-east-easy-beautiful-pine-forest-and-water-view,"Enchanted Forest East - Easy, beautiful pine forest and water view.",37.4073,-79.9765,point_trailhead,37.4073,-79.9765,,,,0.4,4.0,mtbproject_avg,,1,green,,"Daleville, Virginia",Virginia,United States,,,,mtbproject_trailhead,difficulty=green
mtb-7000052,mtbproject,https://www.mtbproject.com/trail/7000052/clear-cut-rd,Clear Cut Rd.,37.3579,-79.1325,point_trailhead,37.3579,-79.1325,,,,1.4,4.0,mtbproject_avg,,1,green,,"Lynchburg, Virginia",Virginia,United States,,,,mtbproject_trailhead,difficulty=green
mtb-60050,mtbproject,https://www.mtbproject.com/trail/60050/little-bell-a-beautiful-connector-trail-from-enchanted-forest-to-schoolhouse-wel,Little Bell - a beautiful connector trail from Enchanted Forest to Schoolhouse. Well worth the (no) time (at all).,37.4099,-79.9732,point_trailhead,37.4099,-79.9732,,,,0.3,4.0,mtbproject_avg,,1,green,,"Daleville, Virginia",Virginia,United States,,,,mtbproject_trailhead,difficulty=green
mtb-3412670,mtbproject,https://www.mtbproject.com/trail/3412670/new-quarter-park,New Quarter Park,37.2936,-76.6458,point_trailhead,37.2936,-76.6458,,,,5.6,3.8,mtbproject_avg,,13,greenBlue,,"Williamsburg, Virginia",Virginia,United States,,,,mtbproject_trailhead,difficulty=greenBlue
mtb-58567,mtbproject,https://www.mtbproject.com/trail/58567/schoolhouse,Schoolhouse,37.4092,-79.963,point_trailhead,37.4092,-79.963,,,,1.5,3.8,mtbproject_avg,,4,green,,"Daleville, Virginia",Virginia,United States,,,,mtbproject_trailhead,difficulty=green
mtb-7002211,mtbproject,https://www.mtbproject.com/trail/7002211/chimney-rock,Chimney Rock,37.995,-122.9795,point_trailhead,37.995,-122.9795,,,,0.9,5.0,mtbproject_avg,,1,green,,"Inverness, California",California,United States,,,,mtbproject_trailhead,difficulty=green
mtb-4147092,mtbproject,https://www.mtbproject.com/trail/4147092/china-camp-state-park-loop,China Camp State Park Loop,38.0065,-122.4947,point_trailhead,38.0065,-122.4947,,,,8.6,4.0,mtbproject_avg,,54,greenBlue,,"Santa Venetia, California",California,United States,,,,mtbproject_trailhead,difficulty=greenBlue
mtb-352542,mtbproject,https://www.mtbproject.com/trail/352542/coast-view-trail,Coast View Trail,37.8963,-122.6008,point_trailhead,37.8963,-122.6008,,,,2.8,4.7,mtbproject_avg,,10,greenBlue,,"Mill Valley, California",California,United States,,,,mtbproject_trailhead,difficulty=greenBlue
mtb-7007430,mtbproject,https://www.mtbproject.com/trail/7007430/loop-road,Loop Road,37.9058,-122.2612,point_trailhead,37.9058,-122.2612,,,,1.1,4.0,mtbproject_avg,,2,green,,"Kensington, California",California,United States,,,,mtbproject_trailhead,difficulty=green
mtb-4732712,mtbproject,https://www.mtbproject.com/trail/4732712/jewell-trail,Jewell Trail,38.0357,-122.746,point_trailhead,38.0357,-122.746,,,,0.9,4.0,mtbproject_avg,,1,greenBlue,,"Lagunitas-Forest Knolls, California",California,United States,,,,mtbproject_trailhead,difficulty=greenBlue
mtb-4148775,mtbproject,https://www.mtbproject.com/trail/4148775/oak-ridge-trail,Oak Ridge Trail,37.9969,-122.483,point_trailhead,37.9969,-122.483,,,,1.5,4.0,mtbproject_avg,,1,greenBlue,,"Santa Venetia, California",California,United States,,,,mtbproject_trailhead,difficulty=greenBlue
mtb-7030311,mtbproject,https://www.mtbproject.com/trail/7030311/contour-trail,Contour Trail,38.0065,-122.686,point_trailhead,38.0065,-122.686,,,,1.0,4.0,mtbproject_avg,,1,greenBlue,,"Lagunitas-Forest Knolls, California",California,United States,,,,mtbproject_trailhead,difficulty=greenBlue
mtb-4676456,mtbproject,https://www.mtbproject.com/trail/4676456/big-trees-trail,Big Trees Trail,37.8113,-122.1805,point_trailhead,37.8113,-122.1805,,,,0.9,4.5,mtbproject_avg,,6,greenBlue,,"Piedmont, California",California,United States,,,,mtbproject_trailhead,difficulty=greenBlue
mtb-7002235,mtbproject,https://www.mtbproject.com/trail/7002235/soaring-eagle-trail,Soaring Eagle Trail,38.0403,-122.2181,point_trailhead,38.0403,-122.2181,,,,2.2,4.0,mtbproject_avg,,2,greenBlue,,"Crockett, California",California,United States,,,,mtbproject_trailhead,difficulty=greenBlue
mtb-1111514,mtbproject,https://www.mtbproject.com/trail/1111514/castle-rock-trail,Castle Rock Trail,37.8954,-121.9962,point_trailhead,37.8954,-121.9962,,,,0.8,4.0,mtbproject_avg,,1,green,,"Walnut Creek, California",California,United States,,,,mtbproject_trailhead,difficulty=green
mtb-7002226,mtbproject,https://www.mtbproject.com/trail/7002226/edwards-loop-trail,Edwards Loop Trail,38.0468,-122.2214,point_trailhead,38.0468,-122.2214,,,,1.6,4.0,mtbproject_avg,,1,greenBlue,,"Crockett, California",California,United States,,,,mtbproject_trailhead,difficulty=greenBlue
mtb-7014610,mtbproject,https://www.mtbproject.com/trail/7014610/upper-buck-loop-trail,Upper Buck Loop Trail,37.9013,-122.0168,point_trailhead,37.9013,-122.0168,,,,0.9,4.0,mtbproject_avg,,1,greenBlue,,"Walnut Creek, California",California,United States,,,,mtbproject_trailhead,difficulty=greenBlue
mtb-7002371,mtbproject,https://www.mtbproject.com/trail/7002371/rumsen-trail,Rumsen Trail,38.0216,-122.2153,point_trailhead,38.0216,-122.2153,,,,1.2,4.0,mtbproject_avg,,1,greenBlue,,"Crockett, California",California,United States,,,,mtbproject_trailhead,difficulty=greenBlue
mtb-1585744,mtbproject,https://www.mtbproject.com/trail/1585744/diablo-trail,Diablo Trail,37.8851,-121.9999,point_trailhead,37.8851,-121.9999,,,,0.5,4.0,mtbproject_avg,,1,green,,"Saranap, California",California,United States,,,,mtbproject_trailhead,difficulty=green
mtb-7014613,mtbproject,https://www.mtbproject.com/trail/7014613/lower-buck-trail,Lower Buck Trail,37.9021,-122.0191,point_trailhead,37.9021,-122.0191,,,,0.5,4.0,mtbproject_avg,,1,green,,"Walnut Creek, California",California,United States,,,,mtbproject_trailhead,difficulty=green
mtb-7002232,mtbproject,https://www.mtbproject.com/trail/7002232/wood-rat-trail,Wood Rat Trail,38.0367,-122.2127,point_trailhead,38.0367,-122.2127,,,,0.4,4.0,mtbproject_avg,,1,green,,"Crockett, California",California,United States,,,,mtbproject_trailhead,difficulty=green
mtb-7032000,mtbproject,https://www.mtbproject.com/trail/7032000/camron-trail,Camron Trail,38.1585,-120.8147,point_trailhead,38.1585,-120.8147,,,,4.4,5.0,mtbproject_avg,,1,green,,"Valley Springs, California",California,United States,,,,mtbproject_trailhead,difficulty=green
mtb-7032584,mtbproject,https://www.mtbproject.com/trail/7032584/mckays-dam-road-with-a-loop,McKays Dam Road With A Loop,38.2184,-120.333,point_trailhead,38.2184,-120.333,,,,7.1,4.0,mtbproject_avg,,1,greenBlue,,"Arnold, California",California,United States,,,,mtbproject_trailhead,difficulty=greenBlue
mtb-7032769,mtbproject,https://www.mtbproject.com/trail/7032769/fs-road-4n38,FS Road 4N38,38.2135,-120.346,point_trailhead,38.2135,-120.346,,,,3.4,5.0,mtbproject_avg,,1,greenBlue,,"Arnold, California",California,United States,,,,mtbproject_trailhead,difficulty=greenBlue
mtb-7032771,mtbproject,https://www.mtbproject.com/trail/7032771/fs-road-5n51y,FS Road 5N51Y,38.2423,-120.3047,point_trailhead,38.2423,-120.3047,,,,1.7,5.0,mtbproject_avg,,1,greenBlue,,"Arnold, California",California,United States,,,,mtbproject_trailhead,difficulty=greenBlue
mtb-5790269,mtbproject,https://www.mtbproject.com/trail/5790269/angels-creek-trail,Angels Creek Trail,38.0341,-120.5519,point_trailhead,38.0341,-120.5519,,,,2.8,4.0,mtbproject_avg,,1,green,,"Angels Camp, California",California,United States,,,,mtbproject_trailhead,difficulty=green
mtb-5790677,mtbproject,https://www.mtbproject.com/trail/5790677/carson-creek-trail,Carson Creek Trail,38.009,-120.5209,point_trailhead,38.009,-120.5209,,,,2.5,4.0,mtbproject_avg,,1,greenBlue,,"Angels Camp, California",California,United States,,,,mtbproject_trailhead,difficulty=greenBlue
mtb-5790395,mtbproject,https://www.mtbproject.com/trail/5790395/frontier-trail,Frontier Trail,38.0129,-120.5334,point_trailhead,38.0129,-120.5334,,,,2.0,4.0,mtbproject_avg,,1,greenBlue,,"Angels Camp, California",California,United States,,,,mtbproject_trailhead,difficulty=greenBlue
mtb-1102853,mtbproject,https://www.mtbproject.com/trail/1102853/golden-books-trail-big-loop,Golden Books Trail - Big Loop,37.8218,-120.0984,point_trailhead,37.8218,-120.0984,,,,1.5,5.0,mtbproject_avg,,1,green,,"Tuolumne City, California",California,United States,,,,mtbproject_trailhead,difficulty=green
mtb-1102000,mtbproject,https://www.mtbproject.com/trail/1102000/golden-books-trail-small-loop,Golden Books Trail - Small Loop,37.8189,-120.0944,point_trailhead,37.8189,-120.0944,,,,0.6,5.0,mtbproject_avg,,1,green,,"Tuolumne City, California",California,United States,,,,mtbproject_trailhead,difficulty=green
mtb-7016732,mtbproject,https://www.mtbproject.com/trail/7016732/sugar-pine-rail-trail-lyons-reservoir-to-fraser-flats,Sugar Pine Rail-Trail: Lyons Reservoir to Fraser Flats,38.0948,-120.1634,point_trailhead,38.0948,-120.1634,,,,9.6,4.0,mtbproject_avg,,1,green,,"Twain Harte, California",California,United States,,,,mtbproject_trailhead,difficulty=green
mtb-1101059,mtbproject,https://www.mtbproject.com/trail/1101059/1s33,1S33,37.8396,-120.1263,point_trailhead,37.8396,-120.1263,,,,1.7,4.0,mtbproject_avg,,1,green,,"Tuolumne City, California",California,United States,,,,mtbproject_trailhead,difficulty=green
mtb-7013560,mtbproject,https://www.mtbproject.com/trail/7013560/lost-world,Lost World,37.7817,-113.1726,point_trailhead,37.7817,-113.1726,,,,0.8,5.0,mtbproject_avg,,6,greenBlue,,"Enoch, Utah",Utah,United States,,,,mtbproject_trailhead,difficulty=greenBlue
mtb-7013514,mtbproject,https://www.mtbproject.com/trail/7013514/practice-loop,Practice Loop,37.767,-113.168,point_trailhead,37.767,-113.168,,,,1.6,5.0,mtbproject_avg,,4,greenBlue,,"Enoch, Utah",Utah,United States,,,,mtbproject_trailhead,difficulty=greenBlue
mtb-7013566,mtbproject,https://www.mtbproject.com/trail/7013566/outer-limits,Outer Limits,37.7782,-113.1701,point_trailhead,37.7782,-113.1701,,,,0.5,5.0,mtbproject_avg,,2,greenBlue,,"Enoch, Utah",Utah,United States,,,,mtbproject_trailhead,difficulty=greenBlue
mtb-7013564,mtbproject,https://www.mtbproject.com/trail/7013564/orange-forks,Orange Forks,37.7825,-113.1686,point_trailhead,37.7825,-113.1686,,,,0.5,5.0,mtbproject_avg,,1,blue,,"Enoch, Utah",Utah,United States,,,,mtbproject_trailhead,mtbproject type=Connector
mtb-7013563,mtbproject,https://www.mtbproject.com/trail/7013563/sweet-pea,Sweet Pea,37.7743,-113.1758,point_trailhead,37.7743,-113.1758,,,,0.3,4.7,mtbproject_avg,,3,green,,"Enoch, Utah",Utah,United States,,,,mtbproject_trailhead,difficulty=green
mtb-7013797,mtbproject,https://www.mtbproject.com/trail/7013797/twilight-zone,Twilight Zone,37.7689,-113.1691,point_trailhead,37.7689,-113.1691,,,,2.5,4.2,mtbproject_avg,,5,greenBlue,,"Enoch, Utah",Utah,United States,,,,mtbproject_trailhead,difficulty=greenBlue
mtb-7013545,mtbproject,https://www.mtbproject.com/trail/7013545/outlaw,Outlaw,37.773,-113.1709,point_trailhead,37.773,-113.1709,,,,0.6,3.8,mtbproject_avg,,4,greenBlue,,"Enoch, Utah",Utah,United States,,,,mtbproject_trailhead,difficulty=greenBlue
mtb-7012756,mtbproject,https://www.mtbproject.com/trail/7012756/bikepacking-moab-to-boulder-town,Bikepacking: Moab to Boulder Town,38.5753,-109.5508,point_trailhead,38.5753,-109.5508,,,,294.3,4.0,mtbproject_avg,,1,greenBlue,,"Moab, Utah",Utah,United States,,,,mtbproject_trailhead,difficulty=greenBlue
mtb-7006270,mtbproject,https://www.mtbproject.com/trail/7006270/wasatch-trail-loop,Wasatch Trail Loop,37.9361,-107.8072,point_trailhead,37.9361,-107.8072,,,,15.7,4.4,mtbproject_avg,,7,dblack,,"Telluride, Colorado",Colorado,United States,,,,mtbproject_trailhead,difficulty=dblack
mtb-3783767,mtbproject,https://www.mtbproject.com/trail/3783767/see-foreverwasatch-connection-loop,See Forever/Wasatch Connection Loop,37.9313,-107.833,point_trailhead,37.9313,-107.833,,,,8.5,3.9,mtbproject_avg,,7,dblack,,"Mountain Village, Colorado",Colorado,United States,,,,mtbproject_trailhead,difficulty=dblack
mtb-7006332,mtbproject,https://www.mtbproject.com/trail/7006332/wasatch-trail-508,Wasatch Trail #508,37.877,-107.7915,point_trailhead,37.877,-107.7915,,,,4.4,5.0,mtbproject_avg,,2,dblack,,"Telluride, Colorado",Colorado,United States,,,,mtbproject_trailhead,difficulty=dblack
mtb-3266840,mtbproject,https://www.mtbproject.com/trail/3266840/jurassic,Jurassic,37.9408,-107.85,point_trailhead,37.9408,-107.85,,,,0.8,3.9,mtbproject_avg,,15,greenBlue,,"Mountain Village, Colorado",Colorado,United States,,,,mtbproject_trailhead,difficulty=greenBlue
mtb-7003673,mtbproject,https://www.mtbproject.com/trail/7003673/kave-trail,Kave Trail,37.9417,-107.8475,point_trailhead,37.9417,-107.8475,,,,1.3,4.5,mtbproject_avg,,2,dblack,,"Mountain Village, Colorado",Colorado,United States,,,,mtbproject_trailhead,difficulty=dblack
mtb-7012960,mtbproject,https://www.mtbproject.com/trail/7012960/meadows-trail,Meadows Trail,37.9426,-107.8638,point_trailhead,37.9426,-107.8638,,,,1.4,4.2,mtbproject_avg,,6,greenBlue,,"Mountain Village, Colorado",Colorado,United States,,,,mtbproject_trailhead,difficulty=greenBlue
mtb-7003704,mtbproject,https://www.mtbproject.com/trail/7003704/dennis-weaver-memorial-park,Dennis Weaver Memorial Park,38.168,-107.7472,point_trailhead,38.168,-107.7472,,,,3.1,4.0,mtbproject_avg,,1,green,,"Ouray, Colorado",Colorado,United States,,,,mtbproject_trailhead,difficulty=green
mtb-7027017,mtbproject,https://www.mtbproject.com/trail/7027017/the-plagueround,The Plagueround,38.202,-107.7238,point_trailhead,38.202,-107.7238,,,,2.4,4.0,mtbproject_avg,,4,greenBlue,,"Ouray, Colorado",Colorado,United States,,,,mtbproject_trailhead,difficulty=greenBlue
mtb-7027021,mtbproject,https://www.mtbproject.com/trail/7027021/exterminator,Exterminator,38.1806,-107.7346,point_trailhead,38.1806,-107.7346,,,,0.7,3.8,mtbproject_avg,,6,dblack,,"Ouray, Colorado",Colorado,United States,,,,mtbproject_trailhead,difficulty=dblack
mtb-7008818,mtbproject,https://www.mtbproject.com/trail/7008818/dollhand-ravine,Dollhand Ravine,37.8289,-106.3012,point_trailhead,37.8289,-106.3012,,,,0.8,4.5,mtbproject_avg,,2,green,,"Del Norte, Colorado",Colorado,United States,,,,mtbproject_trailhead,difficulty=green
mtb-7008825,mtbproject,https://www.mtbproject.com/trail/7008825/pinon,Pinon,37.8286,-106.2835,point_trailhead,37.8286,-106.2835,,,,1.1,4.0,mtbproject_avg,,2,greenBlue,,"Del Norte, Colorado",Colorado,United States,,,,mtbproject_trailhead,difficulty=greenBlue
mtb-7008852,mtbproject,https://www.mtbproject.com/trail/7008852/jim-p-martinez-sunflower-trail,Jim P. Martinez Sunflower Trail,38.032,-97.9279,point_trailhead,38.032,-97.9279,,,,7.2,4.0,mtbproject_avg,,1,green,,"South Hutchinson, Kansas",Kansas,United States,,,,mtbproject_trailhead,difficulty=green
mtb-7004050,mtbproject,https://www.mtbproject.com/trail/7004050/maize-bike-path,Maize Bike Path,37.752,-97.4265,point_trailhead,37.752,-97.4265,,,,2.1,4.0,mtbproject_avg,,1,green,,"Maize, Kansas",Kansas,United States,,,,mtbproject_trailhead,difficulty=green
mtb-7015487,mtbproject,https://www.mtbproject.com/trail/7015487/mt-lehigh,Mt. Lehigh,37.9075,-95.391,point_trailhead,37.9075,-95.391,,,,1.1,5.0,mtbproject_avg,,1,greenBlue,,"Iola, Kansas",Kansas,United States,,,,mtbproject_trailhead,difficulty=greenBlue
mtb-7015486,mtbproject,https://www.mtbproject.com/trail/7015486/creekside,Creekside,37.9075,-95.391,point_trailhead,37.9075,-95.391,,,,1.3,5.0,mtbproject_avg,,1,greenBlue,,"Iola, Kansas",Kansas,United States,,,,mtbproject_trailhead,difficulty=greenBlue
mtb-7015488,mtbproject,https://www.mtbproject.com/trail/7015488/south-loop,South Loop,37.9062,-95.3909,point_trailhead,37.9062,-95.3909,,,,1.7,5.0,mtbproject_avg,,1,greenBlue,,"Iola, Kansas",Kansas,United States,,,,mtbproject_trailhead,difficulty=greenBlue
mtb-7021327,mtbproject,https://www.mtbproject.com/trail/7021327/prairie-spirit-rail-trail,Prairie Spirit Rail Trail,38.6201,-95.27,point_trailhead,38.6201,-95.27,,,,54.4,4.5,mtbproject_avg,,2,greenBlue,,"Ottawa, Kansas",Kansas,United States,,,,mtbproject_trailhead,difficulty=greenBlue
mtb-7001353,mtbproject,https://www.mtbproject.com/trail/7001353/southwind-rail-trail,Southwind Rail Trail,37.9185,-95.4108,point_trailhead,37.9185,-95.4108,,,,7.1,4.0,mtbproject_avg,,1,green,,"Iola, Kansas",Kansas,United States,,,,mtbproject_trailhead,difficulty=green
mtb-7015506,mtbproject,https://www.mtbproject.com/trail/7015506/backbone,Backbone,37.9075,-95.3909,point_trailhead,37.9075,-95.3909,,,,1.2,4.0,mtbproject_avg,,1,green,,"Iola, Kansas",Kansas,United States,,,,mtbproject_trailhead,difficulty=green
mtb-7015509,mtbproject,https://www.mtbproject.com/trail/7015509/west-spur,West Spur,37.9125,-95.3988,point_trailhead,37.9125,-95.3988,,,,0.2,4.0,mtbproject_avg,,1,green,,"Iola, Kansas",Kansas,United States,,,,mtbproject_trailhead,difficulty=green
mtb-7025573,mtbproject,https://www.mtbproject.com/trail/7025573/goat-creek,Goat Creek,37.9121,-95.3998,point_trailhead,37.9121,-95.3998,,,,0.3,4.0,mtbproject_avg,,1,greenBlue,,"Iola, Kansas",Kansas,United States,,,,mtbproject_trailhead,difficulty=greenBlue
mtb-7015508,mtbproject,https://www.mtbproject.com/trail/7015508/east-loop,East Loop,37.9073,-95.3909,point_trailhead,37.9073,-95.3909,,,,0.5,4.0,mtbproject_avg,,1,green,,"Iola, Kansas",Kansas,United States,,,,mtbproject_trailhead,difficulty=green
mtb-7015495,mtbproject,https://www.mtbproject.com/trail/7015495/lakeside-west,Lakeside West,37.9097,-95.3997,point_trailhead,37.9097,-95.3997,,,,0.4,4.0,mtbproject_avg,,1,greenBlue,,"Iola, Kansas",Kansas,United States,,,,mtbproject_trailhead,difficulty=greenBlue
mtb-7015766,mtbproject,https://www.mtbproject.com/trail/7015766/connector,Connector,37.9074,-95.4102,point_trailhead,37.9074,-95.4102,,,,0.4,4.0,mtbproject_avg,,1,green,,"Iola, Kansas",Kansas,United States,,,,mtbproject_trailhead,difficulty=green
mtb-7034711,mtbproject,https://www.mtbproject.com/trail/7034711/cave-trail-south,Cave Trail South,37.9037,-95.3863,point_trailhead,37.9037,-95.3863,,,,2.1,4.0,mtbproject_avg,,1,greenBlue,,"Iola, Kansas",Kansas,United States,,,,mtbproject_trailhead,difficulty=greenBlue
mtb-7006826,mtbproject,https://www.mtbproject.com/trail/7006826/little-bighorn,Little Bighorn,37.829,-94.7262,point_trailhead,37.829,-94.7262,,,,1.6,5.0,mtbproject_avg,,1,greenBlue,,"Fort Scott, Kansas",Kansas,United States,,,,mtbproject_trailhead,difficulty=greenBlue
mtb-7006825,mtbproject,https://www.mtbproject.com/trail/7006825/bleeding-kansas,Bleeding Kansas,37.8298,-94.7193,point_trailhead,37.8298,-94.7193,,,,2.8,4.5,mtbproject_avg,,2,greenBlue,,"Fort Scott, Kansas",Kansas,United States,,,,mtbproject_trailhead,difficulty=greenBlue
mtb-7031828,mtbproject,https://www.mtbproject.com/trail/7031828/honey-run-trail,Honey Run Trail,38.0656,-92.6148,point_trailhead,38.0656,-92.6148,,,,13.8,4.0,mtbproject_avg,,1,greenBlue,,"Osage Beach, Missouri",Missouri,United States,,,,mtbproject_trailhead,difficulty=greenBlue
mtb-7032514,mtbproject,https://www.mtbproject.com/trail/7032514/north-loop,North Loop,38.0656,-92.6148,point_trailhead,38.0656,-92.6148,,,,4.2,4.0,mtbproject_avg,,1,greenBlue,,"Osage Beach, Missouri",Missouri,United States,,,,mtbproject_trailhead,difficulty=greenBlue
mtb-7032516,mtbproject,https://www.mtbproject.com/trail/7032516/upland-flatwoods-section,Upland Flatwoods Section,38.0655,-92.6148,point_trailhead,38.0655,-92.6148,,,,3.2,4.0,mtbproject_avg,,1,greenBlue,,"Osage Beach, Missouri",Missouri,United States,,,,mtbproject_trailhead,difficulty=greenBlue
mtb-7032515,mtbproject,https://www.mtbproject.com/trail/7032515/south-loop,South Loop,38.0656,-92.6148,point_trailhead,38.0656,-92.6148,,,,2.7,4.0,mtbproject_avg,,1,greenBlue,,"Osage Beach, Missouri",Missouri,United States,,,,mtbproject_trailhead,difficulty=greenBlue
mtb-7009688,mtbproject,https://www.mtbproject.com/trail/7009688/sycamore-ridge,Sycamore Ridge,38.0457,-87.9563,point_trailhead,38.0457,-87.9563,,,,4.0,5.0,mtbproject_avg,,3,green,,"New Harmony, Indiana",Indiana,United States,,,,mtbproject_trailhead,difficulty=green
mtb-7009707,mtbproject,https://www.mtbproject.com/trail/7009707/walnut-connector,Walnut Connector,38.0483,-87.9646,point_trailhead,38.0483,-87.9646,,,,1.8,4.5,mtbproject_avg,,2,greenBlue,,"New Harmony, Indiana",Indiana,United States,,,,mtbproject_trailhead,difficulty=greenBlue
mtb-4340605,mtbproject,https://www.mtbproject.com/trail/4340605/ben-hawes-rudy-mine-trail,Ben Hawes - Rudy Mine Trail,37.7856,-87.2025,point_trailhead,37.7856,-87.2025,,,,7.8,4.4,mtbproject_avg,,17,greenBlue,,"Owensboro, Kentucky",Kentucky,United States,,,,mtbproject_trailhead,difficulty=greenBlue
mtb-7003423,mtbproject,https://www.mtbproject.com/trail/7003423/blue-trail,Blue Trail,37.7876,-87.1989,point_trailhead,37.7876,-87.1989,,,,6.5,4.7,mtbproject_avg,,3,greenBlue,,"Owensboro, Kentucky",Kentucky,United States,,,,mtbproject_trailhead,difficulty=greenBlue
mtb-7021675,mtbproject,https://www.mtbproject.com/trail/7021675/jedi,Jedi,38.0652,-87.263,point_trailhead,38.0652,-87.263,,,,0.9,4.3,mtbproject_avg,,3,greenBlue,,"Boonville, Indiana",Indiana,United States,,,,mtbproject_trailhead,difficulty=greenBlue
mtb-7003508,mtbproject,https://www.mtbproject.com/trail/7003508/green-trail,Green Trail,37.7888,-87.1976,point_trailhead,37.7888,-87.1976,,,,1.3,4.3,mtbproject_avg,,4,green,,"Owensboro, Kentucky",Kentucky,United States,,,,mtbproject_trailhead,difficulty=green
mtb-7010073,mtbproject,https://www.mtbproject.com/trail/7010073/the-adventure-hiking-trail-loop,The Adventure Hiking Trail Loop,38.1913,-86.2941,point_trailhead,38.1913,-86.2941,,,,22.9,4.2,mtbproject_avg,,6,dblack,,"Corydon, Indiana",Indiana,United States,,,,mtbproject_trailhead,difficulty=dblack
mtb-7011686,mtbproject,https://www.mtbproject.com/trail/7011686/parking-lot-to-perimeter-trail,Parking Lot to Perimeter Trail,37.8546,-85.9394,point_trailhead,37.8546,-85.9394,,,,0.1,5.0,mtbproject_avg,,1,greenBlue,,"Radcliff, Kentucky",Kentucky,United States,,,,mtbproject_trailhead,difficulty=greenBlue
mtb-7013227,mtbproject,https://www.mtbproject.com/trail/7013227/perimeter-trail,Perimeter Trail,37.8537,-85.9397,point_trailhead,37.8537,-85.9397,,,,3.7,4.3,mtbproject_avg,,7,greenBlue,,"Radcliff, Kentucky",Kentucky,United States,,,,mtbproject_trailhead,difficulty=greenBlue
mtb-7008869,mtbproject,https://www.mtbproject.com/trail/7008869/paw-paw-trail,Paw Paw Trail,38.1154,-85.5288,point_trailhead,38.1154,-85.5288,,,,2.4,4.3,mtbproject_avg,,11,greenBlue,,"Mount Washington, Kentucky",Kentucky,United States,,,,mtbproject_trailhead,difficulty=greenBlue
mtb-7032035,mtbproject,https://www.mtbproject.com/trail/7032035/hickory-trail,Hickory Trail,38.1154,-85.5282,point_trailhead,38.1154,-85.5282,,,,1.3,4.5,mtbproject_avg,,2,greenBlue,,"Mount Washington, Kentucky",Kentucky,United States,,,,mtbproject_trailhead,difficulty=greenBlue
mtb-7008876,mtbproject,https://www.mtbproject.com/trail/7008876/chinkapin-trail,Chinkapin Trail,38.1222,-85.5215,point_trailhead,38.1222,-85.5215,,,,2.0,4.1,mtbproject_avg,,9,greenBlue,,"Fern Creek, Kentucky",Kentucky,United States,,,,mtbproject_trailhead,difficulty=greenBlue
mtb-7026649,mtbproject,https://www.mtbproject.com/trail/7026649/valley-of-the-giants-trail,Valley of the Giants Trail,38.2019,-85.4773,point_trailhead,38.2019,-85.4773,,,,0.7,4.3,mtbproject_avg,,3,green,,"Jeffersontown, Kentucky",Kentucky,United States,,,,mtbproject_trailhead,difficulty=green
mtb-7034283,mtbproject,https://www.mtbproject.com/trail/7034283/knucklehead-extension,Knucklehead Extension,38.0356,-84.8234,point_trailhead,38.0356,-84.8234,,,,1.5,4.0,mtbproject_avg,,1,greenBlue,,"Lawrenceburg, Kentucky",Kentucky,United States,,,,mtbproject_trailhead,difficulty=greenBlue
mtb-7000473,mtbproject,https://www.mtbproject.com/trail/7000473/veterans-park,Veterans Park,37.9551,-84.5035,point_trailhead,37.9551,-84.5035,,,,6.9,4.1,mtbproject_avg,,14,greenBlue,,"Lexington, Kentucky",Kentucky,United States,,,,mtbproject_trailhead,difficulty=greenBlue
mtb-7000516,mtbproject,https://www.mtbproject.com/trail/7000516/green-trail,Green Trail,37.9551,-84.5035,point_trailhead,37.9551,-84.5035,,,,1.0,4.0,mtbproject_avg,,2,green,,"Lexington, Kentucky",Kentucky,United States,,,,mtbproject_trailhead,difficulty=green
mtb-7024955,mtbproject,https://www.mtbproject.com/trail/7024955/fr-2056,FR 2056,37.7665,-83.9098,point_trailhead,37.7665,-83.9098,,,,1.8,5.0,mtbproject_avg,,1,green,,"Clay City, Kentucky",Kentucky,United States,,,,mtbproject_trailhead,difficulty=green
mtb-7024957,mtbproject,https://www.mtbproject.com/trail/7024957/lone-oak-road,Lone Oak Road,37.7867,-83.9058,point_trailhead,37.7867,-83.9058,,,,2.0,4.0,mtbproject_avg,,1,dblack,,"Clay City, Kentucky",Kentucky,United States,,,,mtbproject_trailhead,difficulty=dblack
mtb-7034314,mtbproject,https://www.mtbproject.com/trail/7034314/mikes-trail,Mike's Trail,36.0094,-84.1707,point_trailhead,36.0094,-84.1707,,,,0.8,4.0,mtbproject_avg,,1,green,,"Oak Ridge, Tennessee",Tennessee,United States,,,,mtbproject_trailhead,difficulty=green
mtb-7005123,mtbproject,https://www.mtbproject.com/trail/7005123/limestone-trail-109,Limestone Trail #109,38.1352,-83.4623,point_trailhead,38.1352,-83.4623,,,,7.8,4.0,mtbproject_avg,,2,greenBlue,,"Morehead, Kentucky",Kentucky,United States,,,,mtbproject_trailhead,difficulty=greenBlue
mtb-7011047,mtbproject,https://www.mtbproject.com/trail/7011047/fr-165,FR 165,37.8914,-83.6957,point_trailhead,37.8914,-83.6957,,,,3.8,4.0,mtbproject_avg,,2,green,,"Frenchburg, Kentucky",Kentucky,United States,,,,mtbproject_trailhead,difficulty=green
mtb-7012545,mtbproject,https://www.mtbproject.com/trail/7012545/tarr-ridge,Tarr Ridge,37.8533,-83.6421,point_trailhead,37.8533,-83.6421,,,,1.4,4.0,mtbproject_avg,,1,green,,"Frenchburg, Kentucky",Kentucky,United States,,,,mtbproject_trailhead,difficulty=green
mtb-7015360,mtbproject,https://www.mtbproject.com/trail/7015360/tunnel-ridge-road-south,Tunnel Ridge Road South,37.7973,-83.6542,point_trailhead,37.7973,-83.6542,,,,3.7,4.0,mtbproject_avg,,1,green,,"Campton, Kentucky",Kentucky,United States,,,,mtbproject_trailhead,difficulty=green
mtb-7026280,mtbproject,https://www.mtbproject.com/trail/7026280/hog-pen-trail-106,Hog Pen Trail (106),38.0758,-83.526,point_trailhead,38.0758,-83.526,,,,1.3,4.0,mtbproject_avg,,1,greenBlue,,"Morehead, Kentucky",Kentucky,United States,,,,mtbproject_trailhead,difficulty=greenBlue
mtb-7023016,mtbproject,https://www.mtbproject.com/trail/7023016/limestone-connector-109a,Limestone Connector #109A,38.1478,-83.4841,point_trailhead,38.1478,-83.4841,,,,1.7,4.0,mtbproject_avg,,1,greenBlue,,"Morehead, Kentucky",Kentucky,United States,,,,mtbproject_trailhead,difficulty=greenBlue
mtb-7023813,mtbproject,https://www.mtbproject.com/trail/7023813/fsr-173,FSR #173,37.8649,-83.6477,point_trailhead,37.8649,-83.6477,,,,2.5,4.0,mtbproject_avg,,1,green,,"Frenchburg, Kentucky",Kentucky,United States,,,,mtbproject_trailhead,difficulty=green
mtb-7011054,mtbproject,https://www.mtbproject.com/trail/7011054/fr-167,FR 167,37.9118,-83.7233,point_trailhead,37.9118,-83.7233,,,,4.3,4.0,mtbproject_avg,,1,greenBlue,,"Frenchburg, Kentucky",Kentucky,United States,,,,mtbproject_trailhead,difficulty=greenBlue
mtb-7028919,mtbproject,https://www.mtbproject.com/trail/7028919/twin-knobs-shore-trail,Twin Knobs Shore Trail,38.0884,-83.5138,point_trailhead,38.0884,-83.5138,,,,2.6,4.0,mtbproject_avg,,1,greenBlue,,"Morehead, Kentucky",Kentucky,United States,,,,mtbproject_trailhead,difficulty=greenBlue
mtb-7015355,mtbproject,https://www.mtbproject.com/trail/7015355/tunnel-ridge-road-north,Tunnel Ridge Road North,37.8198,-83.6826,point_trailhead,37.8198,-83.6826,,,,1.4,4.0,mtbproject_avg,,1,greenBlue,,"Stanton, Kentucky",Kentucky,United States,,,,mtbproject_trailhead,difficulty=greenBlue
mtb-7011534,mtbproject,https://www.mtbproject.com/trail/7011534/fr-9a-indian-creek-road,FR 9a: Indian Creek Road,37.8608,-83.674,point_trailhead,37.8608,-83.674,,,,2.0,4.0,mtbproject_avg,,1,green,,"Frenchburg, Kentucky",Kentucky,United States,,,,mtbproject_trailhead,difficulty=green
mtb-7029329,mtbproject,https://www.mtbproject.com/trail/7029329/gray-flats-trail-system-ride,Gray Flats Trail System Ride,37.7833,-81.1484,point_trailhead,37.7833,-81.1484,,,,6.7,5.0,mtbproject_avg,,1,greenBlue,,"Stanaford, West Virginia",West Virginia,United States,,,,mtbproject_trailhead,difficulty=greenBlue
mtb-4301078,mtbproject,https://www.mtbproject.com/trail/4301078/adena,Adena,38.0376,-81.0668,point_trailhead,38.0376,-81.0668,,,,2.9,4.5,mtbproject_avg,,4,greenBlue,,"Fayetteville, West Virginia",West Virginia,United States,,,,mtbproject_trailhead,difficulty=greenBlue
mtb-7029167,mtbproject,https://www.mtbproject.com/trail/7029167/bruffey-and-the-boys,Bruffey and the Boys,38.1829,-80.2522,point_trailhead,38.1829,-80.2522,,,,5.7,4.0,mtbproject_avg,,1,greenBlue,,"Marlinton, West Virginia",West Virginia,United States,,,,mtbproject_trailhead,difficulty=greenBlue
mtb-7000626,mtbproject,https://www.mtbproject.com/trail/7000626/cold-springs-trail,Cold Springs Trail,38.1643,-79.3163,point_trailhead,38.1643,-79.3163,,,,2.3,5.0,mtbproject_avg,,1,dblack,,"Staunton, Virginia",Virginia,United States,,,,mtbproject_trailhead,difficulty=dblack
mtb-7008742,mtbproject,https://www.mtbproject.com/trail/7008742/huffs-trail,Huffs Trail,37.9039,-79.808,point_trailhead,37.9039,-79.808,,,,1.1,4.5,mtbproject_avg,,2,greenBlue,,"Clifton Forge, Virginia",Virginia,United States,,,,mtbproject_trailhead,difficulty=greenBlue
mtb-6262204,mtbproject,https://www.mtbproject.com/trail/6262204/rivanna-trail-clockwise-from-bodos,Rivanna Trail Clockwise from Bodo's,38.0556,-78.4955,point_trailhead,38.0556,-78.4955,,,,20.2,4.3,mtbproject_avg,,7,greenBlue,,"Charlottesville, Virginia",Virginia,United States,,,,mtbproject_trailhead,difficulty=greenBlue
mtb-7012785,mtbproject,https://www.mtbproject.com/trail/7012785/brooklyn-southside-junction-trail,Brooklyn - Southside Junction Trail,37.9839,-81.0281,point_trailhead,37.9839,-81.0281,,,,6.2,4.3,mtbproject_avg,,4,green,,"Oak Hill, West Virginia",West Virginia,United States,,,,mtbproject_trailhead,difficulty=green
mtb-6501483,mtbproject,https://www.mtbproject.com/trail/6501483/rtf-fontaine-ave-to-barracks-road,RTF - Fontaine Ave to Barracks Road,38.027,-78.5272,point_trailhead,38.027,-78.5272,,,,3.6,4.0,mtbproject_avg,,1,greenBlue,,"Charlottesville, Virginia",Virginia,United States,,,,mtbproject_trailhead,difficulty=greenBlue
mtb-7001248,mtbproject,https://www.mtbproject.com/trail/7001248/mountain-side-trail,Mountain Side Trail,37.9096,-79.7867,point_trailhead,37.9096,-79.7867,,,,1.3,4.0,mtbproject_avg,,1,greenBlue,,"Clifton Forge, Virginia",Virginia,United States,,,,mtbproject_trailhead,difficulty=greenBlue
mtb-6502627,mtbproject,https://www.mtbproject.com/trail/6502627/rtf-5th-st-ext-to-natural-resources-drive,RTF - 5th St Ext to Natural Resources Drive,38.0104,-78.5059,point_trailhead,38.0104,-78.5059,,,,2.8,4.0,mtbproject_avg,,1,greenBlue,,"Charlottesville, Virginia",Virginia,United States,,,,mtbproject_trailhead,difficulty=greenBlue
mtb-7014734,mtbproject,https://www.mtbproject.com/trail/7014734/tipple-trail,Tipple Trail,38.0505,-81.0416,point_trailhead,38.0505,-81.0416,,,,0.6,4.0,mtbproject_avg,,1,green,,"Fayetteville, West Virginia",West Virginia,United States,,,,mtbproject_trailhead,difficulty=green
mtb-7012854,mtbproject,https://www.mtbproject.com/trail/7012854/trail-13,Trail 13,37.9027,-81.1251,point_trailhead,37.9027,-81.1251,,,,2.7,4.0,mtbproject_avg,,1,green,,"Mount Hope, West Virginia",West Virginia,United States,,,,mtbproject_trailhead,difficulty=green
mtb-7006713,mtbproject,https://www.mtbproject.com/trail/7006713/creek-side-trail,Creek Side Trail,38.1824,-78.3696,point_trailhead,38.1824,-78.3696,,,,0.7,4.0,mtbproject_avg,,1,greenBlue,,"Ruckersville, Virginia",Virginia,United States,,,,mtbproject_trailhead,difficulty=greenBlue
mtb-6500379,mtbproject,https://www.mtbproject.com/trail/6500379/rtf-hwy-20-to-avon-street-extended,RTF - Hwy 20 to Avon Street Extended,38.0134,-78.4756,point_trailhead,38.0134,-78.4756,,,,1.1,4.0,mtbproject_avg,,1,greenBlue,,"Charlottesville, Virginia",Virginia,United States,,,,mtbproject_trailhead,difficulty=greenBlue
mtb-7008611,mtbproject,https://www.mtbproject.com/trail/7008611/locust-gap-trail,Locust Gap Trail,37.9025,-79.8162,point_trailhead,37.9025,-79.8162,,,,1.4,3.8,mtbproject_avg,,4,greenBlue,,"Clifton Forge, Virginia",Virginia,United States,,,,mtbproject_trailhead,difficulty=greenBlue
mtb-5385375,mtbproject,https://www.mtbproject.com/trail/5385375/newtown-park-mtb-trail,Newtown Park MTB Trail,38.0678,-75.5421,point_trailhead,38.0678,-75.5421,,,,0.3,4.0,mtbproject_avg,,1,green,,"Pocomoke City, Maryland",Maryland,United States,,,,mtbproject_trailhead,difficulty=green
mtb-7028642,mtbproject,https://www.mtbproject.com/trail/7028642/salt-point-trail,Salt Point Trail,38.5783,-123.3344,point_trailhead,38.5783,-123.3344,,,,1.4,4.0,mtbproject_avg,,1,green,,"Sea Ranch, California",California,United States,,,,mtbproject_trailhead,difficulty=green
mtb-7028637,mtbproject,https://www.mtbproject.com/trail/7028637/north-trail,North Trail,38.5771,-123.3346,point_trailhead,38.5771,-123.3346,,,,2.3,4.0,mtbproject_avg,,1,greenBlue,,"Sea Ranch, California",California,United States,,,,mtbproject_trailhead,difficulty=greenBlue
mtb-7028634,mtbproject,https://www.mtbproject.com/trail/7028634/prairie-trail,Prairie Trail,38.5806,-123.2935,point_trailhead,38.5806,-123.2935,,,,1.1,4.0,mtbproject_avg,,1,greenBlue,,"Sea Ranch, California",California,United States,,,,mtbproject_trailhead,difficulty=greenBlue
mtb-7011099,mtbproject,https://www.mtbproject.com/trail/7011099/fiddleneck-trail,Fiddleneck Trail,38.3443,-122.6444,point_trailhead,38.3443,-122.6444,,,,1.2,4.0,mtbproject_avg,,1,green,,"Rohnert Park, California",California,United States,,,,mtbproject_trailhead,difficulty=green
mtb-1109852,mtbproject,https://www.mtbproject.com/trail/1109852/dike-8-browns-ravine,Dike 8 - Browns Ravine,38.6955,-121.1269,point_trailhead,38.6955,-121.1269,,,,3.5,4.1,mtbproject_avg,,7,green,,"El Dorado Hills, California",California,United States,,,,mtbproject_trailhead,difficulty=green
mtb-7012729,mtbproject,https://www.mtbproject.com/trail/7012729/southeast-option,Southeast Option,38.527,-121.0874,point_trailhead,38.527,-121.0874,,,,4.5,4.0,mtbproject_avg,,4,greenBlue,,"Rancho Murieta, California",California,United States,,,,mtbproject_trailhead,difficulty=greenBlue
mtb-7007201,mtbproject,https://www.mtbproject.com/trail/7007201/american-river-bike-trail-north-side-lake-natoma,American River Bike Trail: North Side Lake Natoma,38.6779,-121.1805,point_trailhead,38.6779,-121.1805,,,,6.8,4.0,mtbproject_avg,,1,green,,"Folsom, California",California,United States,,,,mtbproject_trailhead,difficulty=green
mtb-7007200,mtbproject,https://www.mtbproject.com/trail/7007200/american-river-bike-trail-south-side-lake-natoma,American River Bike Trail: South Side Lake Natoma,38.6344,-121.217,point_trailhead,38.6344,-121.217,,,,5.1,4.0,mtbproject_avg,,1,green,,"Gold River, California",California,United States,,,,mtbproject_trailhead,difficulty=green
mtb-7010789,mtbproject,https://www.mtbproject.com/trail/7010789/coyote-trail,Coyote Trail,38.6452,-121.1559,point_trailhead,38.6452,-121.1559,,,,1.8,4.0,mtbproject_avg,,1,greenBlue,,"Folsom, California",California,United States,,,,mtbproject_trailhead,difficulty=greenBlue
mtb-1801845,mtbproject,https://www.mtbproject.com/trail/1801845/jenkinson-lake-aka-sly-park,Jenkinson Lake aka Sly Park,38.7155,-120.5643,point_trailhead,38.7155,-120.5643,,,,8.2,3.8,mtbproject_avg,,26,greenBlue,,"Pollock Pines, California",California,United States,,,,mtbproject_trailhead,difficulty=greenBlue
mtb-7030017,mtbproject,https://www.mtbproject.com/trail/7030017/big-trees-loop,Big Trees Loop,38.2511,-120.2596,point_trailhead,38.2511,-120.2596,,,,16.5,4.0,mtbproject_avg,,1,greenBlue,,"Arnold, California",California,United States,,,,mtbproject_trailhead,difficulty=greenBlue
mtb-7017195,mtbproject,https://www.mtbproject.com/trail/7017195/bee-gulch-trail,Bee Gulch Trail,38.5024,-120.0066,point_trailhead,38.5024,-120.0066,,,,1.4,5.0,mtbproject_avg,,1,dblack,,"South Lake Tahoe, California",California,United States,,,,mtbproject_trailhead,difficulty=dblack
mtb-7013698,mtbproject,https://www.mtbproject.com/trail/7013698/north-lake-alpine-trail,North Lake Alpine Trail,38.4789,-120.0167,point_trailhead,38.4789,-120.0167,,,,2.1,4.0,mtbproject_avg,,1,greenBlue,,"South Lake Tahoe, California",California,United States,,,,mtbproject_trailhead,difficulty=greenBlue
mtb-7014807,mtbproject,https://www.mtbproject.com/trail/7014807/koala-access,Koala Access,38.4765,-120.0422,point_trailhead,38.4765,-120.0422,,,,1.7,4.0,mtbproject_avg,,1,greenBlue,,"Pioneer, California",California,United States,,,,mtbproject_trailhead,difficulty=greenBlue
mtb-7014615,mtbproject,https://www.mtbproject.com/trail/7014615/lakeshore-trail,Lakeshore Trail,38.5299,-111.7422,point_trailhead,38.5299,-111.7422,,,,6.4,4.0,mtbproject_avg,,1,green,,"Loa, Utah",Utah,United States,,,,mtbproject_trailhead,difficulty=green
mtb-5083590,mtbproject,https://www.mtbproject.com/trail/5083590/dead-horse-point-tour,Dead Horse Point Tour,38.4888,-109.7362,point_trailhead,38.4888,-109.7362,,,,14.0,4.5,mtbproject_avg,,110,greenBlue,,"Moab, Utah",Utah,United States,,,,mtbproject_trailhead,difficulty=greenBlue
mtb-199492,mtbproject,https://www.mtbproject.com/trail/199492/getaway,Getaway,38.5736,-109.7917,point_trailhead,38.5736,-109.7917,,,,7.9,4.1,mtbproject_avg,,39,greenBlue,,"Moab, Utah",Utah,United States,,,,mtbproject_trailhead,difficulty=greenBlue
mtb-5087439,mtbproject,https://www.mtbproject.com/trail/5087439/whiptail,Whiptail,38.5106,-109.7425,point_trailhead,38.5106,-109.7425,,,,2.8,4.5,mtbproject_avg,,6,greenBlue,,"Moab, Utah",Utah,United States,,,,mtbproject_trailhead,difficulty=greenBlue
mtb-366223,mtbproject,https://www.mtbproject.com/trail/366223/moab-brand-trails-lazyez-loop,Moab Brand Trails - Lazy/EZ Loop,38.6403,-109.6575,point_trailhead,38.6403,-109.6575,,,,3.7,4.1,mtbproject_avg,,47,greenBlue,,"Moab, Utah",Utah,United States,,,,mtbproject_trailhead,difficulty=greenBlue
mtb-7014052,mtbproject,https://www.mtbproject.com/trail/7014052/gold-bar-rim,Gold Bar Rim,38.6145,-109.6418,point_trailhead,38.6145,-109.6418,,,,3.6,4.4,mtbproject_avg,,18,dblack,,"Moab, Utah",Utah,United States,,,,mtbproject_trailhead,difficulty=dblack
mtb-199734,mtbproject,https://www.mtbproject.com/trail/199734/portal,Portal,38.5839,-109.5946,point_trailhead,38.5839,-109.5946,,,,2.5,3.8,mtbproject_avg,,24,dblack,,"Moab, Utah",Utah,United States,,,,mtbproject_trailhead,difficulty=dblack
mtb-173439,mtbproject,https://www.mtbproject.com/trail/173439/ez,EZ,38.6531,-109.6665,point_trailhead,38.6531,-109.6665,,,,1.5,4.0,mtbproject_avg,,21,greenBlue,,"Moab, Utah",Utah,United States,,,,mtbproject_trailhead,difficulty=greenBlue
mtb-171586,mtbproject,https://www.mtbproject.com/trail/171586/rockstacker,Rockstacker,38.5421,-109.6408,point_trailhead,38.5421,-109.6408,,,,1.6,4.2,mtbproject_avg,,15,dblack,,"Moab, Utah",Utah,United States,,,,mtbproject_trailhead,difficulty=dblack
mtb-5085360,mtbproject,https://www.mtbproject.com/trail/5085360/great-pyramid,Great Pyramid,38.4937,-109.7294,point_trailhead,38.4937,-109.7294,,,,2.2,4.3,mtbproject_avg,,13,greenBlue,,"Moab, Utah",Utah,United States,,,,mtbproject_trailhead,difficulty=greenBlue
mtb-202697,mtbproject,https://www.mtbproject.com/trail/202697/raven-roll,Raven Roll,38.5116,-109.7216,point_trailhead,38.5116,-109.7216,,,,1.7,4.1,mtbproject_avg,,15,green,,"Moab, Utah",Utah,United States,,,,mtbproject_trailhead,difficulty=green
mtb-171406,mtbproject,https://www.mtbproject.com/trail/171406/jackson,Jackson,38.5293,-109.629,point_trailhead,38.5293,-109.629,,,,2.3,3.9,mtbproject_avg,,14,dblack,,"Moab, Utah",Utah,United States,,,,mtbproject_trailhead,difficulty=dblack
mtb-7003217,mtbproject,https://www.mtbproject.com/trail/7003217/hell-canyon,Hell Canyon,38.4255,-109.2873,point_trailhead,38.4255,-109.2873,,,,2.9,4.5,mtbproject_avg,,2,dblack,,"Moab, Utah",Utah,United States,,,,mtbproject_trailhead,difficulty=dblack
mtb-175698,mtbproject,https://www.mtbproject.com/trail/175698/moab-canyon-paved-path,Moab Canyon Paved Path,38.6031,-109.5735,point_trailhead,38.6031,-109.5735,,,,9.0,4.3,mtbproject_avg,,3,green,,"Moab, Utah",Utah,United States,,,,mtbproject_trailhead,difficulty=green
mtb-173483,mtbproject,https://www.mtbproject.com/trail/173483/lazy,Lazy,38.643,-109.6545,point_trailhead,38.643,-109.6545,,,,1.5,4.0,mtbproject_avg,,10,green,,"Moab, Utah",Utah,United States,,,,mtbproject_trailhead,difficulty=green
mtb-7002630,mtbproject,https://www.mtbproject.com/trail/7002630/zoltar,Zoltar,38.7088,-109.6425,point_trailhead,38.7088,-109.6425,,,,0.7,4.0,mtbproject_avg,,7,greenBlue,,"Moab, Utah",Utah,United States,,,,mtbproject_trailhead,difficulty=greenBlue
mtb-193286,mtbproject,https://www.mtbproject.com/trail/193286/wahoo,Wahoo,38.7178,-109.6402,point_trailhead,38.7178,-109.6402,,,,1.6,3.9,mtbproject_avg,,9,greenBlue,,"Moab, Utah",Utah,United States,,,,mtbproject_trailhead,difficulty=greenBlue
mtb-5084752,mtbproject,https://www.mtbproject.com/trail/5084752/intrepid,Intrepid,38.4887,-109.7361,point_trailhead,38.4887,-109.7361,,,,0.7,3.9,mtbproject_avg,,8,greenBlue,,"Moab, Utah",Utah,United States,,,,mtbproject_trailhead,difficulty=greenBlue
mtb-5086798,mtbproject,https://www.mtbproject.com/trail/5086798/crossroads,Crossroads,38.5116,-109.7216,point_trailhead,38.5116,-109.7216,,,,1.6,3.9,mtbproject_avg,,8,green,,"Moab, Utah",Utah,United States,,,,mtbproject_trailhead,difficulty=green
mtb-4601620,mtbproject,https://www.mtbproject.com/trail/4601620/jacobs-jacksons-ladder,Jacob's (Jackson's) Ladder,38.5235,-109.6266,point_trailhead,38.5235,-109.6266,,,,0.4,4.0,mtbproject_avg,,3,dblack,,"Moab, Utah",Utah,United States,,,,mtbproject_trailhead,difficulty=dblack
mtb-7021352,mtbproject,https://www.mtbproject.com/trail/7021352/carousel,Carousel,38.697,-109.6439,point_trailhead,38.697,-109.6439,,,,1.0,4.0,mtbproject_avg,,3,green,,"Moab, Utah",Utah,United States,,,,mtbproject_trailhead,difficulty=green
mtb-191973,mtbproject,https://www.mtbproject.com/trail/191973/pipe-dream-connector,Pipe Dream Connector,38.5537,-109.5429,point_trailhead,38.5537,-109.5429,,,,0.3,4.0,mtbproject_avg,,3,black,,"Moab, Utah",Utah,United States,,,,mtbproject_trailhead,mtbproject type=Connector
mtb-7013443,mtbproject,https://www.mtbproject.com/trail/7013443/vista-grande-loop,Vista Grande Loop,38.6696,-108.9865,point_trailhead,38.6696,-108.9865,,,,1.5,5.0,mtbproject_avg,,1,green,,"Gateway, Colorado",Colorado,United States,,,,mtbproject_trailhead,difficulty=green
mtb-3799971,mtbproject,https://www.mtbproject.com/trail/3799971/eagle-valley-trail,Eagle Valley Trail,38.6041,-107.8843,point_trailhead,38.6041,-107.8843,,,,1.0,4.8,mtbproject_avg,,5,dblack,,"Olathe, Colorado",Colorado,United States,,,,mtbproject_trailhead,difficulty=dblack
mtb-5753714,mtbproject,https://www.mtbproject.com/trail/5753714/paradox,Paradox,38.3017,-108.0756,point_trailhead,38.3017,-108.0756,,,,5.6,4.0,mtbproject_avg,,1,dblack,,"Montrose, Colorado",Colorado,United States,,,,mtbproject_trailhead,difficulty=dblack
mtb-3755625,mtbproject,https://www.mtbproject.com/trail/3755625/pj-way,P.J. Way,38.4082,-107.9357,point_trailhead,38.4082,-107.9357,,,,0.9,3.8,mtbproject_avg,,4,greenBlue,,"Montrose, Colorado",Colorado,United States,,,,mtbproject_trailhead,difficulty=greenBlue
mtb-7029915,mtbproject,https://www.mtbproject.com/trail/7029915/evans-loop,Evans Loop,38.4885,-106.9629,point_trailhead,38.4885,-106.9629,,,,2.8,4.3,mtbproject_avg,,3,green,,"Gunnison, Colorado",Colorado,United States,,,,mtbproject_trailhead,difficulty=green
mtb-3719157,mtbproject,https://www.mtbproject.com/trail/3719157/the-luge,The Luge,38.4897,-106.9679,point_trailhead,38.4897,-106.9679,,,,1.2,4.0,mtbproject_avg,,4,greenBlue,,"Gunnison, Colorado",Colorado,United States,,,,mtbproject_trailhead,difficulty=greenBlue
mtb-7004681,mtbproject,https://www.mtbproject.com/trail/7004681/v-drop,V-drop,38.4984,-106.9465,point_trailhead,38.4984,-106.9465,,,,0.5,4.0,mtbproject_avg,,1,black,,"Gunnison, Colorado",Colorado,United States,,,,mtbproject_trailhead,mtbproject type=Connector
mtb-7018410,mtbproject,https://www.mtbproject.com/trail/7018410/canyon-creek-megacalorie,Canyon Creek Megacalorie,38.7101,-106.2914,point_trailhead,38.7101,-106.2914,,,,25.7,4.0,mtbproject_avg,,1,dblack,,"Alpine, Colorado",Colorado,United States,,,,mtbproject_trailhead,difficulty=dblack
mtb-7030380,mtbproject,https://www.mtbproject.com/trail/7030380/mt-princeton-hot-springs-little-browns-creek-loop,Mt Princeton Hot Springs - Little Brown's Creek Loop,38.7325,-106.1626,point_trailhead,38.7325,-106.1626,,,,28.9,4.0,mtbproject_avg,,1,dblack,,"Alpine, Colorado",Colorado,United States,,,,mtbproject_trailhead,difficulty=dblack
mtb-6273146,mtbproject,https://www.mtbproject.com/trail/6273146/fs-839-alpine-tunnel-4x4-road,FS 839 Alpine Tunnel 4x4 Road,38.6243,-106.4751,point_trailhead,38.6243,-106.4751,,,,10.5,4.0,mtbproject_avg,,2,green,,"Gunnison, Colorado",Colorado,United States,,,,mtbproject_trailhead,difficulty=green
mtb-7027879,mtbproject,https://www.mtbproject.com/trail/7027879/little-browns-creek-trail-1430,Little Browns Creek Trail #1430,38.6577,-106.2471,point_trailhead,38.6577,-106.2471,,,,4.7,5.0,mtbproject_avg,,1,dblack,,"Alpine, Colorado",Colorado,United States,,,,mtbproject_trailhead,difficulty=dblack
mtb-5129252,mtbproject,https://www.mtbproject.com/trail/5129252/uncle-nazty,Uncle Nazty,38.5513,-105.9726,point_trailhead,38.5513,-105.9726,,,,0.8,4.6,mtbproject_avg,,8,dblack,,"Salida, Colorado",Colorado,United States,,,,mtbproject_trailhead,difficulty=dblack
mtb-5978516,mtbproject,https://www.mtbproject.com/trail/5978516/race-track,Race Track,38.4979,-105.9849,point_trailhead,38.4979,-105.9849,,,,1.5,3.8,mtbproject_avg,,9,greenBlue,,"Salida, Colorado",Colorado,United States,,,,mtbproject_trailhead,difficulty=greenBlue
mtb-3590206,mtbproject,https://www.mtbproject.com/trail/3590206/lake-pueblo-state-park-south-shore-trail-network,Lake Pueblo State Park - South Shore Trail Network,38.2512,-104.7353,point_trailhead,38.2512,-104.7353,,,,24.2,4.1,mtbproject_avg,,22,greenBlue,,"Pueblo, Colorado",Colorado,United States,,,,mtbproject_trailhead,difficulty=greenBlue
mtb-7010680,mtbproject,https://www.mtbproject.com/trail/7010680/fracture,Fracture,38.5348,-105.2165,point_trailhead,38.5348,-105.2165,,,,1.8,4.7,mtbproject_avg,,15,greenBlue,,"Cañon City, Colorado",Colorado,United States,,,,mtbproject_trailhead,difficulty=greenBlue
mtb-3597678,mtbproject,https://www.mtbproject.com/trail/3597678/voodoo-loop,Voodoo Loop,38.2371,-104.7724,point_trailhead,38.2371,-104.7724,,,,7.7,4.3,mtbproject_avg,,9,green,,"Pueblo, Colorado",Colorado,United States,,,,mtbproject_trailhead,difficulty=green
mtb-7001795,mtbproject,https://www.mtbproject.com/trail/7001795/south-talon,South Talon,38.7202,-104.8471,point_trailhead,38.7202,-104.8471,,,,0.9,4.1,mtbproject_avg,,7,green,,"Fort Carson, Colorado",Colorado,United States,,,,mtbproject_trailhead,difficulty=green
mtb-7022345,mtbproject,https://www.mtbproject.com/trail/7022345/mutton-bustin,Mutton Bustin',38.4204,-105.2652,point_trailhead,38.4204,-105.2652,,,,1.4,4.0,mtbproject_avg,,4,green,,"Cañon City, Colorado",Colorado,United States,,,,mtbproject_trailhead,difficulty=green
mtb-7022346,mtbproject,https://www.mtbproject.com/trail/7022346/schepp-ridge-north,Schepp Ridge North,38.4278,-105.258,point_trailhead,38.4278,-105.258,,,,1.3,4.0,mtbproject_avg,,4,greenBlue,,"Cañon City, Colorado",Colorado,United States,,,,mtbproject_trailhead,difficulty=greenBlue
mtb-3602226,mtbproject,https://www.mtbproject.com/trail/3602226/inner-limits,Inner Limits,38.2369,-104.7533,point_trailhead,38.2369,-104.7533,,,,4.3,3.8,mtbproject_avg,,8,greenBlue,,"Pueblo, Colorado",Colorado,United States,,,,mtbproject_trailhead,difficulty=greenBlue
mtb-7024324,mtbproject,https://www.mtbproject.com/trail/7024324/shelf-road,Shelf Road,38.7428,-105.1763,point_trailhead,38.7428,-105.1763,,,,13.3,4.0,mtbproject_avg,,2,greenBlue,,"Cripple Creek, Colorado",Colorado,United States,,,,mtbproject_trailhead,difficulty=greenBlue
mtb-7010683,mtbproject,https://www.mtbproject.com/trail/7010683/graneros-trail,Graneros Trail,38.4712,-105.2502,point_trailhead,38.4712,-105.2502,,,,1.9,4.0,mtbproject_avg,,2,greenBlue,,"Cañon City, Colorado",Colorado,United States,,,,mtbproject_trailhead,difficulty=greenBlue
mtb-7024039,mtbproject,https://www.mtbproject.com/trail/7024039/phantom-canyon-road,Phantom Canyon Road,38.7106,-105.1334,point_trailhead,38.7106,-105.1334,,,,30.3,4.0,mtbproject_avg,,1,greenBlue,,"Cripple Creek, Colorado",Colorado,United States,,,,mtbproject_trailhead,difficulty=greenBlue
mtb-7022347,mtbproject,https://www.mtbproject.com/trail/7022347/schepp-ridge-south,Schepp Ridge South,38.4204,-105.2652,point_trailhead,38.4204,-105.2652,,,,0.4,3.8,mtbproject_avg,,4,green,,"Cañon City, Colorado",Colorado,United States,,,,mtbproject_trailhead,difficulty=green
mtb-7008841,mtbproject,https://www.mtbproject.com/trail/7008841/barton-lake-singletrack,Barton Lake Singletrack,38.4492,-98.777,point_trailhead,38.4492,-98.777,,,,1.8,4.8,mtbproject_avg,,5,greenBlue,,"Hoisington, Kansas",Kansas,United States,,,,mtbproject_trailhead,difficulty=greenBlue
mtb-7017610,mtbproject,https://www.mtbproject.com/trail/7017610/meadowlark-trail-south,"Meadowlark Trail, South",38.3911,-97.676,point_trailhead,38.3911,-97.676,,,,4.2,4.0,mtbproject_avg,,1,green,,"McPherson, Kansas",Kansas,United States,,,,mtbproject_trailhead,difficulty=green
mtb-7017612,mtbproject,https://www.mtbproject.com/trail/7017612/meadowlark-trail-north,"Meadowlark Trail, North",38.5633,-97.6712,point_trailhead,38.5633,-97.6712,,,,3.2,4.0,mtbproject_avg,,1,green,,"Lindsborg, Kansas",Kansas,United States,,,,mtbproject_trailhead,difficulty=green
mtb-7021458,mtbproject,https://www.mtbproject.com/trail/7021458/flint-hills-nature-trail,Flint Hills Nature Trail,38.6598,-96.4783,point_trailhead,38.6598,-96.4783,,,,95.0,4.7,mtbproject_avg,,3,greenBlue,,"Council Grove, Kansas",Kansas,United States,,,,mtbproject_trailhead,difficulty=greenBlue
mtb-7021133,mtbproject,https://www.mtbproject.com/trail/7021133/west-flint-hills-nature-trail,West Flint Hills Nature Trail,38.6598,-96.4783,point_trailhead,38.6598,-96.4783,,,,75.0,5.0,mtbproject_avg,,1,greenBlue,,"Council Grove, Kansas",Kansas,United States,,,,mtbproject_trailhead,difficulty=greenBlue
mtb-7017216,mtbproject,https://www.mtbproject.com/trail/7017216/camp-alexander,Camp Alexander,38.4176,-96.1072,point_trailhead,38.4176,-96.1072,,,,4.2,4.0,mtbproject_avg,,1,greenBlue,,"Emporia, Kansas",Kansas,United States,,,,mtbproject_trailhead,difficulty=greenBlue
mtb-7021288,mtbproject,https://www.mtbproject.com/trail/7021288/east-flint-hills-nature-trail,East Flint Hills Nature Trail,38.6084,-95.2508,point_trailhead,38.6084,-95.2508,,,,18.2,5.0,mtbproject_avg,,1,green,,"Ottawa, Kansas",Kansas,United States,,,,mtbproject_trailhead,difficulty=green
mtb-7028711,mtbproject,https://www.mtbproject.com/trail/7028711/bledsoe-ferry-trail,Bledsoe Ferry Trail,38.2438,-93.3897,point_trailhead,38.2438,-93.3897,,,,0.8,5.0,mtbproject_avg,,1,green,,"Warsaw, Missouri",Missouri,United States,,,,mtbproject_trailhead,difficulty=green
mtb-7028965,mtbproject,https://www.mtbproject.com/trail/7028965/kickapoo-island-trail,Kickapoo Island Trail,38.2438,-93.3897,point_trailhead,38.2438,-93.3897,,,,1.9,5.0,mtbproject_avg,,1,greenBlue,,"Warsaw, Missouri",Missouri,United States,,,,mtbproject_trailhead,difficulty=greenBlue
mtb-6483560,mtbproject,https://www.mtbproject.com/trail/6483560/green-loop,Green Loop,38.603,-92.3046,point_trailhead,38.603,-92.3046,,,,3.3,4.0,mtbproject_avg,,1,greenBlue,,"Saint Martins, Missouri",Missouri,United States,,,,mtbproject_trailhead,difficulty=greenBlue
mtb-6483685,mtbproject,https://www.mtbproject.com/trail/6483685/blue-loop,Blue Loop,38.599,-92.3112,point_trailhead,38.599,-92.3112,,,,3.9,4.0,mtbproject_avg,,1,greenBlue,,"Saint Martins, Missouri",Missouri,United States,,,,mtbproject_trailhead,difficulty=greenBlue
mtb-7021266,mtbproject,https://www.mtbproject.com/trail/7021266/broemmelsiek-park,Broemmelsiek Park,38.7163,-90.8036,point_trailhead,38.7163,-90.8036,,,,5.0,4.0,mtbproject_avg,,7,greenBlue,,"Weldon Spring, Missouri",Missouri,United States,,,,mtbproject_trailhead,difficulty=greenBlue
mtb-7021640,mtbproject,https://www.mtbproject.com/trail/7021640/jacks-loop,Jack's Loop,38.7163,-90.8036,point_trailhead,38.7163,-90.8036,,,,4.0,4.0,mtbproject_avg,,1,greenBlue,,"Weldon Spring, Missouri",Missouri,United States,,,,mtbproject_trailhead,difficulty=greenBlue
mtb-7021578,mtbproject,https://www.mtbproject.com/trail/7021578/cattle-ridge-trail,Cattle Ridge Trail,38.7191,-90.8101,point_trailhead,38.7191,-90.8101,,,,1.2,4.0,mtbproject_avg,,1,greenBlue,,"Lake Saint Louis, Missouri",Missouri,United States,,,,mtbproject_trailhead,difficulty=greenBlue
mtb-3681264,mtbproject,https://www.mtbproject.com/trail/3681264/mountain-ridge,Mountain Ridge,38.5528,-90.5434,point_trailhead,38.5528,-90.5434,,,,1.2,5.0,mtbproject_avg,,4,green,,"Valley Park, Missouri",Missouri,United States,,,,mtbproject_trailhead,difficulty=green
mtb-3681150,mtbproject,https://www.mtbproject.com/trail/3681150/roller-coaster-trail,Roller Coaster Trail,38.5579,-90.5399,point_trailhead,38.5579,-90.5399,,,,1.2,4.8,mtbproject_avg,,8,greenBlue,,"Winchester, Missouri",Missouri,United States,,,,mtbproject_trailhead,difficulty=greenBlue
mtb-3767378,mtbproject,https://www.mtbproject.com/trail/3767378/stinging-nettle-trail,Stinging Nettle Trail,38.5467,-90.558,point_trailhead,38.5467,-90.558,,,,1.9,4.5,mtbproject_avg,,4,green,,"Valley Park, Missouri",Missouri,United States,,,,mtbproject_trailhead,difficulty=green
mtb-3734637,mtbproject,https://www.mtbproject.com/trail/3734637/river-scene-trail,River Scene Trail,38.5506,-90.5391,point_trailhead,38.5506,-90.5391,,,,2.5,4.4,mtbproject_avg,,5,green,,"Valley Park, Missouri",Missouri,United States,,,,mtbproject_trailhead,difficulty=green
mtb-3768299,mtbproject,https://www.mtbproject.com/trail/3768299/al-foster-trail,Al Foster Trail,38.5352,-90.6271,point_trailhead,38.5352,-90.6271,,,,3.8,4.0,mtbproject_avg,,3,green,,"Eureka, Missouri",Missouri,United States,,,,mtbproject_trailhead,difficulty=green
mtb-3766902,mtbproject,https://www.mtbproject.com/trail/3766902/greenrock-trail,Greenrock Trail,38.5292,-90.6726,point_trailhead,38.5292,-90.6726,,,,2.0,4.0,mtbproject_avg,,3,green,,"Wildwood, Missouri",Missouri,United States,,,,mtbproject_trailhead,difficulty=green
mtb-7028262,mtbproject,https://www.mtbproject.com/trail/7028262/buffalo-trace-trail,Buffalo Trace Trail,38.5573,-86.6254,point_trailhead,38.5573,-86.6254,,,,4.9,5.0,mtbproject_avg,,1,greenBlue,,"French Lick, Indiana",Indiana,United States,,,,mtbproject_trailhead,difficulty=greenBlue
mtb-7015354,mtbproject,https://www.mtbproject.com/trail/7015354/star-gap-road-gravel-portion,Star Gap Road (gravel portion),37.8409,-83.7221,point_trailhead,37.8409,-83.7221,,,,2.7,4.0,mtbproject_avg,,1,greenBlue,,"Stanton, Kentucky",Kentucky,United States,,,,mtbproject_trailhead,difficulty=greenBlue
mtb-7025853,mtbproject,https://www.mtbproject.com/trail/7025853/old-railroad-grade-road,Old Railroad Grade Road,37.5817,-83.6492,point_trailhead,37.5817,-83.6492,,,,1.7,4.0,mtbproject_avg,,1,green,,"Beattyville, Kentucky",Kentucky,United States,,,,mtbproject_trailhead,difficulty=green
mtb-7015348,mtbproject,https://www.mtbproject.com/trail/7015348/red-river-trail-rosslyn-to-bowen-segment,Red River Trail - Rosslyn to Bowen Segment,37.8463,-83.7689,point_trailhead,37.8463,-83.7689,,,,1.3,4.0,mtbproject_avg,,1,green,,"Stanton, Kentucky",Kentucky,United States,,,,mtbproject_trailhead,difficulty=green
mtb-7026088,mtbproject,https://www.mtbproject.com/trail/7026088/fr-2051,FR 2051,37.6699,-83.7427,point_trailhead,37.6699,-83.7427,,,,1.3,4.0,mtbproject_avg,,1,greenBlue,,"Beattyville, Kentucky",Kentucky,United States,,,,mtbproject_trailhead,difficulty=greenBlue
mtb-7034193,mtbproject,https://www.mtbproject.com/trail/7034193/fsr-2014,FSR #2014,37.8527,-83.6419,point_trailhead,37.8527,-83.6419,,,,1.2,4.0,mtbproject_avg,,1,green,,"Frenchburg, Kentucky",Kentucky,United States,,,,mtbproject_trailhead,difficulty=green
mtb-7005121,mtbproject,https://www.mtbproject.com/trail/7005121/claylick-loop,Claylick Loop,38.4993,-82.9136,point_trailhead,38.4993,-82.9136,,,,6.3,4.0,mtbproject_avg,,2,greenBlue,,"Greenup, Kentucky",Kentucky,United States,,,,mtbproject_trailhead,difficulty=greenBlue
mtb-7005120,mtbproject,https://www.mtbproject.com/trail/7005120/michael-tygart-trail,Michael Tygart Trail,38.4851,-82.8842,point_trailhead,38.4851,-82.8842,,,,7.0,4.0,mtbproject_avg,,1,greenBlue,,"Greenup, Kentucky",Kentucky,United States,,,,mtbproject_trailhead,difficulty=greenBlue
mtb-7003806,mtbproject,https://www.mtbproject.com/trail/7003806/river-trail,River Trail,38.388,-82.297,point_trailhead,38.388,-82.297,,,,3.7,4.2,mtbproject_avg,,6,greenBlue,,"Barboursville, West Virginia",West Virginia,United States,,,,mtbproject_trailhead,difficulty=greenBlue
mtb-7017821,mtbproject,https://www.mtbproject.com/trail/7017821/black-bear-mt-bike-trail,Black Bear Mt. Bike Trail,38.2366,-81.6443,point_trailhead,38.2366,-81.6443,,,,0.9,5.0,mtbproject_avg,,4,dblack,,"Marmet, West Virginia",West Virginia,United States,,,,mtbproject_trailhead,difficulty=dblack
mtb-7029615,mtbproject,https://www.mtbproject.com/trail/7029615/snowshoe-walkingbiking-path,Snowshoe Walking/Biking Path,38.4004,-79.9941,point_trailhead,38.4004,-79.9941,,,,1.7,5.0,mtbproject_avg,,1,green,,"Marlinton, West Virginia",West Virginia,United States,,,,mtbproject_trailhead,difficulty=green
mtb-7029528,mtbproject,https://www.mtbproject.com/trail/7029528/lower-hare-ball,Lower Hare Ball,38.4189,-80.0057,point_trailhead,38.4189,-80.0057,,,,0.6,5.0,mtbproject_avg,,1,dblack,,"Marlinton, West Virginia",West Virginia,United States,,,,mtbproject_trailhead,difficulty=dblack
mtb-7029837,mtbproject,https://www.mtbproject.com/trail/7029837/airport-runway,Airport Runway,38.4438,-80.0164,point_trailhead,38.4438,-80.0164,,,,1.7,5.0,mtbproject_avg,,1,green,,"Marlinton, West Virginia",West Virginia,United States,,,,mtbproject_trailhead,difficulty=green
mtb-7029850,mtbproject,https://www.mtbproject.com/trail/7029850/airport-road,Airport Road,38.4351,-80.0007,point_trailhead,38.4351,-80.0007,,,,0.9,5.0,mtbproject_avg,,1,green,,"Marlinton, West Virginia",West Virginia,United States,,,,mtbproject_trailhead,difficulty=green
mtb-7016152,mtbproject,https://www.mtbproject.com/trail/7016152/enchanted-forest,Enchanted Forest,38.4527,-80.0036,point_trailhead,38.4527,-80.0036,,,,1.1,4.5,mtbproject_avg,,2,greenBlue,,"Marlinton, West Virginia",West Virginia,United States,,,,mtbproject_trailhead,difficulty=greenBlue
mtb-7012426,mtbproject,https://www.mtbproject.com/trail/7012426/kaylors-knob-perimeter,Kaylor's Knob Perimeter,38.4291,-78.7689,point_trailhead,38.4291,-78.7689,,,,9.2,4.7,mtbproject_avg,,3,dblack,,"Massanutten, Virginia",Virginia,United States,,,,mtbproject_trailhead,difficulty=dblack
mtb-7012429,mtbproject,https://www.mtbproject.com/trail/7012429/green-loop,Green Loop,38.4293,-78.7698,point_trailhead,38.4293,-78.7698,,,,2.2,4.0,mtbproject_avg,,1,green,,"Massanutten, Virginia",Virginia,United States,,,,mtbproject_trailhead,difficulty=green
mtb-7000965,mtbproject,https://www.mtbproject.com/trail/7000965/high-knob-trail-1024,High Knob Trail (1024),38.5698,-79.1722,point_trailhead,38.5698,-79.1722,,,,2.3,5.0,mtbproject_avg,,3,dblack,,"Franklin, West Virginia",West Virginia,United States,,,,mtbproject_trailhead,difficulty=dblack
mtb-7025318,mtbproject,https://www.mtbproject.com/trail/7025318/fs-trail-1025-deathstar,"FS Trail #1025 (""Deathstar"")",38.5079,-79.214,point_trailhead,38.5079,-79.214,,,,4.3,5.0,mtbproject_avg,,3,dblack,,"Franklin, West Virginia",West Virginia,United States,,,,mtbproject_trailhead,difficulty=dblack
mtb-7025471,mtbproject,https://www.mtbproject.com/trail/7025471/va-54,VA '54,38.4314,-78.7659,point_trailhead,38.4314,-78.7659,,,,0.3,5.0,mtbproject_avg,,1,greenBlue,,"Massanutten, Virginia",Virginia,United States,,,,mtbproject_trailhead,difficulty=greenBlue
mtb-7009657,mtbproject,https://www.mtbproject.com/trail/7009657/short-track,Short Track,38.429,-78.7678,point_trailhead,38.429,-78.7678,,,,0.4,5.0,mtbproject_avg,,1,greenBlue,,"Massanutten, Virginia",Virginia,United States,,,,mtbproject_trailhead,difficulty=greenBlue
mtb-7011168,mtbproject,https://www.mtbproject.com/trail/7011168/the-massanutten-ring,The Massanutten Ring,38.9296,-78.3281,point_trailhead,38.9296,-78.3281,,,,69.5,4.5,mtbproject_avg,,4,dblack,,"Strasburg, Virginia",Virginia,United States,,,,mtbproject_trailhead,difficulty=dblack
mtb-7011900,mtbproject,https://www.mtbproject.com/trail/7011900/massanutten-trail,Massanutten Trail,38.9296,-78.3281,point_trailhead,38.9296,-78.3281,,,,69.5,5.0,mtbproject_avg,,2,dblack,,"Strasburg, Virginia",Virginia,United States,,,,mtbproject_trailhead,difficulty=dblack
mtb-7005333,mtbproject,https://www.mtbproject.com/trail/7005333/upper-granny-grind-currently-trail-disappears-halfway-up-minimal-markings-needs-,"Upper Granny Grind - currently trail disappears halfway up, minimal markings. Needs SVBC work.",38.4407,-78.7396,point_trailhead,38.4407,-78.7396,,,,0.6,5.0,mtbproject_avg,,1,dblack,,"Massanutten, Virginia",Virginia,United States,,,,mtbproject_trailhead,difficulty=dblack
mtb-7005334,mtbproject,https://www.mtbproject.com/trail/7005334/imba,IMBA,38.4358,-78.7475,point_trailhead,38.4358,-78.7475,,,,0.4,5.0,mtbproject_avg,,1,blue,,"Massanutten, Virginia",Virginia,United States,,,,mtbproject_trailhead,mtbproject type=Connector
mtb-7021262,mtbproject,https://www.mtbproject.com/trail/7021262/chesley-creek-loop,Chesley Creek Loop,38.2692,-78.5537,point_trailhead,38.2692,-78.5537,,,,2.2,4.5,mtbproject_avg,,2,green,,"Stanardsville, Virginia",Virginia,United States,,,,mtbproject_trailhead,difficulty=green
mtb-7028027,mtbproject,https://www.mtbproject.com/trail/7028027/bluestone-trail,Bluestone Trail,38.4313,-78.8756,point_trailhead,38.4313,-78.8756,,,,1.7,4.5,mtbproject_avg,,2,green,,"Harrisonburg, Virginia",Virginia,United States,,,,mtbproject_trailhead,difficulty=green
mtb-7035066,mtbproject,https://www.mtbproject.com/trail/7035066/speak-easy,Speak Easy,38.5559,-78.0228,point_trailhead,38.5559,-78.0228,,,,0.6,5.0,mtbproject_avg,,1,greenBlue,,"Culpeper, Virginia",Virginia,United States,,,,mtbproject_trailhead,difficulty=greenBlue
mtb-7035062,mtbproject,https://www.mtbproject.com/trail/7035062/big-field-hill,Big Field Hill,38.5547,-78.019,point_trailhead,38.5547,-78.019,,,,0.4,5.0,mtbproject_avg,,1,greenBlue,,"Culpeper, Virginia",Virginia,United States,,,,mtbproject_trailhead,difficulty=greenBlue
mtb-7035060,mtbproject,https://www.mtbproject.com/trail/7035060/more-fun-downhill,More Fun Downhill,38.5552,-78.0257,point_trailhead,38.5552,-78.0257,,,,0.8,5.0,mtbproject_avg,,1,greenBlue,,"Culpeper, Virginia",Virginia,United States,,,,mtbproject_trailhead,difficulty=greenBlue
mtb-5828240,mtbproject,https://www.mtbproject.com/trail/5828240/loop-1,Loop 1,38.7242,-77.3298,point_trailhead,38.7242,-77.3298,,,,1.9,4.3,mtbproject_avg,,7,greenBlue,,"Lake Ridge, Virginia",Virginia,United States,,,,mtbproject_trailhead,difficulty=greenBlue
mtb-7004775,mtbproject,https://www.mtbproject.com/trail/7004775/gerry-connolly-cross-county-trail-cct,Gerry Connolly Cross County Trail (CCT),38.6808,-77.2528,point_trailhead,38.6808,-77.2528,,,,40.6,4.0,mtbproject_avg,,8,greenBlue,,"Occoquan, Virginia",Virginia,United States,,,,mtbproject_trailhead,difficulty=greenBlue
mtb-7001984,mtbproject,https://www.mtbproject.com/trail/7001984/south-branch-loop,South Branch Loop,38.683,-77.2096,point_trailhead,38.683,-77.2096,,,,3.5,4.2,mtbproject_avg,,6,greenBlue,,"Lorton, Virginia",Virginia,United States,,,,mtbproject_trailhead,difficulty=greenBlue
mtb-7020455,mtbproject,https://www.mtbproject.com/trail/7020455/clinton-lucas-jr-trail,Clinton Lucas Jr. Trail,38.4821,-78.6149,point_trailhead,38.4821,-78.6149,,,,1.0,4.0,mtbproject_avg,,2,greenBlue,,"Shenandoah, Virginia",Virginia,United States,,,,mtbproject_trailhead,difficulty=greenBlue
mtb-7027174,mtbproject,https://www.mtbproject.com/trail/7027174/bald-mountain-road-fsr-427,Bald Mountain Road (FSR #427),38.453,-79.2523,point_trailhead,38.453,-79.2523,,,,4.5,4.0,mtbproject_avg,,2,greenBlue,,"Franklin, West Virginia",West Virginia,United States,,,,mtbproject_trailhead,difficulty=greenBlue
mtb-7032078,mtbproject,https://www.mtbproject.com/trail/7032078/snuffleupagus,Snuffleupagus,38.3191,-77.5544,point_trailhead,38.3191,-77.5544,,,,1.8,4.0,mtbproject_avg,,2,green,,"Falmouth, Virginia",Virginia,United States,,,,mtbproject_trailhead,difficulty=green
mtb-7003903,mtbproject,https://www.mtbproject.com/trail/7003903/easy-street,Easy Street,38.4139,-79.9961,point_trailhead,38.4139,-79.9961,,,,2.3,4.0,mtbproject_avg,,2,green,,"Marlinton, West Virginia",West Virginia,United States,,,,mtbproject_trailhead,difficulty=green
mtb-7027766,mtbproject,https://www.mtbproject.com/trail/7027766/pistachio,Pistachio,38.3985,-78.76,point_trailhead,38.3985,-78.76,,,,0.4,4.0,mtbproject_avg,,2,green,,"Massanutten, Virginia",Virginia,United States,,,,mtbproject_trailhead,difficulty=green
mtb-7021284,mtbproject,https://www.mtbproject.com/trail/7021284/twin-lakes,Twin Lakes,38.2682,-78.5616,point_trailhead,38.2682,-78.5616,,,,1.6,4.0,mtbproject_avg,,1,greenBlue,,"Stanardsville, Virginia",Virginia,United States,,,,mtbproject_trailhead,difficulty=greenBlue
mtb-7031249,mtbproject,https://www.mtbproject.com/trail/7031249/cheat-mountain-ridge-trail,Cheat Mountain Ridge Trail,38.3981,-79.9936,point_trailhead,38.3981,-79.9936,,,,3.8,4.0,mtbproject_avg,,1,green,,"Marlinton, West Virginia",West Virginia,United States,,,,mtbproject_trailhead,difficulty=green
mtb-7001987,mtbproject,https://www.mtbproject.com/trail/7001987/stinger-trail,Stinger Trail,38.6734,-77.2144,point_trailhead,38.6734,-77.2144,,,,0.3,3.8,mtbproject_avg,,5,greenBlue,,"Lorton, Virginia",Virginia,United States,,,,mtbproject_trailhead,difficulty=greenBlue
mtb-7027841,mtbproject,https://www.mtbproject.com/trail/7027841/nutten-better,Nutten Better,38.3982,-78.761,point_trailhead,38.3982,-78.761,,,,0.6,4.0,mtbproject_avg,,1,greenBlue,,"Massanutten, Virginia",Virginia,United States,,,,mtbproject_trailhead,difficulty=greenBlue
mtb-7005329,mtbproject,https://www.mtbproject.com/trail/7005329/upper-lairds-downhill,Upper Laird's Downhill,38.4432,-78.7228,point_trailhead,38.4432,-78.7228,,,,1.2,4.0,mtbproject_avg,,1,dblack,,"Massanutten, Virginia",Virginia,United States,,,,mtbproject_trailhead,difficulty=dblack
mtb-7011662,mtbproject,https://www.mtbproject.com/trail/7011662/gravel-doubletrack,Gravel DoubleTrack,38.4347,-78.7529,point_trailhead,38.4347,-78.7529,,,,1.3,4.0,mtbproject_avg,,1,green,,"Massanutten, Virginia",Virginia,United States,,,,mtbproject_trailhead,difficulty=green
mtb-7029619,mtbproject,https://www.mtbproject.com/trail/7029619/shavers-lake-trail,Shavers Lake Trail,38.411,-79.9839,point_trailhead,38.411,-79.9839,,,,1.2,4.0,mtbproject_avg,,1,green,,"Marlinton, West Virginia",West Virginia,United States,,,,mtbproject_trailhead,difficulty=green
mtb-7029639,mtbproject,https://www.mtbproject.com/trail/7029639/shavers-lake-road,Shavers Lake Road,38.4361,-79.9968,point_trailhead,38.4361,-79.9968,,,,3.2,4.0,mtbproject_avg,,1,green,,"Marlinton, West Virginia",West Virginia,United States,,,,mtbproject_trailhead,difficulty=green
mtb-7020860,mtbproject,https://www.mtbproject.com/trail/7020860/7th-street-trail,7th Street Trail,38.4836,-78.614,point_trailhead,38.4836,-78.614,,,,0.3,4.0,mtbproject_avg,,1,greenBlue,,"Shenandoah, Virginia",Virginia,United States,,,,mtbproject_trailhead,difficulty=greenBlue
mtb-7016148,mtbproject,https://www.mtbproject.com/trail/7016148/cheat-mtn-ridge-alternate,Cheat Mtn Ridge Alternate,38.398,-79.9696,point_trailhead,38.398,-79.9696,,,,1.1,4.0,mtbproject_avg,,1,greenBlue,,"Marlinton, West Virginia",West Virginia,United States,,,,mtbproject_trailhead,difficulty=greenBlue
mtb-7029720,mtbproject,https://www.mtbproject.com/trail/7029720/upper-spruce-road,Upper Spruce Road,38.4357,-79.9967,point_trailhead,38.4357,-79.9967,,,,3.9,4.0,mtbproject_avg,,1,green,,"Marlinton, West Virginia",West Virginia,United States,,,,mtbproject_trailhead,difficulty=green
mtb-7029722,mtbproject,https://www.mtbproject.com/trail/7029722/mcdonald-way,McDonald Way,38.4394,-79.9596,point_trailhead,38.4394,-79.9596,,,,1.2,4.0,mtbproject_avg,,1,green,,"Marlinton, West Virginia",West Virginia,United States,,,,mtbproject_trailhead,difficulty=green
mtb-7029728,mtbproject,https://www.mtbproject.com/trail/7029728/lower-spruce-road,Lower Spruce Road,38.4442,-79.9826,point_trailhead,38.4442,-79.9826,,,,1.5,4.0,mtbproject_avg,,1,green,,"Marlinton, West Virginia",West Virginia,United States,,,,mtbproject_trailhead,difficulty=green
mtb-7000483,mtbproject,https://www.mtbproject.com/trail/7000483/bainbridge-park-trails,Bainbridge Park Trails,38.3909,-75.1709,point_trailhead,38.3909,-75.1709,,,,0.6,4.0,mtbproject_avg,,1,green,,"Ocean Pines, Maryland",Maryland,United States,,,,mtbproject_trailhead,difficulty=green
mtb-3932275,mtbproject,https://www.mtbproject.com/trail/3932275/yokum-ridge-spur,Yokum Ridge Spur,38.7033,-79.8479,point_trailhead,38.7033,-79.8479,,,,1.0,4.0,mtbproject_avg,,1,blue,,"Elkins, West Virginia",West Virginia,United States,,,,mtbproject_trailhead,mtbproject type=Connector
mtb-3933030,mtbproject,https://www.mtbproject.com/trail/3933030/turkey-hunter,Turkey Hunter,38.6909,-79.8434,point_trailhead,38.6909,-79.8434,,,,0.8,4.0,mtbproject_avg,,1,black,,"Elkins, West Virginia",West Virginia,United States,,,,mtbproject_trailhead,mtbproject type=Connector
mtb-5814865,mtbproject,https://www.mtbproject.com/trail/5814865/hobergs-loop-trail,Hoberg's Loop Trail,38.8415,-122.7202,point_trailhead,38.8415,-122.7202,,,,1.7,5.0,mtbproject_avg,,1,greenBlue,,"Cobb, California",California,United States,,,,mtbproject_trailhead,difficulty=greenBlue
mtb-5814538,mtbproject,https://www.mtbproject.com/trail/5814538/macs-trail,Mac's Trail,38.834,-122.7181,point_trailhead,38.834,-122.7181,,,,0.8,4.0,mtbproject_avg,,1,greenBlue,,"Cobb, California",California,United States,,,,mtbproject_trailhead,difficulty=greenBlue
mtb-2503849,mtbproject,https://www.mtbproject.com/trail/2503849/granite-bay-trail,Granite Bay Trail,38.7481,-121.1481,point_trailhead,38.7481,-121.1481,,,,7.3,4.0,mtbproject_avg,,42,greenBlue,,"Granite Bay, California",California,United States,,,,mtbproject_trailhead,difficulty=greenBlue
mtb-3282892,mtbproject,https://www.mtbproject.com/trail/3282892/hidden-falls-park-9-mile-trail,Hidden Falls Park - 9 Mile Trail,38.9586,-121.1639,point_trailhead,38.9586,-121.1639,,,,9.0,4.3,mtbproject_avg,,24,greenBlue,,"North Auburn, California",California,United States,,,,mtbproject_trailhead,difficulty=greenBlue
mtb-7022411,mtbproject,https://www.mtbproject.com/trail/7022411/salmon-falls-trail-to-flagstaff-hill,Salmon Falls Trail to Flagstaff Hill,38.7727,-121.038,point_trailhead,38.7727,-121.038,,,,14.1,3.8,mtbproject_avg,,10,dblack,,"Granite Bay, California",California,United States,,,,mtbproject_trailhead,difficulty=dblack
mtb-3464616,mtbproject,https://www.mtbproject.com/trail/3464616/grey-squirrel-trail,Grey Squirrel Trail,38.9737,-121.2074,point_trailhead,38.9737,-121.2074,,,,2.2,4.3,mtbproject_avg,,3,greenBlue,,"Sheridan, California",California,United States,,,,mtbproject_trailhead,difficulty=greenBlue
mtb-7022765,mtbproject,https://www.mtbproject.com/trail/7022765/mickey-mouse-connector-trail,Mickey Mouse Connector Trail,38.7661,-121.0867,point_trailhead,38.7661,-121.0867,,,,2.1,4.0,mtbproject_avg,,3,dblack,,"Granite Bay, California",California,United States,,,,mtbproject_trailhead,difficulty=dblack
mtb-4472549,mtbproject,https://www.mtbproject.com/trail/4472549/river-otter-loop,River Otter Loop,38.97,-121.1819,point_trailhead,38.97,-121.1819,,,,1.4,4.0,mtbproject_avg,,2,greenBlue,,"North Auburn, California",California,United States,,,,mtbproject_trailhead,difficulty=greenBlue
mtb-7003586,mtbproject,https://www.mtbproject.com/trail/7003586/clear-creek-trail,Clear Creek Trail,39.0923,-119.7996,point_trailhead,39.0923,-119.7996,,,,21.2,4.2,mtbproject_avg,,15,greenBlue,,"Indian Hills, Nevada",Nevada,United States,,,,mtbproject_trailhead,difficulty=greenBlue
mtb-3390534,mtbproject,https://www.mtbproject.com/trail/3390534/antone-meadows-loop,Antone Meadows loop,39.1971,-120.1064,point_trailhead,39.1971,-120.1064,,,,8.6,4.3,mtbproject_avg,,7,greenBlue,,"Dollar Point, California",California,United States,,,,mtbproject_trailhead,difficulty=greenBlue
mtb-7005241,mtbproject,https://www.mtbproject.com/trail/7005241/railroad-grade-loop,Railroad Grade Loop,38.8926,-119.9731,point_trailhead,38.8926,-119.9731,,,,4.9,4.0,mtbproject_avg,,5,green,,"South Lake Tahoe, California",California,United States,,,,mtbproject_trailhead,difficulty=green
mtb-2425654,mtbproject,https://www.mtbproject.com/trail/2425654/mr-toads-wild-ride-saxon-trail-18e13,Mr. Toad's Wild Ride (Saxon Trail #18E13),38.8149,-119.9634,point_trailhead,38.8149,-119.9634,,,,5.2,4.8,mtbproject_avg,,32,dblack,,"South Lake Tahoe, California",California,United States,,,,mtbproject_trailhead,difficulty=dblack
mtb-1300244,mtbproject,https://www.mtbproject.com/trail/1300244/flume-trail,Flume Trail,39.1612,-119.8982,point_trailhead,39.1612,-119.8982,,,,5.4,4.3,mtbproject_avg,,14,greenBlue,,"Carson City, Nevada",Nevada,United States,,,,mtbproject_trailhead,difficulty=greenBlue
mtb-7014688,mtbproject,https://www.mtbproject.com/trail/7014688/tahoe-rim-trail-tahoe-city-to-pctgranite-chief-wildernesstwin-peaks,Tahoe Rim Trail - Tahoe City to PCT/Granite Chief Wilderness/Twin Peaks,39.1661,-120.1454,point_trailhead,39.1661,-120.1454,,,,11.3,5.0,mtbproject_avg,,1,dblack,,"Sunnyside-Tahoe City, California",California,United States,,,,mtbproject_trailhead,difficulty=dblack
mtb-7008324,mtbproject,https://www.mtbproject.com/trail/7008324/twisted-cedar-trail-18e14b,Twisted Cedar Trail #18E14B,38.8714,-119.9629,point_trailhead,38.8714,-119.9629,,,,1.8,4.8,mtbproject_avg,,4,greenBlue,,"South Lake Tahoe, California",California,United States,,,,mtbproject_trailhead,difficulty=greenBlue
mtb-7016938,mtbproject,https://www.mtbproject.com/trail/7016938/powerline-trail-18e33,Powerline Trail #18E33,38.9329,-119.9499,point_trailhead,38.9329,-119.9499,,,,3.5,4.0,mtbproject_avg,,11,greenBlue,,"South Lake Tahoe, California",California,United States,,,,mtbproject_trailhead,difficulty=greenBlue
mtb-7006208,mtbproject,https://www.mtbproject.com/trail/7006208/railroad-grade-trail-18e15,Railroad Grade Trail #18E15,38.8808,-119.9786,point_trailhead,38.8808,-119.9786,,,,1.6,4.0,mtbproject_avg,,3,green,,"South Lake Tahoe, California",California,United States,,,,mtbproject_trailhead,difficulty=green
mtb-7031134,mtbproject,https://www.mtbproject.com/trail/7031134/mule-deer-connector,Mule Deer Connector,38.8884,-120.0414,point_trailhead,38.8884,-120.0414,,,,1.4,4.0,mtbproject_avg,,2,greenBlue,,"South Lake Tahoe, California",California,United States,,,,mtbproject_trailhead,difficulty=greenBlue
mtb-7015548,mtbproject,https://www.mtbproject.com/trail/7015548/vicee-canyon-trail,Vicee Canyon Trail,39.1879,-119.8169,point_trailhead,39.1879,-119.8169,,,,1.4,4.0,mtbproject_avg,,1,greenBlue,,"Carson City, Nevada",Nevada,United States,,,,mtbproject_trailhead,difficulty=greenBlue
mtb-7018039,mtbproject,https://www.mtbproject.com/trail/7018039/moraine-trail,Moraine Trail,38.9205,-120.0612,point_trailhead,38.9205,-120.0612,,,,0.5,4.0,mtbproject_avg,,1,greenBlue,,"South Lake Tahoe, California",California,United States,,,,mtbproject_trailhead,difficulty=greenBlue
mtb-7034852,mtbproject,https://www.mtbproject.com/trail/7034852/lower-saxon-connector,Lower Saxon Connector,38.8495,-119.9954,point_trailhead,38.8495,-119.9954,,,,1.5,4.0,mtbproject_avg,,1,greenBlue,,"South Lake Tahoe, California",California,United States,,,,mtbproject_trailhead,difficulty=greenBlue
mtb-7033005,mtbproject,https://www.mtbproject.com/trail/7033005/angora-lakes-trail,Angora Lakes Trail,38.8709,-120.0628,point_trailhead,38.8709,-120.0628,,,,0.6,4.0,mtbproject_avg,,1,greenBlue,,"South Lake Tahoe, California",California,United States,,,,mtbproject_trailhead,difficulty=greenBlue
mtb-7003555,mtbproject,https://www.mtbproject.com/trail/7003555/pinyon-trail,Pinyon Trail,38.8976,-119.6042,point_trailhead,38.8976,-119.6042,,,,5.4,4.2,mtbproject_avg,,6,greenBlue,,"Gardnerville Ranchos, Nevada",Nevada,United States,,,,mtbproject_trailhead,difficulty=greenBlue
mtb-7023917,mtbproject,https://www.mtbproject.com/trail/7023917/steptoe-creek-trail,Steptoe Creek Trail,39.1831,-114.7215,point_trailhead,39.1831,-114.7215,,,,1.7,4.0,mtbproject_avg,,1,green,,"Ely, Nevada",Nevada,United States,,,,mtbproject_trailhead,difficulty=green
mtb-614831,mtbproject,https://www.mtbproject.com/trail/614831/klondike-bluff-beginner-loop,Klondike Bluff Beginner Loop,38.8183,-109.7606,point_trailhead,38.8183,-109.7606,,,,3.9,3.8,mtbproject_avg,,10,green,,"Moab, Utah",Utah,United States,,,,mtbproject_trailhead,difficulty=green
mtb-180677,mtbproject,https://www.mtbproject.com/trail/180677/jasper,Jasper,38.8098,-109.7484,point_trailhead,38.8098,-109.7484,,,,1.7,4.0,mtbproject_avg,,6,green,,"Moab, Utah",Utah,United States,,,,mtbproject_trailhead,difficulty=green
mtb-252364,mtbproject,https://www.mtbproject.com/trail/252364/rustlers-loop,Rustler's Loop,39.1746,-108.8293,point_trailhead,39.1746,-108.8293,,,,3.7,4.2,mtbproject_avg,,73,greenBlue,,"Loma, Colorado",Colorado,United States,,,,mtbproject_trailhead,difficulty=greenBlue
mtb-251230,mtbproject,https://www.mtbproject.com/trail/251230/mack-ridge-connector,Mack Ridge Connector,39.1954,-108.8897,point_trailhead,39.1954,-108.8897,,,,0.5,4.5,mtbproject_avg,,2,blue,,"Loma, Colorado",Colorado,United States,,,,mtbproject_trailhead,mtbproject type=Connector
mtb-556563,mtbproject,https://www.mtbproject.com/trail/556563/free-lunch,Free Lunch,39.0222,-108.6142,point_trailhead,39.0222,-108.6142,,,,1.1,4.9,mtbproject_avg,,14,dblack,,"Orchard Mesa, Colorado",Colorado,United States,,,,mtbproject_trailhead,difficulty=dblack
mtb-6393208,mtbproject,https://www.mtbproject.com/trail/6393208/lemon-squeezer,Lemon Squeezer,39.0338,-108.6101,point_trailhead,39.0338,-108.6101,,,,0.2,3.9,mtbproject_avg,,8,dblack,,"Orchard Mesa, Colorado",Colorado,United States,,,,mtbproject_trailhead,difficulty=dblack
mtb-6328486,mtbproject,https://www.mtbproject.com/trail/6328486/eagles-wing,Eagle's Wing,39.0266,-108.6085,point_trailhead,39.0266,-108.6085,,,,2.5,3.9,mtbproject_avg,,7,dblack,,"Orchard Mesa, Colorado",Colorado,United States,,,,mtbproject_trailhead,difficulty=dblack
mtb-7030565,mtbproject,https://www.mtbproject.com/trail/7030565/lands-end-road-100,Lands End Road (100),38.9908,-108.2707,point_trailhead,38.9908,-108.2707,,,,24.0,4.0,mtbproject_avg,,1,greenBlue,,"Palisade, Colorado",Colorado,United States,,,,mtbproject_trailhead,difficulty=greenBlue
mtb-7030096,mtbproject,https://www.mtbproject.com/trail/7030096/pinball-alley,Pinball Alley,39.0544,-108.1462,point_trailhead,39.0544,-108.1462,,,,1.4,5.0,mtbproject_avg,,2,dblack,,"Palisade, Colorado",Colorado,United States,,,,mtbproject_trailhead,difficulty=dblack
mtb-7029563,mtbproject,https://www.mtbproject.com/trail/7029563/mutton-buster,Mutton Buster,39.0554,-108.1385,point_trailhead,39.0554,-108.1385,,,,1.4,5.0,mtbproject_avg,,2,green,,"Palisade, Colorado",Colorado,United States,,,,mtbproject_trailhead,difficulty=green
mtb-7029558,mtbproject,https://www.mtbproject.com/trail/7029558/stagecoach,Stagecoach,39.0555,-108.1387,point_trailhead,39.0555,-108.1387,,,,3.0,5.0,mtbproject_avg,,1,green,,"Palisade, Colorado",Colorado,United States,,,,mtbproject_trailhead,difficulty=green
mtb-7034465,mtbproject,https://www.mtbproject.com/trail/7034465/zip-n-out,Zip-N-Out,38.8693,-107.5709,point_trailhead,38.8693,-107.5709,,,,0.7,4.0,mtbproject_avg,,1,greenBlue,,"Paonia, Colorado",Colorado,United States,,,,mtbproject_trailhead,difficulty=greenBlue
mtb-652902,mtbproject,https://www.mtbproject.com/trail/652902/lupine,Lupine,38.8878,-106.978,point_trailhead,38.8878,-106.978,,,,3.6,4.3,mtbproject_avg,,27,greenBlue,,"Crested Butte, Colorado",Colorado,United States,,,,mtbproject_trailhead,difficulty=greenBlue
mtb-5839665,mtbproject,https://www.mtbproject.com/trail/5839665/verde,Verde,39.1872,-106.9356,point_trailhead,39.1872,-106.9356,,,,3.8,4.8,mtbproject_avg,,6,greenBlue,,"Snowmass Village, Colorado",Colorado,United States,,,,mtbproject_trailhead,difficulty=greenBlue
mtb-6235947,mtbproject,https://www.mtbproject.com/trail/6235947/hot-dogger,Hot Dogger,38.8976,-106.9458,point_trailhead,38.8976,-106.9458,,,,1.3,4.7,mtbproject_avg,,6,greenBlue,,"Crested Butte, Colorado",Colorado,United States,,,,mtbproject_trailhead,difficulty=greenBlue
mtb-924296,mtbproject,https://www.mtbproject.com/trail/924296/upper-lower-loop,Upper Lower Loop,38.8944,-107.0082,point_trailhead,38.8944,-107.0082,,,,1.5,4.1,mtbproject_avg,,14,greenBlue,,"Crested Butte, Colorado",Colorado,United States,,,,mtbproject_trailhead,difficulty=greenBlue
mtb-5807782,mtbproject,https://www.mtbproject.com/trail/5807782/upper-cement-creek-trail,Upper Cement Creek Trail,38.8757,-106.7983,point_trailhead,38.8757,-106.7983,,,,3.2,4.7,mtbproject_avg,,3,green,,"Crested Butte, Colorado",Colorado,United States,,,,mtbproject_trailhead,difficulty=green
mtb-6271596,mtbproject,https://www.mtbproject.com/trail/6271596/captain-jack,Captain Jack,38.8945,-106.9503,point_trailhead,38.8945,-106.9503,,,,0.9,4.7,mtbproject_avg,,3,dblack,,"Crested Butte, Colorado",Colorado,United States,,,,mtbproject_trailhead,difficulty=dblack
mtb-656133,mtbproject,https://www.mtbproject.com/trail/656133/strand-bonus,Strand Bonus,38.8886,-106.891,point_trailhead,38.8886,-106.891,,,,1.4,4.4,mtbproject_avg,,5,greenBlue,,"Crested Butte, Colorado",Colorado,United States,,,,mtbproject_trailhead,difficulty=greenBlue
mtb-7000238,mtbproject,https://www.mtbproject.com/trail/7000238/scottys-trail,Scotty's Trail,39.16,-106.818,point_trailhead,39.16,-106.818,,,,3.9,4.5,mtbproject_avg,,2,dblack,,"Aspen, Colorado",Colorado,United States,,,,mtbproject_trailhead,difficulty=dblack
mtb-6274725,mtbproject,https://www.mtbproject.com/trail/6274725/psycho-rocks,Psycho Rocks,38.8974,-106.948,point_trailhead,38.8974,-106.948,,,,0.6,4.5,mtbproject_avg,,2,dblack,,"Crested Butte, Colorado",Colorado,United States,,,,mtbproject_trailhead,difficulty=dblack
mtb-7009196,mtbproject,https://www.mtbproject.com/trail/7009196/butterline,Butterline,39.2065,-106.862,point_trailhead,39.2065,-106.862,,,,1.2,4.3,mtbproject_avg,,3,green,,"Aspen, Colorado",Colorado,United States,,,,mtbproject_trailhead,difficulty=green
mtb-7009206,mtbproject,https://www.mtbproject.com/trail/7009206/pearl-pass-road,Pearl Pass Road,38.9157,-106.8506,point_trailhead,38.9157,-106.8506,,,,13.5,4.0,mtbproject_avg,,2,dblack,,"Crested Butte, Colorado",Colorado,United States,,,,mtbproject_trailhead,difficulty=dblack
mtb-5806191,mtbproject,https://www.mtbproject.com/trail/5806191/point-lookout,Point Lookout,38.8358,-106.8727,point_trailhead,38.8358,-106.8727,,,,2.1,4.0,mtbproject_avg,,4,greenBlue,,"Crested Butte, Colorado",Colorado,United States,,,,mtbproject_trailhead,difficulty=greenBlue
mtb-5774942,mtbproject,https://www.mtbproject.com/trail/5774942/awakening,Awakening,38.9043,-106.9464,point_trailhead,38.9043,-106.9464,,,,0.6,4.0,mtbproject_avg,,4,greenBlue,,"Crested Butte, Colorado",Colorado,United States,,,,mtbproject_trailhead,difficulty=greenBlue
mtb-3402489,mtbproject,https://www.mtbproject.com/trail/3402489/moore-open-space-trail,Moore Open Space trail,39.1943,-106.8417,point_trailhead,39.1943,-106.8417,,,,0.9,4.0,mtbproject_avg,,4,greenBlue,,"Aspen, Colorado",Colorado,United States,,,,mtbproject_trailhead,difficulty=greenBlue
mtb-6214036,mtbproject,https://www.mtbproject.com/trail/6214036/lower-awakening,Lower Awakening,38.9034,-106.9524,point_trailhead,38.9034,-106.9524,,,,0.4,4.0,mtbproject_avg,,3,green,,"Crested Butte, Colorado",Colorado,United States,,,,mtbproject_trailhead,difficulty=green
mtb-3633466,mtbproject,https://www.mtbproject.com/trail/3633466/lincoln-creek-road-to-ruby-ghost-town,Lincoln Creek Road to Ruby Ghost Town,39.1196,-106.6885,point_trailhead,39.1196,-106.6885,,,,21.7,4.6,mtbproject_avg,,5,greenBlue,,"Aspen, Colorado",Colorado,United States,,,,mtbproject_trailhead,difficulty=greenBlue
mtb-6592733,mtbproject,https://www.mtbproject.com/trail/6592733/north-face-bypass,North Face Bypass,39.1324,-106.3289,point_trailhead,39.1324,-106.3289,,,,2.4,5.0,mtbproject_avg,,1,greenBlue,,"Leadville North, Colorado",Colorado,United States,,,,mtbproject_trailhead,difficulty=greenBlue
mtb-7031678,mtbproject,https://www.mtbproject.com/trail/7031678/ct-upper-twin-lakes-section,CT: Upper Twin Lakes Section,39.0751,-106.3317,point_trailhead,39.0751,-106.3317,,,,3.6,5.0,mtbproject_avg,,1,greenBlue,,"Leadville North, Colorado",Colorado,United States,,,,mtbproject_trailhead,difficulty=greenBlue
mtb-7031941,mtbproject,https://www.mtbproject.com/trail/7031941/bacon-bits-1450a,Bacon Bits (1450A),38.8343,-106.062,point_trailhead,38.8343,-106.062,,,,1.8,5.0,mtbproject_avg,,2,greenBlue,,"Buena Vista, Colorado",Colorado,United States,,,,mtbproject_trailhead,difficulty=greenBlue
mtb-3609447,mtbproject,https://www.mtbproject.com/trail/3609447/monument-preserve-loop,Monument Preserve Loop,39.0825,-104.8879,point_trailhead,39.0825,-104.8879,,,,4.9,4.3,mtbproject_avg,,18,greenBlue,,"Monument, Colorado",Colorado,United States,,,,mtbproject_trailhead,difficulty=greenBlue
mtb-3500192,mtbproject,https://www.mtbproject.com/trail/3500192/renegade,Renegade,39.09,-104.8978,point_trailhead,39.09,-104.8978,,,,1.3,4.5,mtbproject_avg,,4,greenBlue,,"Monument, Colorado",Colorado,United States,,,,mtbproject_trailhead,difficulty=greenBlue
mtb-966866,mtbproject,https://www.mtbproject.com/trail/966866/barr-trail,Barr Trail,38.8404,-105.0426,point_trailhead,38.8404,-105.0426,,,,12.1,4.1,mtbproject_avg,,7,dblack,,"Manitou Springs, Colorado",Colorado,United States,,,,mtbproject_trailhead,difficulty=dblack
mtb-7001797,mtbproject,https://www.mtbproject.com/trail/7001797/zook-loop,Zook Loop,38.731,-104.8226,point_trailhead,38.731,-104.8226,,,,1.0,4.2,mtbproject_avg,,6,greenBlue,,"Fort Carson, Colorado",Colorado,United States,,,,mtbproject_trailhead,difficulty=greenBlue
mtb-4718349,mtbproject,https://www.mtbproject.com/trail/4718349/hogback-ridge-trail,Hogback Ridge Trail,38.8481,-104.8747,point_trailhead,38.8481,-104.8747,,,,1.2,4.0,mtbproject_avg,,4,greenBlue,,"Manitou Springs, Colorado",Colorado,United States,,,,mtbproject_trailhead,difficulty=greenBlue
mtb-3587021,mtbproject,https://www.mtbproject.com/trail/3587021/east-of-aspen-trail,East of Aspen Trail,39.1866,-106.8121,point_trailhead,39.1866,-106.8121,,,,3.5,4.0,mtbproject_avg,,2,green,,"Aspen, Colorado",Colorado,United States,,,,mtbproject_trailhead,difficulty=green
mtb-3820883,mtbproject,https://www.mtbproject.com/trail/3820883/ccc-ruins-trail,CCC Ruins Trail,39.0816,-104.8896,point_trailhead,39.0816,-104.8896,,,,0.9,4.0,mtbproject_avg,,2,greenBlue,,"Monument, Colorado",Colorado,United States,,,,mtbproject_trailhead,difficulty=greenBlue
mtb-6216462,mtbproject,https://www.mtbproject.com/trail/6216462/lower-westside,Lower Westside,38.8946,-106.9597,point_trailhead,38.8946,-106.9597,,,,1.3,4.0,mtbproject_avg,,2,greenBlue,,"Crested Butte, Colorado",Colorado,United States,,,,mtbproject_trailhead,difficulty=greenBlue
mtb-7024308,mtbproject,https://www.mtbproject.com/trail/7024308/eleven-mile-canyon-road-county-rd-96,Eleven Mile Canyon Road (County Rd 96),38.9685,-105.3629,point_trailhead,38.9685,-105.3629,,,,9.2,4.0,mtbproject_avg,,1,greenBlue,,"Woodland Park, Colorado",Colorado,United States,,,,mtbproject_trailhead,difficulty=greenBlue
mtb-7026588,mtbproject,https://www.mtbproject.com/trail/7026588/gothic-road,Gothic Road,38.9661,-106.9937,point_trailhead,38.9661,-106.9937,,,,4.3,4.0,mtbproject_avg,,1,greenBlue,,"Crested Butte, Colorado",Colorado,United States,,,,mtbproject_trailhead,difficulty=greenBlue
mtb-7029249,mtbproject,https://www.mtbproject.com/trail/7029249/discovery-trail,Discovery Trail,39.2046,-106.9541,point_trailhead,39.2046,-106.9541,,,,2.0,4.0,mtbproject_avg,,1,green,,"Snowmass Village, Colorado",Colorado,United States,,,,mtbproject_trailhead,difficulty=green
mtb-3498722,mtbproject,https://www.mtbproject.com/trail/3498722/mad-hatter,Mad Hatter,39.0831,-104.8876,point_trailhead,39.0831,-104.8876,,,,0.8,3.8,mtbproject_avg,,5,greenBlue,,"Monument, Colorado",Colorado,United States,,,,mtbproject_trailhead,difficulty=greenBlue
mtb-7018932,mtbproject,https://www.mtbproject.com/trail/7018932/south-catamount-creek-trail,South Catamount Creek Trail,38.9281,-105.0503,point_trailhead,38.9281,-105.0503,,,,1.7,4.0,mtbproject_avg,,1,greenBlue,,"Cascade-Chipita Park, Colorado",Colorado,United States,,,,mtbproject_trailhead,difficulty=greenBlue
mtb-3670982,mtbproject,https://www.mtbproject.com/trail/3670982/greenland-trail,Greenland Trail,39.1808,-104.8536,point_trailhead,39.1808,-104.8536,,,,2.3,4.0,mtbproject_avg,,1,green,,"Woodmoor, Colorado",Colorado,United States,,,,mtbproject_trailhead,difficulty=green
mtb-3502681,mtbproject,https://www.mtbproject.com/trail/3502681/monument-rock-to-mt-herman-rd,Monument Rock to Mt. Herman Rd,39.0878,-104.9054,point_trailhead,39.0878,-104.9054,,,,0.5,4.0,mtbproject_avg,,1,blue,,"Monument, Colorado",Colorado,United States,,,,mtbproject_trailhead,mtbproject type=Connector
mtb-7028928,mtbproject,https://www.mtbproject.com/trail/7028928/red-rocks-park-loop,Red Rocks Park Loop,39.0441,-105.0801,point_trailhead,39.0441,-105.0801,,,,2.7,4.0,mtbproject_avg,,1,green,,"Woodland Park, Colorado",Colorado,United States,,,,mtbproject_trailhead,difficulty=green
mtb-7022812,mtbproject,https://www.mtbproject.com/trail/7022812/west-ridge-trail,West Ridge Trail,38.9199,-104.8584,point_trailhead,38.9199,-104.8584,,,,0.5,4.0,mtbproject_avg,,1,blueBlack,,"Air Force Academy, Colorado",Colorado,United States,,,,mtbproject_trailhead,mtbproject type=Connector
mtb-7029114,mtbproject,https://www.mtbproject.com/trail/7029114/pump-track-at-gossage-youth-sports-complex,Pump Track at Gossage Youth Sports Complex,38.8896,-104.8252,point_trailhead,38.8896,-104.8252,,,,0.1,4.0,mtbproject_avg,,1,greenBlue,,"Colorado Springs, Colorado",Colorado,United States,,,,mtbproject_trailhead,difficulty=greenBlue
mtb-7018933,mtbproject,https://www.mtbproject.com/trail/7018933/vayhinger-trail,Vayhinger Trail,38.9127,-105.1009,point_trailhead,38.9127,-105.1009,,,,1.1,4.0,mtbproject_avg,,1,green,,"Cascade-Chipita Park, Colorado",Colorado,United States,,,,mtbproject_trailhead,difficulty=green
mtb-7033765,mtbproject,https://www.mtbproject.com/trail/7033765/forest-rd-567,Forest Rd 567,38.9882,-104.9005,point_trailhead,38.9882,-104.9005,,,,0.9,4.0,mtbproject_avg,,1,green,,"Air Force Academy, Colorado",Colorado,United States,,,,mtbproject_trailhead,difficulty=green
mtb-7018027,mtbproject,https://www.mtbproject.com/trail/7018027/salinas-singletracks,Salina's Singletracks,38.832,-97.5885,point_trailhead,38.832,-97.5885,,,,9.8,4.0,mtbproject_avg,,1,greenBlue,,"Salina, Kansas",Kansas,United States,,,,mtbproject_trailhead,difficulty=greenBlue
mtb-7017654,mtbproject,https://www.mtbproject.com/trail/7017654/river-woods-nature-trail,River Woods Nature Trail,38.8108,-97.5841,point_trailhead,38.8108,-97.5841,,,,1.4,4.0,mtbproject_avg,,1,greenBlue,,"Salina, Kansas",Kansas,United States,,,,mtbproject_trailhead,difficulty=greenBlue
mtb-7017651,mtbproject,https://www.mtbproject.com/trail/7017651/ymca-main-loop,YMCA Main Loop,38.8316,-97.6012,point_trailhead,38.8316,-97.6012,,,,1.1,4.0,mtbproject_avg,,1,greenBlue,,"Salina, Kansas",Kansas,United States,,,,mtbproject_trailhead,difficulty=greenBlue
mtb-7034151,mtbproject,https://www.mtbproject.com/trail/7034151/east-trail,East Trail,39.0244,-95.6329,point_trailhead,39.0244,-95.6329,,,,3.0,5.0,mtbproject_avg,,1,greenBlue,,"Topeka, Kansas",Kansas,United States,,,,mtbproject_trailhead,difficulty=greenBlue
mtb-7034147,mtbproject,https://www.mtbproject.com/trail/7034147/south-trail,South Trail,39.0211,-95.6362,point_trailhead,39.0211,-95.6362,,,,3.8,5.0,mtbproject_avg,,1,greenBlue,,"Topeka, Kansas",Kansas,United States,,,,mtbproject_trailhead,difficulty=greenBlue
mtb-7034146,mtbproject,https://www.mtbproject.com/trail/7034146/north-trail,North Trail,39.0223,-95.6387,point_trailhead,39.0223,-95.6387,,,,3.0,4.0,mtbproject_avg,,1,greenBlue,,"Topeka, Kansas",Kansas,United States,,,,mtbproject_trailhead,difficulty=greenBlue
mtb-7033773,mtbproject,https://www.mtbproject.com/trail/7033773/sunrise-trail,Sunrise Trail,39.0038,-95.7369,point_trailhead,39.0038,-95.7369,,,,1.1,4.0,mtbproject_avg,,1,greenBlue,,"Topeka, Kansas",Kansas,United States,,,,mtbproject_trailhead,difficulty=greenBlue
mtb-7033772,mtbproject,https://www.mtbproject.com/trail/7033772/south-summit-trail,South Summit Trail,39.0041,-95.7404,point_trailhead,39.0041,-95.7404,,,,0.6,4.0,mtbproject_avg,,1,greenBlue,,"Topeka, Kansas",Kansas,United States,,,,mtbproject_trailhead,difficulty=greenBlue
mtb-7033770,mtbproject,https://www.mtbproject.com/trail/7033770/north-summit-trail,North Summit Trail,39.0039,-95.7369,point_trailhead,39.0039,-95.7369,,,,1.5,4.0,mtbproject_avg,,1,greenBlue,,"Topeka, Kansas",Kansas,United States,,,,mtbproject_trailhead,difficulty=greenBlue
mtb-7018196,mtbproject,https://www.mtbproject.com/trail/7018196/main-loop,Main Loop,38.972,-95.2161,point_trailhead,38.972,-95.2161,,,,8.3,4.4,mtbproject_avg,,14,greenBlue,,"Lawrence, Kansas",Kansas,United States,,,,mtbproject_trailhead,difficulty=greenBlue
mtb-7018661,mtbproject,https://www.mtbproject.com/trail/7018661/white-tail-trail,White Tail Trail,39.1628,-94.7703,point_trailhead,39.1628,-94.7703,,,,3.2,4.2,mtbproject_avg,,10,greenBlue,,"Parkville, Missouri",Missouri,United States,,,,mtbproject_trailhead,difficulty=greenBlue
mtb-7018664,mtbproject,https://www.mtbproject.com/trail/7018664/boyscout-loop-trail,Boyscout Loop Trail,39.167,-94.7698,point_trailhead,39.167,-94.7698,,,,2.5,4.1,mtbproject_avg,,7,greenBlue,,"Parkville, Missouri",Missouri,United States,,,,mtbproject_trailhead,difficulty=greenBlue
mtb-7018663,mtbproject,https://www.mtbproject.com/trail/7018663/masons-first-trail,Masons First Trail,39.167,-94.7698,point_trailhead,39.167,-94.7698,,,,2.2,4.0,mtbproject_avg,,3,greenBlue,,"Edwardsville, Kansas",Kansas,United States,,,,mtbproject_trailhead,difficulty=greenBlue
mtb-7018199,mtbproject,https://www.mtbproject.com/trail/7018199/sugar-loop,Sugar Loop,38.9687,-95.1737,point_trailhead,38.9687,-95.1737,,,,1.4,3.8,mtbproject_avg,,5,greenBlue,,"Lawrence, Kansas",Kansas,United States,,,,mtbproject_trailhead,difficulty=greenBlue
mtb-7031978,mtbproject,https://www.mtbproject.com/trail/7031978/heretic,Heretic,38.9412,-94.5605,point_trailhead,38.9412,-94.5605,,,,0.4,5.0,mtbproject_avg,,2,dblack,,"Grandview, Missouri",Missouri,United States,,,,mtbproject_trailhead,difficulty=dblack
mtb-7034412,mtbproject,https://www.mtbproject.com/trail/7034412/aunty-entity,Aunty Entity,39.0434,-94.648,point_trailhead,39.0434,-94.648,,,,,5.0,mtbproject_avg,,1,dblack,,"Roeland Park, Kansas",Kansas,United States,,,,mtbproject_trailhead,difficulty=dblack
mtb-7011861,mtbproject,https://www.mtbproject.com/trail/7011861/rancho-d-lux,Rancho D-Lux,38.9887,-94.5114,point_trailhead,38.9887,-94.5114,,,,3.3,4.5,mtbproject_avg,,11,greenBlue,,"Kansas City, Missouri",Missouri,United States,,,,mtbproject_trailhead,difficulty=greenBlue
mtb-7011872,mtbproject,https://www.mtbproject.com/trail/7011872/river-trail,River Trail,38.9027,-94.5769,point_trailhead,38.9027,-94.5769,,,,2.4,4.3,mtbproject_avg,,7,green,,"Kansas City, Missouri",Missouri,United States,,,,mtbproject_trailhead,difficulty=green
mtb-7012260,mtbproject,https://www.mtbproject.com/trail/7012260/cliff-top-trail-this-section-goes-along-a-tight-bench-cut-in-the-cliff-and-drops,Cliff Top Trail - This section goes along a tight bench cut in the cliff and drops down to the disc golf course.,39.1149,-94.5565,point_trailhead,39.1149,-94.5565,,,,0.8,4.5,mtbproject_avg,,2,blue,,"North Kansas City, Missouri",Missouri,United States,,,,mtbproject_trailhead,mtbproject type=Connector
mtb-7025926,mtbproject,https://www.mtbproject.com/trail/7025926/yellow-loop,Yellow Loop,39.166,-94.5056,point_trailhead,39.166,-94.5056,,,,3.2,4.0,mtbproject_avg,,6,greenBlue,,"Claycomo, Missouri",Missouri,United States,,,,mtbproject_trailhead,difficulty=greenBlue
mtb-7030178,mtbproject,https://www.mtbproject.com/trail/7030178/north-shore-trail,North Shore Trail,39.0172,-94.3344,point_trailhead,39.0172,-94.3344,,,,4.5,4.0,mtbproject_avg,,2,greenBlue,,"Blue Springs, Missouri",Missouri,United States,,,,mtbproject_trailhead,difficulty=greenBlue
mtb-7012262,mtbproject,https://www.mtbproject.com/trail/7012262/foam-pit-a-couple-technical-short-sections-and-the-foam-pit-jump-when-headed-wes,"Foam Pit -  A couple technical, short sections and the Foam Pit jump when headed west.",39.113,-94.5495,point_trailhead,39.113,-94.5495,,,,0.2,4.0,mtbproject_avg,,2,blueBlack,,"North Kansas City, Missouri",Missouri,United States,,,,mtbproject_trailhead,mtbproject type=Connector
mtb-7012263,mtbproject,https://www.mtbproject.com/trail/7012263/upper-west-side-a-fun-little-section-with-a-stiff-climb-going-east-and-a-nice-do,"Upper West Side - A fun, little section with a stiff climb going east and a nice downhill going west.",39.1114,-94.5514,point_trailhead,39.1114,-94.5514,,,,0.2,4.0,mtbproject_avg,,2,blue,,"North Kansas City, Missouri",Missouri,United States,,,,mtbproject_trailhead,mtbproject type=Connector
mtb-7028420,mtbproject,https://www.mtbproject.com/trail/7028420/fisher-park-th-connector,Fisher Park TH Connector,39.0577,-94.6159,point_trailhead,39.0577,-94.6159,,,,,4.0,mtbproject_avg,,1,green,,"Westwood, Kansas",Kansas,United States,,,,mtbproject_trailhead,difficulty=green
mtb-7004562,mtbproject,https://www.mtbproject.com/trail/7004562/wills-wanderer,Will's Wanderer,39.0673,-94.2295,point_trailhead,39.0673,-94.2295,,,,2.4,4.7,mtbproject_avg,,6,greenBlue,,"Grain Valley, Missouri",Missouri,United States,,,,mtbproject_trailhead,difficulty=greenBlue
mtb-7015963,mtbproject,https://www.mtbproject.com/trail/7015963/ish-downhill-trail,ISH Downhill Trail,39.0763,-94.2398,point_trailhead,39.0763,-94.2398,,,,0.5,4.2,mtbproject_avg,,5,dblack,,"Buckner, Missouri",Missouri,United States,,,,mtbproject_trailhead,difficulty=dblack
mtb-7010543,mtbproject,https://www.mtbproject.com/trail/7010543/daves-maze,Dave's Maze,39.07,-94.2379,point_trailhead,39.07,-94.2379,,,,0.5,4.2,mtbproject_avg,,5,greenBlue,,"Grain Valley, Missouri",Missouri,United States,,,,mtbproject_trailhead,difficulty=greenBlue
mtb-7030505,mtbproject,https://www.mtbproject.com/trail/7030505/tasty-worm,Tasty Worm,39.0732,-94.2214,point_trailhead,39.0732,-94.2214,,,,0.8,4.0,mtbproject_avg,,1,greenBlue,,"Grain Valley, Missouri",Missouri,United States,,,,mtbproject_trailhead,difficulty=greenBlue
mtb-7011878,mtbproject,https://www.mtbproject.com/trail/7011878/white-trail,White Trail,38.7526,-93.6085,point_trailhead,38.7526,-93.6085,,,,0.7,4.0,mtbproject_avg,,1,greenBlue,,"Knob Noster, Missouri",Missouri,United States,,,,mtbproject_trailhead,difficulty=greenBlue
mtb-7019849,mtbproject,https://www.mtbproject.com/trail/7019849/spring-brook-trail,Spring Brook Trail,38.8806,-92.3337,point_trailhead,38.8806,-92.3337,,,,2.5,4.0,mtbproject_avg,,3,greenBlue,,"Columbia, Missouri",Missouri,United States,,,,mtbproject_trailhead,difficulty=greenBlue
mtb-4123326,mtbproject,https://www.mtbproject.com/trail/4123326/brown-county-state-park-easy-loop,Brown County State Park Easy Loop,39.191,-86.2181,point_trailhead,39.191,-86.2181,,,,7.1,4.5,mtbproject_avg,,12,green,,"Nashville, Indiana",Indiana,United States,,,,mtbproject_trailhead,difficulty=green
mtb-1001619,mtbproject,https://www.mtbproject.com/trail/1001619/limekiln-trail,Limekiln Trail,39.1656,-86.217,point_trailhead,39.1656,-86.217,,,,2.2,4.5,mtbproject_avg,,13,green,,"Nashville, Indiana",Indiana,United States,,,,mtbproject_trailhead,difficulty=green
mtb-1000650,mtbproject,https://www.mtbproject.com/trail/1000650/pine-loop,Pine Loop,39.1909,-86.2182,point_trailhead,39.1909,-86.2182,,,,1.1,4.2,mtbproject_avg,,13,green,,"Nashville, Indiana",Indiana,United States,,,,mtbproject_trailhead,difficulty=green
mtb-1000730,mtbproject,https://www.mtbproject.com/trail/1000730/north-tower-loop,North Tower Loop,39.1853,-86.2268,point_trailhead,39.1853,-86.2268,,,,3.9,4.0,mtbproject_avg,,14,greenBlue,,"Nashville, Indiana",Indiana,United States,,,,mtbproject_trailhead,difficulty=greenBlue
mtb-1001493,mtbproject,https://www.mtbproject.com/trail/1001493/schooner-trace-trail,Schooner Trace Trail,39.1656,-86.22,point_trailhead,39.1656,-86.22,,,,4.0,4.0,mtbproject_avg,,8,dblack,,"Nashville, Indiana",Indiana,United States,,,,mtbproject_trailhead,difficulty=dblack
mtb-7028775,mtbproject,https://www.mtbproject.com/trail/7028775/rollercoaster,Rollercoaster,39.161,-86.1592,point_trailhead,39.161,-86.1592,,,,1.0,4.0,mtbproject_avg,,2,blue,,"Nashville, Indiana",Indiana,United States,,,,mtbproject_trailhead,mtbproject type=Connector
mtb-7028776,mtbproject,https://www.mtbproject.com/trail/7028776/homestead,Homestead,39.1725,-86.1547,point_trailhead,39.1725,-86.1547,,,,1.5,4.0,mtbproject_avg,,2,greenBlue,,"Nashville, Indiana",Indiana,United States,,,,mtbproject_trailhead,difficulty=greenBlue
mtb-7030518,mtbproject,https://www.mtbproject.com/trail/7030518/cruiser,Cruiser,39.1658,-86.1658,point_trailhead,39.1658,-86.1658,,,,0.8,4.0,mtbproject_avg,,2,greenBlue,,"Nashville, Indiana",Indiana,United States,,,,mtbproject_trailhead,difficulty=greenBlue
mtb-3504007,mtbproject,https://www.mtbproject.com/trail/3504007/shadow-run-loop,Shadow Run Loop,39.0823,-85.2349,point_trailhead,39.0823,-85.2349,,,,3.8,4.2,mtbproject_avg,,6,greenBlue,,"Versailles, Indiana",Indiana,United States,,,,mtbproject_trailhead,difficulty=greenBlue
mtb-7008902,mtbproject,https://www.mtbproject.com/trail/7008902/green-trail,Green Trail,38.9904,-85.6227,point_trailhead,38.9904,-85.6227,,,,2.6,4.0,mtbproject_avg,,1,greenBlue,,"North Vernon, Indiana",Indiana,United States,,,,mtbproject_trailhead,difficulty=greenBlue
mtb-7017102,mtbproject,https://www.mtbproject.com/trail/7017102/lake-trail,Lake Trail,39.0153,-84.1398,point_trailhead,39.0153,-84.1398,,,,1.4,4.0,mtbproject_avg,,3,greenBlue,,"Amelia, Ohio",Ohio,United States,,,,mtbproject_trailhead,difficulty=greenBlue
mtb-6516762,mtbproject,https://www.mtbproject.com/trail/6516762/hickory-loop,Hickory Loop,39.1693,-80.4031,point_trailhead,39.1693,-80.4031,,,,1.5,5.0,mtbproject_avg,,1,greenBlue,,"Stonewood, West Virginia",West Virginia,United States,,,,mtbproject_trailhead,difficulty=greenBlue
mtb-7006538,mtbproject,https://www.mtbproject.com/trail/7006538/pickle-back,Pickle Back,38.8104,-78.7682,point_trailhead,38.8104,-78.7682,,,,0.7,5.0,mtbproject_avg,,2,dblack,,"Basye, Virginia",Virginia,United States,,,,mtbproject_trailhead,difficulty=dblack
mtb-7006532,mtbproject,https://www.mtbproject.com/trail/7006532/sundowner,Sundowner,38.8102,-78.768,point_trailhead,38.8102,-78.768,,,,1.5,5.0,mtbproject_avg,,1,green,,"Basye, Virginia",Virginia,United States,,,,mtbproject_trailhead,difficulty=green
mtb-7006536,mtbproject,https://www.mtbproject.com/trail/7006536/copperhead,Copperhead,38.8104,-78.7682,point_trailhead,38.8104,-78.7682,,,,0.6,5.0,mtbproject_avg,,1,dblack,,"Basye, Virginia",Virginia,United States,,,,mtbproject_trailhead,difficulty=dblack
mtb-7022326,mtbproject,https://www.mtbproject.com/trail/7022326/opa-overlook-loop,Opa Overlook Loop,38.9711,-78.5636,point_trailhead,38.9711,-78.5636,,,,7.9,5.0,mtbproject_avg,,3,dblack,,"Woodstock, Virginia",Virginia,United States,,,,mtbproject_trailhead,difficulty=dblack
mtb-7013075,mtbproject,https://www.mtbproject.com/trail/7013075/signal-knob-meneka-peak-bear-wallow-loop,Signal Knob - Meneka Peak - Bear Wallow Loop,38.9346,-78.32,point_trailhead,38.9346,-78.32,,,,8.7,4.4,mtbproject_avg,,5,dblack,,"Strasburg, Virginia",Virginia,United States,,,,mtbproject_trailhead,difficulty=dblack
mtb-7019784,mtbproject,https://www.mtbproject.com/trail/7019784/beginner-ride,Beginner Ride,38.8631,-78.3107,point_trailhead,38.8631,-78.3107,,,,6.9,4.0,mtbproject_avg,,2,greenBlue,,"Front Royal, Virginia",Virginia,United States,,,,mtbproject_trailhead,difficulty=greenBlue
mtb-7013114,mtbproject,https://www.mtbproject.com/trail/7013114/river-trail,River Trail,38.8392,-78.3295,point_trailhead,38.8392,-78.3295,,,,2.1,5.0,mtbproject_avg,,1,green,,"Strasburg, Virginia",Virginia,United States,,,,mtbproject_trailhead,difficulty=green
mtb-7013117,mtbproject,https://www.mtbproject.com/trail/7013117/tulip-poplar-trail,Tulip Poplar Trail,38.847,-78.3228,point_trailhead,38.847,-78.3228,,,,0.8,5.0,mtbproject_avg,,1,green,,"Strasburg, Virginia",Virginia,United States,,,,mtbproject_trailhead,difficulty=green
mtb-626773,mtbproject,https://www.mtbproject.com/trail/626773/schaeffer-farms-grand-tour,Schaeffer Farms Grand Tour,39.143,-77.3106,point_trailhead,39.143,-77.3106,,,,11.1,4.1,mtbproject_avg,,49,greenBlue,,"Darnestown, Maryland",Maryland,United States,,,,mtbproject_trailhead,difficulty=greenBlue
mtb-4511609,mtbproject,https://www.mtbproject.com/trail/4511609/muddy-branch-to-co-canal-to-seneca-ridge-trail,Muddy Branch to C&O Canal to Seneca Ridge Trail,39.1167,-77.2547,point_trailhead,39.1167,-77.2547,,,,30.4,3.8,mtbproject_avg,,10,greenBlue,,"Darnestown, Maryland",Maryland,United States,,,,mtbproject_trailhead,difficulty=greenBlue
mtb-7017233,mtbproject,https://www.mtbproject.com/trail/7017233/schaeffer-diabase-loop,Schaeffer Diabase Loop,39.1432,-77.3108,point_trailhead,39.1432,-77.3108,,,,9.2,4.0,mtbproject_avg,,4,greenBlue,,"Darnestown, Maryland",Maryland,United States,,,,mtbproject_trailhead,difficulty=greenBlue
mtb-7016906,mtbproject,https://www.mtbproject.com/trail/7016906/10-mile-creek-trail,10 Mile Creek Trail,39.1877,-77.3118,point_trailhead,39.1877,-77.3118,,,,5.4,4.7,mtbproject_avg,,9,greenBlue,,"Germantown, Maryland",Maryland,United States,,,,mtbproject_trailhead,difficulty=greenBlue
mtb-1188387,mtbproject,https://www.mtbproject.com/trail/1188387/seneca-ridge-trail,Seneca Ridge Trail,39.1313,-77.2687,point_trailhead,39.1313,-77.2687,,,,5.8,4.0,mtbproject_avg,,14,greenBlue,,"Germantown, Maryland",Maryland,United States,,,,mtbproject_trailhead,difficulty=greenBlue
mtb-3415062,mtbproject,https://www.mtbproject.com/trail/3415062/white,White,39.143,-77.3106,point_trailhead,39.143,-77.3106,,,,3.3,4.7,mtbproject_avg,,3,greenBlue,,"Darnestown, Maryland",Maryland,United States,,,,mtbproject_trailhead,difficulty=greenBlue
mtb-1565065,mtbproject,https://www.mtbproject.com/trail/1565065/rosaryville-sp-perimeter-trail-and-inner-loop,Rosaryville SP - Perimeter Trail and Inner Loop,38.7826,-76.805,point_trailhead,38.7826,-76.805,,,,10.6,4.2,mtbproject_avg,,26,greenBlue,,"Marlton, Maryland",Maryland,United States,,,,mtbproject_trailhead,difficulty=greenBlue
mtb-7012747,mtbproject,https://www.mtbproject.com/trail/7012747/fort-dupont-park,Fort Dupont Park,38.8804,-76.9575,point_trailhead,38.8804,-76.9575,,,,9.9,4.0,mtbproject_avg,,4,greenBlue,,"Washington, D.C., Washington, DC",District of Columbia,United States,,,,mtbproject_trailhead,difficulty=greenBlue
mtb-7013887,mtbproject,https://www.mtbproject.com/trail/7013887/gaithersburg-to-damascus-ride,Gaithersburg to Damascus Ride,39.1674,-77.2289,point_trailhead,39.1674,-77.2289,,,,25.6,3.8,mtbproject_avg,,6,greenBlue,,"Montgomery Village, Maryland",Maryland,United States,,,,mtbproject_trailhead,difficulty=greenBlue
mtb-6346177,mtbproject,https://www.mtbproject.com/trail/6346177/wakefield-park,Wakefield Park,38.8159,-77.2227,point_trailhead,38.8159,-77.2227,,,,6.8,3.8,mtbproject_avg,,26,greenBlue,,"Ravensworth, Virginia",Virginia,United States,,,,mtbproject_trailhead,difficulty=greenBlue
mtb-7023987,mtbproject,https://www.mtbproject.com/trail/7023987/silverwood-trail,Silverwood Trail,39.0948,-76.9268,point_trailhead,39.0948,-76.9268,,,,0.7,5.0,mtbproject_avg,,1,greenBlue,,"Burtonsville, Maryland",Maryland,United States,,,,mtbproject_trailhead,difficulty=greenBlue
mtb-7009914,mtbproject,https://www.mtbproject.com/trail/7009914/bacon-ridge-trail-phase-1,Bacon Ridge Trail: Phase 1,39.0062,-76.6082,point_trailhead,39.0062,-76.6082,,,,2.0,4.7,mtbproject_avg,,18,greenBlue,,"Crownsville, Maryland",Maryland,United States,,,,mtbproject_trailhead,difficulty=greenBlue
mtb-1870398,mtbproject,https://www.mtbproject.com/trail/1870398/perimeter-trail,Perimeter Trail,38.7826,-76.805,point_trailhead,38.7826,-76.805,,,,8.9,4.0,mtbproject_avg,,5,greenBlue,,"Marlton, Maryland",Maryland,United States,,,,mtbproject_trailhead,difficulty=greenBlue
mtb-7014465,mtbproject,https://www.mtbproject.com/trail/7014465/two-creeks-trail,Two Creeks Trail,39.0705,-77.5207,point_trailhead,39.0705,-77.5207,,,,0.7,4.0,mtbproject_avg,,4,greenBlue,,"Belmont, Virginia",Virginia,United States,,,,mtbproject_trailhead,difficulty=greenBlue
mtb-7027127,mtbproject,https://www.mtbproject.com/trail/7027127/mt-vernon-trails,Mt Vernon Trails,38.7741,-77.0647,point_trailhead,38.7741,-77.0647,,,,4.0,4.0,mtbproject_avg,,3,greenBlue,,"Belle Haven, Virginia",Virginia,United States,,,,mtbproject_trailhead,difficulty=greenBlue
mtb-7004812,mtbproject,https://www.mtbproject.com/trail/7004812/washington-old-dominion-trail,Washington & Old Dominion Trail,39.1386,-77.7164,point_trailhead,39.1386,-77.7164,,,,46.1,4.0,mtbproject_avg,,3,green,,"Purcellville, Virginia",Virginia,United States,,,,mtbproject_trailhead,difficulty=green
mtb-7006507,mtbproject,https://www.mtbproject.com/trail/7006507/burke-lake-multi-use-trail,Burke Lake Multi-Use Trail,38.7548,-77.2929,point_trailhead,38.7548,-77.2929,,,,4.6,4.0,mtbproject_avg,,3,green,,"Burke, Virginia",Virginia,United States,,,,mtbproject_trailhead,difficulty=green
mtb-5784536,mtbproject,https://www.mtbproject.com/trail/5784536/trials-road,Trials Road,39.1292,-79.4583,point_trailhead,39.1292,-79.4583,,,,2.4,4.0,mtbproject_avg,,3,greenBlue,,"Davis, West Virginia",West Virginia,United States,,,,mtbproject_trailhead,difficulty=greenBlue
mtb-7013116,mtbproject,https://www.mtbproject.com/trail/7013116/big-oak-trail,Big Oak Trail,38.8424,-78.3191,point_trailhead,38.8424,-78.3191,,,,1.7,4.0,mtbproject_avg,,3,greenBlue,,"Front Royal, Virginia",Virginia,United States,,,,mtbproject_trailhead,difficulty=greenBlue
mtb-7013058,mtbproject,https://www.mtbproject.com/trail/7013058/south-run-stream-valley-trail,South Run Stream Valley Trail,38.7503,-77.2751,point_trailhead,38.7503,-77.2751,,,,9.0,4.0,mtbproject_avg,,2,greenBlue,,"Burke, Virginia",Virginia,United States,,,,mtbproject_trailhead,difficulty=greenBlue
mtb-7013118,mtbproject,https://www.mtbproject.com/trail/7013118/cullers-trail,Culler's Trail,38.847,-78.3053,point_trailhead,38.847,-78.3053,,,,2.6,4.0,mtbproject_avg,,2,green,,"Front Royal, Virginia",Virginia,United States,,,,mtbproject_trailhead,difficulty=green
mtb-7020017,mtbproject,https://www.mtbproject.com/trail/7020017/kennedy-peak-trail,Kennedy Peak Trail,38.7441,-78.4843,point_trailhead,38.7441,-78.4843,,,,0.2,4.0,mtbproject_avg,,2,dblack,,"Luray, Virginia",Virginia,United States,,,,mtbproject_trailhead,difficulty=dblack
mtb-7008415,mtbproject,https://www.mtbproject.com/trail/7008415/heveners-orchard-trail,Hevener's Orchard Trail,38.9526,-80.4971,point_trailhead,38.9526,-80.4971,,,,3.3,4.0,mtbproject_avg,,2,greenBlue,,"Weston, West Virginia",West Virginia,United States,,,,mtbproject_trailhead,difficulty=greenBlue
mtb-7022261,mtbproject,https://www.mtbproject.com/trail/7022261/corridor-h-rail-trail,Corridor H Rail Trail,39.1393,-79.4596,point_trailhead,39.1393,-79.4596,,,,5.5,4.0,mtbproject_avg,,1,green,,"Davis, West Virginia",West Virginia,United States,,,,mtbproject_trailhead,difficulty=green
mtb-7011104,mtbproject,https://www.mtbproject.com/trail/7011104/north-bend-rail-trail,North Bend Rail Trail,39.2235,-81.5125,point_trailhead,39.2235,-81.5125,,,,71.9,4.0,mtbproject_avg,,1,green,,"Mineral Wells, West Virginia",West Virginia,United States,,,,mtbproject_trailhead,difficulty=green
mtb-7013820,mtbproject,https://www.mtbproject.com/trail/7013820/greenway-trail-great-seneca-lower-section,Greenway Trail: Great Seneca Lower Section,39.1674,-77.2289,point_trailhead,39.1674,-77.2289,,,,2.8,4.0,mtbproject_avg,,1,greenBlue,,"Montgomery Village, Maryland",Maryland,United States,,,,mtbproject_trailhead,difficulty=greenBlue
mtb-7013885,mtbproject,https://www.mtbproject.com/trail/7013885/greenway-trail-great-seneca-upper-section,Greenway Trail: Great Seneca Upper Section,39.187,-77.2145,point_trailhead,39.187,-77.2145,,,,4.2,4.0,mtbproject_avg,,1,greenBlue,,"Montgomery Village, Maryland",Maryland,United States,,,,mtbproject_trailhead,difficulty=greenBlue
mtb-7019181,mtbproject,https://www.mtbproject.com/trail/7019181/bluebell-trail,Bluebell Trail,38.8631,-78.3107,point_trailhead,38.8631,-78.3107,,,,1.1,4.0,mtbproject_avg,,1,green,,"Front Royal, Virginia",Virginia,United States,,,,mtbproject_trailhead,difficulty=green
mtb-7009377,mtbproject,https://www.mtbproject.com/trail/7009377/orange-trail,Orange Trail,38.8112,-77.5935,point_trailhead,38.8112,-77.5935,,,,0.7,4.0,mtbproject_avg,,1,blueBlack,,"Gainesville, Virginia",Virginia,United States,,,,mtbproject_trailhead,mtbproject type=Connector
mtb-7023985,mtbproject,https://www.mtbproject.com/trail/7023985/crows-foot-trail,Crow's Foot Trail,39.0862,-76.9279,point_trailhead,39.0862,-76.9279,,,,1.1,4.0,mtbproject_avg,,1,greenBlue,,"Burtonsville, Maryland",Maryland,United States,,,,mtbproject_trailhead,difficulty=greenBlue
mtb-3415661,mtbproject,https://www.mtbproject.com/trail/3415661/schaeffer-farms-blue,Schaeffer Farms - Blue,39.1356,-77.3174,point_trailhead,39.1356,-77.3174,,,,0.8,4.0,mtbproject_avg,,1,green,,"Darnestown, Maryland",Maryland,United States,,,,mtbproject_trailhead,difficulty=green
mtb-7000292,mtbproject,https://www.mtbproject.com/trail/7000292/indian-burial-ground,Indian Burial Ground,39.1493,-80.0453,point_trailhead,39.1493,-80.0453,,,,0.8,4.0,mtbproject_avg,,1,greenBlue,,"Philippi, West Virginia",West Virginia,United States,,,,mtbproject_trailhead,difficulty=greenBlue
mtb-7034639,mtbproject,https://www.mtbproject.com/trail/7034639/tibbet-knob-trail-578,Tibbet Knob Trail #578,38.9237,-78.6897,point_trailhead,38.9237,-78.6897,,,,2.3,4.0,mtbproject_avg,,1,dblack,,"Moorefield, West Virginia",West Virginia,United States,,,,mtbproject_trailhead,difficulty=dblack
mtb-5141536,mtbproject,https://www.mtbproject.com/trail/5141536/fort-circle-park-hiker-biker-trail,Fort Circle Park Hiker - Biker Trail,38.857,-76.9758,point_trailhead,38.857,-76.9758,,,,5.9,3.8,mtbproject_avg,,4,green,,"Washington, D.C., Washington, DC",District of Columbia,United States,,,,mtbproject_trailhead,difficulty=green
mtb-7014823,mtbproject,https://www.mtbproject.com/trail/7014823/parallel-caspar,Parallel Caspar,39.3596,-123.7857,point_trailhead,39.3596,-123.7857,,,,1.4,4.0,mtbproject_avg,,1,green,,"Fort Bragg, California",California,United States,,,,mtbproject_trailhead,difficulty=green
mtb-7014827,mtbproject,https://www.mtbproject.com/trail/7014827/ez-in,EZ-In,39.354,-123.7609,point_trailhead,39.354,-123.7609,,,,1.0,5.0,mtbproject_avg,,1,greenBlue,,"Fort Bragg, California",California,United States,,,,mtbproject_trailhead,difficulty=greenBlue
mtb-7014821,mtbproject,https://www.mtbproject.com/trail/7014821/gunslinger,Gunslinger,39.3647,-123.7448,point_trailhead,39.3647,-123.7448,,,,0.5,4.0,mtbproject_avg,,1,greenBlue,,"Fort Bragg, California",California,United States,,,,mtbproject_trailhead,difficulty=greenBlue
mtb-7014822,mtbproject,https://www.mtbproject.com/trail/7014822/tv-trail,TV Trail,39.3548,-123.7659,point_trailhead,39.3548,-123.7659,,,,1.3,4.0,mtbproject_avg,,1,green,,"Fort Bragg, California",California,United States,,,,mtbproject_trailhead,difficulty=green
mtb-7002868,mtbproject,https://www.mtbproject.com/trail/7002868/oroville-out-and-back,Oroville Out-and-Back,39.5474,-121.4973,point_trailhead,39.5474,-121.4973,,,,24.4,4.5,mtbproject_avg,,2,greenBlue,,"Oroville East, California",California,United States,,,,mtbproject_trailhead,difficulty=greenBlue
mtb-7002027,mtbproject,https://www.mtbproject.com/trail/7002027/edwards-crossing-to-south-yuba-to-round-mountain,Edwards Crossing to South Yuba to Round Mountain,39.3298,-120.9838,point_trailhead,39.3298,-120.9838,,,,8.5,5.0,mtbproject_avg,,1,dblack,,"Nevada City, California",California,United States,,,,mtbproject_trailhead,difficulty=dblack
mtb-7031927,mtbproject,https://www.mtbproject.com/trail/7031927/downie-river-trail-10e02,Downie River Trail 10E02,39.6598,-120.8117,point_trailhead,39.6598,-120.8117,,,,3.3,5.0,mtbproject_avg,,1,dblack,,"Downieville, California",California,United States,,,,mtbproject_trailhead,difficulty=dblack
mtb-7015555,mtbproject,https://www.mtbproject.com/trail/7015555/mt-elwell-trail,Mt. Elwell Trail,39.6957,-120.6973,point_trailhead,39.6957,-120.6973,,,,4.9,4.8,mtbproject_avg,,4,dblack,,"Downieville, California",California,United States,,,,mtbproject_trailhead,difficulty=dblack
mtb-5642509,mtbproject,https://www.mtbproject.com/trail/5642509/emigrant-trail,Emigrant Trail,39.3682,-120.2279,point_trailhead,39.3682,-120.2279,,,,15.0,4.4,mtbproject_avg,,24,greenBlue,,"Truckee, California",California,United States,,,,mtbproject_trailhead,difficulty=greenBlue
mtb-7015034,mtbproject,https://www.mtbproject.com/trail/7015034/boondocks,Boondocks,39.2628,-120.1407,point_trailhead,39.2628,-120.1407,,,,1.4,4.8,mtbproject_avg,,4,dblack,,"Tahoe Vista, California",California,United States,,,,mtbproject_trailhead,difficulty=dblack
mtb-7023063,mtbproject,https://www.mtbproject.com/trail/7023063/upper-whites-creek-trail,Upper Whites Creek Trail,39.3834,-119.8402,point_trailhead,39.3834,-119.8402,,,,1.8,4.0,mtbproject_avg,,2,greenBlue,,"Reno, Nevada",Nevada,United States,,,,mtbproject_trailhead,difficulty=greenBlue
mtb-3790840,mtbproject,https://www.mtbproject.com/trail/3790840/easy-rider,Easy Rider,39.2639,-120.1253,point_trailhead,39.2639,-120.1253,,,,1.6,4.0,mtbproject_avg,,1,green,,"Tahoe Vista, California",California,United States,,,,mtbproject_trailhead,difficulty=green
mtb-7009628,mtbproject,https://www.mtbproject.com/trail/7009628/imbatween,IMBAtween,39.6505,-110.8036,point_trailhead,39.6505,-110.8036,,,,1.5,4.0,mtbproject_avg,,1,greenBlue,,"Spring Glen, Utah",Utah,United States,,,,mtbproject_trailhead,difficulty=greenBlue
mtb-7009629,mtbproject,https://www.mtbproject.com/trail/7009629/smo-joes,S'mo Joes,39.6422,-110.804,point_trailhead,39.6422,-110.804,,,,1.3,4.0,mtbproject_avg,,1,greenBlue,,"Carbonville, Utah",Utah,United States,,,,mtbproject_trailhead,difficulty=greenBlue
mtb-279744,mtbproject,https://www.mtbproject.com/trail/279744/pbr-pumps-bumps-and-rollers,"PBR - Pumps, Bumps, and Rollers",39.3342,-108.6947,point_trailhead,39.3342,-108.6947,,,,2.0,4.4,mtbproject_avg,,104,greenBlue,,"Fruita, Colorado",Colorado,United States,,,,mtbproject_trailhead,difficulty=greenBlue
mtb-279821,mtbproject,https://www.mtbproject.com/trail/279821/kessel-run,Kessel Run,39.3347,-108.7006,point_trailhead,39.3347,-108.7006,,,,2.1,4.3,mtbproject_avg,,82,greenBlue,,"Fruita, Colorado",Colorado,United States,,,,mtbproject_trailhead,difficulty=greenBlue
mtb-7034744,mtbproject,https://www.mtbproject.com/trail/7034744/surburban-decay,Surburban Decay,39.5713,-107.8045,point_trailhead,39.5713,-107.8045,,,,1.3,4.0,mtbproject_avg,,1,greenBlue,,"Rifle, Colorado",Colorado,United States,,,,mtbproject_trailhead,difficulty=greenBlue
mtb-7026086,mtbproject,https://www.mtbproject.com/trail/7026086/half-time,Half Time,39.5958,-107.5312,point_trailhead,39.5958,-107.5312,,,,0.7,4.0,mtbproject_avg,,5,greenBlue,,"New Castle, Colorado",Colorado,United States,,,,mtbproject_trailhead,difficulty=greenBlue
mtb-6565763,mtbproject,https://www.mtbproject.com/trail/6565763/vanderhoofin-it,Vanderhoofin' It,39.551,-107.3455,point_trailhead,39.551,-107.3455,,,,0.6,4.0,mtbproject_avg,,1,greenBlue,,"Glenwood Springs, Colorado",Colorado,United States,,,,mtbproject_trailhead,difficulty=greenBlue
mtb-6513770,mtbproject,https://www.mtbproject.com/trail/6513770/haymaker,Haymaker,39.6428,-106.815,point_trailhead,39.6428,-106.815,,,,4.9,4.3,mtbproject_avg,,30,greenBlue,,"Eagle, Colorado",Colorado,United States,,,,mtbproject_trailhead,difficulty=greenBlue
mtb-7020270,mtbproject,https://www.mtbproject.com/trail/7020270/seven-star-trail,Seven Star Trail,39.2447,-106.9323,point_trailhead,39.2447,-106.9323,,,,4.2,4.4,mtbproject_avg,,15,greenBlue,,"Snowmass Village, Colorado",Colorado,United States,,,,mtbproject_trailhead,difficulty=greenBlue
mtb-7032172,mtbproject,https://www.mtbproject.com/trail/7032172/lower-monte-carlo,Lower Monte Carlo,39.3525,-107.1695,point_trailhead,39.3525,-107.1695,,,,1.4,5.0,mtbproject_avg,,1,greenBlue,,"Carbondale, Colorado",Colorado,United States,,,,mtbproject_trailhead,difficulty=greenBlue
mtb-1022348,mtbproject,https://www.mtbproject.com/trail/1022348/viewline-trail,Viewline trail,39.225,-106.9202,point_trailhead,39.225,-106.9202,,,,1.9,4.0,mtbproject_avg,,7,greenBlue,,"Snowmass Village, Colorado",Colorado,United States,,,,mtbproject_trailhead,difficulty=greenBlue
mtb-5240035,mtbproject,https://www.mtbproject.com/trail/5240035/north-porcupine,North Porcupine,39.351,-107.1636,point_trailhead,39.351,-107.1636,,,,2.7,4.0,mtbproject_avg,,5,greenBlue,,"Carbondale, Colorado",Colorado,United States,,,,mtbproject_trailhead,difficulty=greenBlue
mtb-16054,mtbproject,https://www.mtbproject.com/trail/16054/grand-traverse,Grand Traverse,39.618,-106.3867,point_trailhead,39.618,-106.3867,,,,4.1,4.5,mtbproject_avg,,23,greenBlue,,"Vail, Colorado",Colorado,United States,,,,mtbproject_trailhead,difficulty=greenBlue
mtb-7029991,mtbproject,https://www.mtbproject.com/trail/7029991/ct-segment-9,CT - Segment 9,39.2849,-106.4471,point_trailhead,39.2849,-106.4471,,,,1.8,5.0,mtbproject_avg,,1,greenBlue,,"Leadville North, Colorado",Colorado,United States,,,,mtbproject_trailhead,difficulty=greenBlue
mtb-5834763,mtbproject,https://www.mtbproject.com/trail/5834763/saddle-ridge,Saddle Ridge,39.6403,-106.5488,point_trailhead,39.6403,-106.5488,,,,2.0,3.9,mtbproject_avg,,14,greenBlue,,"Avon, Colorado",Colorado,United States,,,,mtbproject_trailhead,difficulty=greenBlue
mtb-5835079,mtbproject,https://www.mtbproject.com/trail/5835079/pbj,PB&J,39.6569,-106.5483,point_trailhead,39.6569,-106.5483,,,,1.1,4.0,mtbproject_avg,,10,greenBlue,,"Avon, Colorado",Colorado,United States,,,,mtbproject_trailhead,difficulty=greenBlue
mtb-4054132,mtbproject,https://www.mtbproject.com/trail/4054132/soda-park-loop,Soda Park Loop,39.6028,-106.0115,point_trailhead,39.6028,-106.0115,,,,10.5,4.1,mtbproject_avg,,26,greenBlue,,"Keystone, Colorado",Colorado,United States,,,,mtbproject_trailhead,difficulty=greenBlue
mtb-6286187,mtbproject,https://www.mtbproject.com/trail/6286187/breckenridge-flumes-loop,Breckenridge Flumes Loop,39.4936,-106.0421,point_trailhead,39.4936,-106.0421,,,,6.5,3.8,mtbproject_avg,,20,greenBlue,,"Breckenridge, Colorado",Colorado,United States,,,,mtbproject_trailhead,difficulty=greenBlue
mtb-7029140,mtbproject,https://www.mtbproject.com/trail/7029140/river-trail,River Trail,39.4931,-106.0467,point_trailhead,39.4931,-106.0467,,,,3.1,4.5,mtbproject_avg,,2,green,,"Breckenridge, Colorado",Colorado,United States,,,,mtbproject_trailhead,difficulty=green
mtb-6570970,mtbproject,https://www.mtbproject.com/trail/6570970/bakers-tank-loop-via-boreas-pass-road,Baker's Tank Loop via Boreas Pass Road,39.4627,-106.0211,point_trailhead,39.4627,-106.0211,,,,6.0,3.8,mtbproject_avg,,4,greenBlue,,"Breckenridge, Colorado",Colorado,United States,,,,mtbproject_trailhead,difficulty=greenBlue
mtb-5466919,mtbproject,https://www.mtbproject.com/trail/5466919/slalom,Slalom,39.5023,-106.0314,point_trailhead,39.5023,-106.0314,,,,0.8,4.7,mtbproject_avg,,17,greenBlue,,"Breckenridge, Colorado",Colorado,United States,,,,mtbproject_trailhead,difficulty=greenBlue
mtb-5975997,mtbproject,https://www.mtbproject.com/trail/5975997/wheeler-trail,Wheeler Trail,39.4043,-106.0703,point_trailhead,39.4043,-106.0703,,,,10.3,4.9,mtbproject_avg,,9,dblack,,"Breckenridge, Colorado",Colorado,United States,,,,mtbproject_trailhead,difficulty=dblack
mtb-7029878,mtbproject,https://www.mtbproject.com/trail/7029878/even-flow,Even Flow,39.5988,-105.9437,point_trailhead,39.5988,-105.9437,,,,0.2,5.0,mtbproject_avg,,3,dblack,,"Keystone, Colorado",Colorado,United States,,,,mtbproject_trailhead,difficulty=dblack
mtb-7029883,mtbproject,https://www.mtbproject.com/trail/7029883/sanitarium,Sanitarium,39.598,-105.9396,point_trailhead,39.598,-105.9396,,,,0.5,5.0,mtbproject_avg,,2,dblack,,"Keystone, Colorado",Colorado,United States,,,,mtbproject_trailhead,difficulty=dblack
mtb-7029876,mtbproject,https://www.mtbproject.com/trail/7029876/wild-thing,Wild Thing,39.5988,-105.9446,point_trailhead,39.5988,-105.9446,,,,0.4,5.0,mtbproject_avg,,2,dblack,,"Keystone, Colorado",Colorado,United States,,,,mtbproject_trailhead,difficulty=dblack
mtb-7029448,mtbproject,https://www.mtbproject.com/trail/7029448/claimjumper,Claimjumper,39.4907,-106.0489,point_trailhead,39.4907,-106.0489,,,,0.8,5.0,mtbproject_avg,,1,greenBlue,,"Breckenridge, Colorado",Colorado,United States,,,,mtbproject_trailhead,difficulty=greenBlue
mtb-7030580,mtbproject,https://www.mtbproject.com/trail/7030580/2bucks,2Bucks,39.485,-106.1577,point_trailhead,39.485,-106.1577,,,,0.4,5.0,mtbproject_avg,,1,dblack,,"Copper Mountain, Colorado",Colorado,United States,,,,mtbproject_trailhead,difficulty=dblack
mtb-5766387,mtbproject,https://www.mtbproject.com/trail/5766387/blue-river-trail,Blue River Trail,39.4666,-106.0299,point_trailhead,39.4666,-106.0299,,,,3.0,4.5,mtbproject_avg,,6,greenBlue,,"Breckenridge, Colorado",Colorado,United States,,,,mtbproject_trailhead,difficulty=greenBlue
mtb-5466664,mtbproject,https://www.mtbproject.com/trail/5466664/upper-flume-trail,Upper Flume Trail,39.4944,-106.0418,point_trailhead,39.4944,-106.0418,,,,3.2,4.5,mtbproject_avg,,6,greenBlue,,"Breckenridge, Colorado",Colorado,United States,,,,mtbproject_trailhead,difficulty=greenBlue
mtb-5603070,mtbproject,https://www.mtbproject.com/trail/5603070/nightmare-on-baldy,Nightmare on Baldy,39.4721,-105.9932,point_trailhead,39.4721,-105.9932,,,,0.9,4.7,mtbproject_avg,,3,greenBlue,,"Breckenridge, Colorado",Colorado,United States,,,,mtbproject_trailhead,difficulty=greenBlue
mtb-7011419,mtbproject,https://www.mtbproject.com/trail/7011419/meyer-ranch-full-loop,Meyer Ranch Full Loop,39.5461,-105.272,point_trailhead,39.5461,-105.272,,,,8.2,3.9,mtbproject_avg,,15,greenBlue,,"Indian Hills, Colorado",Colorado,United States,,,,mtbproject_trailhead,difficulty=greenBlue
mtb-4246114,mtbproject,https://www.mtbproject.com/trail/4246114/shingle-mill-trail,Shingle Mill Trail,39.3425,-105.2831,point_trailhead,39.3425,-105.2831,,,,3.4,4.3,mtbproject_avg,,28,greenBlue,,"Pine, Colorado",Colorado,United States,,,,mtbproject_trailhead,difficulty=greenBlue
mtb-4888703,mtbproject,https://www.mtbproject.com/trail/4888703/blackjack,Blackjack,39.3852,-105.3314,point_trailhead,39.3852,-105.3314,,,,1.7,4.2,mtbproject_avg,,23,dblack,,"Pine, Colorado",Colorado,United States,,,,mtbproject_trailhead,difficulty=dblack
mtb-7031677,mtbproject,https://www.mtbproject.com/trail/7031677/nice-kittyshingle-mill-loop,Nice Kitty/Shingle Mill Loop,39.3866,-105.2745,point_trailhead,39.3866,-105.2745,,,,14.2,5.0,mtbproject_avg,,3,greenBlue,,"Pine, Colorado",Colorado,United States,,,,mtbproject_trailhead,difficulty=greenBlue
mtb-3620449,mtbproject,https://www.mtbproject.com/trail/3620449/shadow-pine-loop,Shadow Pine Loop,39.5353,-105.3127,point_trailhead,39.5353,-105.3127,,,,3.4,4.3,mtbproject_avg,,17,green,,"Evergreen, Colorado",Colorado,United States,,,,mtbproject_trailhead,difficulty=green
mtb-593930,mtbproject,https://www.mtbproject.com/trail/593930/ridgeline-open-space,Ridgeline Open Space,39.3788,-104.8936,point_trailhead,39.3788,-104.8936,,,,9.9,3.9,mtbproject_avg,,88,greenBlue,,"Castle Rock, Colorado",Colorado,United States,,,,mtbproject_trailhead,difficulty=greenBlue
mtb-7003022,mtbproject,https://www.mtbproject.com/trail/7003022/hidden-mesa,Hidden Mesa,39.4092,-104.7626,point_trailhead,39.4092,-104.7626,,,,6.9,4.1,mtbproject_avg,,42,greenBlue,,"The Pinery, Colorado",Colorado,United States,,,,mtbproject_trailhead,difficulty=greenBlue
mtb-7025529,mtbproject,https://www.mtbproject.com/trail/7025529/quarry-mesa-ride,Quarry Mesa Ride,39.3411,-104.8412,point_trailhead,39.3411,-104.8412,,,,3.8,4.0,mtbproject_avg,,2,greenBlue,,"Castle Rock, Colorado",Colorado,United States,,,,mtbproject_trailhead,difficulty=greenBlue
mtb-5549428,mtbproject,https://www.mtbproject.com/trail/5549428/x10u8,X10U8,39.4858,-105.9982,point_trailhead,39.4858,-105.9982,,,,0.7,4.5,mtbproject_avg,,4,greenBlue,,"Breckenridge, Colorado",Colorado,United States,,,,mtbproject_trailhead,difficulty=greenBlue
mtb-7029358,mtbproject,https://www.mtbproject.com/trail/7029358/zendo-trail,Zendo Trail,39.488,-106.0794,point_trailhead,39.488,-106.0794,,,,1.2,4.5,mtbproject_avg,,4,greenBlue,,"Breckenridge, Colorado",Colorado,United States,,,,mtbproject_trailhead,difficulty=greenBlue
mtb-5724988,mtbproject,https://www.mtbproject.com/trail/5724988/copper-to-frisco-bike-path,Copper to Frisco Bike Path,39.5029,-106.143,point_trailhead,39.5029,-106.143,,,,6.1,4.5,mtbproject_avg,,2,green,,"Breckenridge, Colorado",Colorado,United States,,,,mtbproject_trailhead,difficulty=green
mtb-5724886,mtbproject,https://www.mtbproject.com/trail/5724886/vail-pass-to-copper-bike-path,Vail Pass to Copper Bike Path,39.5261,-106.2176,point_trailhead,39.5261,-106.2176,,,,4.4,4.3,mtbproject_avg,,4,green,,"Frisco, Colorado",Colorado,United States,,,,mtbproject_trailhead,difficulty=green
mtb-7029238,mtbproject,https://www.mtbproject.com/trail/7029238/liesels-luge,Liesel's Luge,39.4833,-106.0358,point_trailhead,39.4833,-106.0358,,,,0.2,4.3,mtbproject_avg,,3,greenBlue,,"Breckenridge, Colorado",Colorado,United States,,,,mtbproject_trailhead,difficulty=greenBlue
mtb-5602383,mtbproject,https://www.mtbproject.com/trail/5602383/moonstone-trail,Moonstone Trail,39.4782,-106.0373,point_trailhead,39.4782,-106.0373,,,,0.4,3.8,mtbproject_avg,,9,greenBlue,,"Breckenridge, Colorado",Colorado,United States,,,,mtbproject_trailhead,difficulty=greenBlue
mtb-7004472,mtbproject,https://www.mtbproject.com/trail/7004472/wildcat-mountain-trail,Wildcat Mountain Trail,39.5042,-104.9098,point_trailhead,39.5042,-104.9098,,,,0.8,4.0,mtbproject_avg,,4,green,,"Carriage Club, Colorado",Colorado,United States,,,,mtbproject_trailhead,difficulty=green
mtb-5566515,mtbproject,https://www.mtbproject.com/trail/5566515/minnie-mine,Minnie Mine,39.4855,-105.9968,point_trailhead,39.4855,-105.9968,,,,1.2,4.0,mtbproject_avg,,4,greenBlue,,"Breckenridge, Colorado",Colorado,United States,,,,mtbproject_trailhead,difficulty=greenBlue
mtb-6463480,mtbproject,https://www.mtbproject.com/trail/6463480/lakeshore-perimeter,Lakeshore Perimeter,39.5777,-106.063,point_trailhead,39.5777,-106.063,,,,4.6,3.9,mtbproject_avg,,7,greenBlue,,"Frisco, Colorado",Colorado,United States,,,,mtbproject_trailhead,difficulty=greenBlue
mtb-7029236,mtbproject,https://www.mtbproject.com/trail/7029236/wellington-trail,Wellington Trail,39.4858,-106.0347,point_trailhead,39.4858,-106.0347,,,,1.4,4.0,mtbproject_avg,,4,greenBlue,,"Breckenridge, Colorado",Colorado,United States,,,,mtbproject_trailhead,difficulty=greenBlue
mtb-7027675,mtbproject,https://www.mtbproject.com/trail/7027675/west-meadow-trail,West Meadow Trail,39.5151,-105.4208,point_trailhead,39.5151,-105.4208,,,,2.2,3.8,mtbproject_avg,,6,greenBlue,,"Bailey, Colorado",Colorado,United States,,,,mtbproject_trailhead,difficulty=greenBlue
mtb-5466559,mtbproject,https://www.mtbproject.com/trail/5466559/lower-flume-trail,Lower Flume Trail,39.4936,-106.0421,point_trailhead,39.4936,-106.0421,,,,1.6,3.8,mtbproject_avg,,6,greenBlue,,"Breckenridge, Colorado",Colorado,United States,,,,mtbproject_trailhead,difficulty=greenBlue
mtb-7002633,mtbproject,https://www.mtbproject.com/trail/7002633/timberline-beginners-loop,Timberline Beginner's Loop,39.2349,-106.3042,point_trailhead,39.2349,-106.3042,,,,1.3,4.0,mtbproject_avg,,3,green,,"Leadville North, Colorado",Colorado,United States,,,,mtbproject_trailhead,difficulty=green
mtb-7030307,mtbproject,https://www.mtbproject.com/trail/7030307/minturn-mini-mile,Minturn Mini Mile,39.5785,-106.4144,point_trailhead,39.5785,-106.4144,,,,0.8,4.0,mtbproject_avg,,3,greenBlue,,"Minturn, Colorado",Colorado,United States,,,,mtbproject_trailhead,difficulty=greenBlue
mtb-7006644,mtbproject,https://www.mtbproject.com/trail/7006644/our-backyard,Our Backyard,39.6508,-106.5416,point_trailhead,39.6508,-106.5416,,,,0.8,3.8,mtbproject_avg,,6,green,,"Avon, Colorado",Colorado,United States,,,,mtbproject_trailhead,difficulty=green
mtb-4053591,mtbproject,https://www.mtbproject.com/trail/4053591/keystone-aqueduct-trail,Keystone Aqueduct Trail,39.5946,-105.9722,point_trailhead,39.5946,-105.9722,,,,1.4,3.8,mtbproject_avg,,6,greenBlue,,"Keystone, Colorado",Colorado,United States,,,,mtbproject_trailhead,difficulty=greenBlue
mtb-7025027,mtbproject,https://www.mtbproject.com/trail/7025027/cottonwood-creek,Cottonwood Creek,39.6055,-104.848,point_trailhead,39.6055,-104.848,,,,1.9,4.0,mtbproject_avg,,2,green,,"Dove Valley, Colorado",Colorado,United States,,,,mtbproject_trailhead,difficulty=green
mtb-5745561,mtbproject,https://www.mtbproject.com/trail/5745561/trail-of-tears,Trail of Tears,39.4786,-105.9962,point_trailhead,39.4786,-105.9962,,,,0.6,4.0,mtbproject_avg,,2,greenBlue,,"Breckenridge, Colorado",Colorado,United States,,,,mtbproject_trailhead,difficulty=greenBlue
mtb-7029886,mtbproject,https://www.mtbproject.com/trail/7029886/let-it-ride,Let it Ride,39.5873,-105.9578,point_trailhead,39.5873,-105.9578,,,,2.8,4.0,mtbproject_avg,,2,green,,"Keystone, Colorado",Colorado,United States,,,,mtbproject_trailhead,difficulty=green
mtb-7009245,mtbproject,https://www.mtbproject.com/trail/7009245/red-loop,Red Loop,39.3662,-104.886,point_trailhead,39.3662,-104.886,,,,1.8,4.0,mtbproject_avg,,2,greenBlue,,"Castle Rock, Colorado",Colorado,United States,,,,mtbproject_trailhead,difficulty=greenBlue
mtb-7019680,mtbproject,https://www.mtbproject.com/trail/7019680/giddy-up,Giddy Up,39.5109,-104.9639,point_trailhead,39.5109,-104.9639,,,,0.6,4.0,mtbproject_avg,,2,green,,"Highlands Ranch, Colorado",Colorado,United States,,,,mtbproject_trailhead,difficulty=green
mtb-7024875,mtbproject,https://www.mtbproject.com/trail/7024875/parker-road,Parker Road,39.6322,-104.8355,point_trailhead,39.6322,-104.8355,,,,2.4,4.0,mtbproject_avg,,1,green,,"Dove Valley, Colorado",Colorado,United States,,,,mtbproject_trailhead,difficulty=green
mtb-164855,mtbproject,https://www.mtbproject.com/trail/164855/cottonwood,Cottonwood,39.6508,-105.1514,point_trailhead,39.6508,-105.1514,,,,0.4,4.0,mtbproject_avg,,1,green,,"Morrison, Colorado",Colorado,United States,,,,mtbproject_trailhead,difficulty=green
mtb-7019678,mtbproject,https://www.mtbproject.com/trail/7019678/wild-west,Wild West,39.5112,-104.973,point_trailhead,39.5112,-104.973,,,,1.3,4.0,mtbproject_avg,,1,green,,"Highlands Ranch, Colorado",Colorado,United States,,,,mtbproject_trailhead,difficulty=green
mtb-7010111,mtbproject,https://www.mtbproject.com/trail/7010111/lodge-pole-loop,Lodge Pole Loop,39.5424,-105.2753,point_trailhead,39.5424,-105.2753,,,,1.2,4.0,mtbproject_avg,,1,greenBlue,,"Indian Hills, Colorado",Colorado,United States,,,,mtbproject_trailhead,difficulty=greenBlue
mtb-7019682,mtbproject,https://www.mtbproject.com/trail/7019682/huckleberry,Huckleberry,39.5097,-104.968,point_trailhead,39.5097,-104.968,,,,0.4,4.0,mtbproject_avg,,1,green,,"Highlands Ranch, Colorado",Colorado,United States,,,,mtbproject_trailhead,difficulty=green
mtb-7029869,mtbproject,https://www.mtbproject.com/trail/7029869/milky-way,Milky Way,39.5799,-105.9418,point_trailhead,39.5799,-105.9418,,,,0.5,4.0,mtbproject_avg,,1,dblack,,"Keystone, Colorado",Colorado,United States,,,,mtbproject_trailhead,difficulty=dblack
mtb-3647479,mtbproject,https://www.mtbproject.com/trail/3647479/founders-trail-a-wide-dirt-trail-with-low-grade-that-goes-out-into-the-meadow,Founders Trail - A wide dirt trail with low grade that goes out into the meadow.,39.6726,-105.3691,point_trailhead,39.6726,-105.3691,,,,0.6,4.0,mtbproject_avg,,1,green,,"Kittredge, Colorado",Colorado,United States,,,,mtbproject_trailhead,difficulty=green
mtb-7004500,mtbproject,https://www.mtbproject.com/trail/7004500/pleasant-pass,Pleasant Pass,39.4026,-104.7991,point_trailhead,39.4026,-104.7991,,,,1.3,3.8,mtbproject_avg,,4,green,,"Castle Rock, Colorado",Colorado,United States,,,,mtbproject_trailhead,difficulty=green
mtb-7029849,mtbproject,https://www.mtbproject.com/trail/7029849/girl-scout,Girl Scout,39.5789,-105.9408,point_trailhead,39.5789,-105.9408,,,,1.7,3.8,mtbproject_avg,,4,green,,"Keystone, Colorado",Colorado,United States,,,,mtbproject_trailhead,difficulty=green
mtb-4227037,mtbproject,https://www.mtbproject.com/trail/4227037/smithville-lake-trails,Smithville Lake Trails,39.4466,-94.53,point_trailhead,39.4466,-94.53,,,,13.6,4.1,mtbproject_avg,,13,greenBlue,,"Smithville, Missouri",Missouri,United States,,,,mtbproject_trailhead,difficulty=greenBlue
mtb-7004445,mtbproject,https://www.mtbproject.com/trail/7004445/stocksdale,Stocksdale,39.2329,-94.3888,point_trailhead,39.2329,-94.3888,,,,4.5,3.9,mtbproject_avg,,8,greenBlue,,"Liberty, Missouri",Missouri,United States,,,,mtbproject_trailhead,difficulty=greenBlue
mtb-7012058,mtbproject,https://www.mtbproject.com/trail/7012058/hodge-park-ride,Hodge Park Ride,39.261,-94.5013,point_trailhead,39.261,-94.5013,,,,5.3,3.8,mtbproject_avg,,4,greenBlue,,"Pleasant Valley, Missouri",Missouri,United States,,,,mtbproject_trailhead,difficulty=greenBlue
mtb-7018022,mtbproject,https://www.mtbproject.com/trail/7018022/skills-loop,Skills Loop,39.2329,-94.3888,point_trailhead,39.2329,-94.3888,,,,0.7,4.0,mtbproject_avg,,2,greenBlue,,"Liberty, Missouri",Missouri,United States,,,,mtbproject_trailhead,difficulty=greenBlue
mtb-5048718,mtbproject,https://www.mtbproject.com/trail/5048718/stans-loop,Stan's Loop,39.4296,-94.5228,point_trailhead,39.4296,-94.5228,,,,0.7,4.0,mtbproject_avg,,1,greenBlue,,"Smithville, Missouri",Missouri,United States,,,,mtbproject_trailhead,difficulty=greenBlue
mtb-7009265,mtbproject,https://www.mtbproject.com/trail/7009265/ag-pass,Ag Pass,39.4345,-88.7958,point_trailhead,39.4345,-88.7958,,,,1.1,5.0,mtbproject_avg,,1,green,,"Shelbyville, Illinois",Illinois,United States,,,,mtbproject_trailhead,difficulty=green
mtb-4416102,mtbproject,https://www.mtbproject.com/trail/4416102/camp-camfield,Camp Camfield,39.564,-88.6355,point_trailhead,39.564,-88.6355,,,,6.6,4.2,mtbproject_avg,,5,greenBlue,,"Sullivan, Illinois",Illinois,United States,,,,mtbproject_trailhead,difficulty=greenBlue
mtb-7018327,mtbproject,https://www.mtbproject.com/trail/7018327/main-loop,Main Loop,39.4732,-88.1501,point_trailhead,39.4732,-88.1501,,,,3.7,4.7,mtbproject_avg,,3,greenBlue,,"Charleston, Illinois",Illinois,United States,,,,mtbproject_trailhead,difficulty=greenBlue
mtb-7031433,mtbproject,https://www.mtbproject.com/trail/7031433/trail-d,Trail D,39.4066,-87.8124,point_trailhead,39.4066,-87.8124,,,,1.9,5.0,mtbproject_avg,,1,greenBlue,,"Marshall, Illinois",Illinois,United States,,,,mtbproject_trailhead,difficulty=greenBlue
mtb-7018339,mtbproject,https://www.mtbproject.com/trail/7018339/orange-top,Orange Top,39.4619,-88.1551,point_trailhead,39.4619,-88.1551,,,,0.6,5.0,mtbproject_avg,,1,green,,"Charleston, Illinois",Illinois,United States,,,,mtbproject_trailhead,difficulty=green
mtb-7027563,mtbproject,https://www.mtbproject.com/trail/7027563/lake-loop,Lake Loop,39.3327,-87.3648,point_trailhead,39.3327,-87.3648,,,,2.8,4.6,mtbproject_avg,,8,green,,"Farmersburg, Indiana",Indiana,United States,,,,mtbproject_trailhead,difficulty=green
mtb-7010664,mtbproject,https://www.mtbproject.com/trail/7010664/perimeter-loop,Perimeter Loop,39.3369,-87.3666,point_trailhead,39.3369,-87.3666,,,,5.7,4.8,mtbproject_avg,,11,greenBlue,,"Terre Haute, Indiana",Indiana,United States,,,,mtbproject_trailhead,difficulty=greenBlue
mtb-7011103,mtbproject,https://www.mtbproject.com/trail/7011103/basic-training-skills-trail,Basic Training Skills Trail,39.338,-87.3659,point_trailhead,39.338,-87.3659,,,,0.9,5.0,mtbproject_avg,,6,green,,"Farmersburg, Indiana",Indiana,United States,,,,mtbproject_trailhead,difficulty=green
mtb-7010692,mtbproject,https://www.mtbproject.com/trail/7010692/east-lake-trail,East Lake Trail,39.3415,-87.3553,point_trailhead,39.3415,-87.3553,,,,1.2,4.8,mtbproject_avg,,6,greenBlue,,"Farmersburg, Indiana",Indiana,United States,,,,mtbproject_trailhead,difficulty=greenBlue
mtb-7029909,mtbproject,https://www.mtbproject.com/trail/7029909/proving-grounds-expert-drop,Proving Grounds Expert Drop,39.3387,-87.3642,point_trailhead,39.3387,-87.3642,,,,,4.7,mtbproject_avg,,3,dblack,,"Terre Haute, Indiana",Indiana,United States,,,,mtbproject_trailhead,difficulty=dblack
mtb-7010693,mtbproject,https://www.mtbproject.com/trail/7010693/west-lake-trail,West Lake Trail,39.335,-87.3653,point_trailhead,39.335,-87.3653,,,,0.4,4.3,mtbproject_avg,,6,green,,"Terre Haute, Indiana",Indiana,United States,,,,mtbproject_trailhead,difficulty=green
mtb-7011140,mtbproject,https://www.mtbproject.com/trail/7011140/advanced-trails-access,Advanced Trails Access,39.3363,-87.3558,point_trailhead,39.3363,-87.3558,,,,0.4,4.0,mtbproject_avg,,4,green,,"Farmersburg, Indiana",Indiana,United States,,,,mtbproject_trailhead,difficulty=green
mtb-4794190,mtbproject,https://www.mtbproject.com/trail/4794190/big-fire-north,Big Fire North,39.6536,-86.2414,point_trailhead,39.6536,-86.2414,,,,0.4,4.9,mtbproject_avg,,8,greenBlue,,"Southport, Indiana",Indiana,United States,,,,mtbproject_trailhead,difficulty=greenBlue
mtb-4794147,mtbproject,https://www.mtbproject.com/trail/4794147/mann-summit-east,Mann Summit East,39.6551,-86.2424,point_trailhead,39.6551,-86.2424,,,,0.3,3.8,mtbproject_avg,,4,greenBlue,,"Southport, Indiana",Indiana,United States,,,,mtbproject_trailhead,difficulty=greenBlue
mtb-7010290,mtbproject,https://www.mtbproject.com/trail/7010290/green-loop,Green Loop,39.5912,-84.7679,point_trailhead,39.5912,-84.7679,,,,2.0,5.0,mtbproject_avg,,2,green,,"Oxford, Ohio",Ohio,United States,,,,mtbproject_trailhead,difficulty=green
mtb-7009231,mtbproject,https://www.mtbproject.com/trail/7009231/orange-trail,Orange Trail,39.319,-84.264,point_trailhead,39.319,-84.264,,,,0.4,4.0,mtbproject_avg,,1,blue,,"Loveland Park, Ohio",Ohio,United States,,,,mtbproject_trailhead,mtbproject type=Connector
mtb-7003858,mtbproject,https://www.mtbproject.com/trail/7003858/hickory-trail,Hickory Trail,39.3367,-82.0161,point_trailhead,39.3367,-82.0161,,,,2.7,3.8,mtbproject_avg,,6,greenBlue,,"Athens, Ohio",Ohio,United States,,,,mtbproject_trailhead,difficulty=greenBlue
mtb-7007889,mtbproject,https://www.mtbproject.com/trail/7007889/bean-ridgebear-run-old-school-classic,Bean Ridge/Bear Run Old School Classic,39.4511,-81.3216,point_trailhead,39.4511,-81.3216,,,,14.4,4.5,mtbproject_avg,,2,dblack,,"Newport, Ohio",Ohio,United States,,,,mtbproject_trailhead,difficulty=dblack
mtb-7009999,mtbproject,https://www.mtbproject.com/trail/7009999/marietta-river-trail,Marietta River Trail,39.4324,-81.4708,point_trailhead,39.4324,-81.4708,,,,3.6,5.0,mtbproject_avg,,3,green,,"Marietta, Ohio",Ohio,United States,,,,mtbproject_trailhead,difficulty=green
mtb-7002787,mtbproject,https://www.mtbproject.com/trail/7002787/prospect-hill-loop-trail,Prospect Hill Loop Trail,39.4396,-81.4525,point_trailhead,39.4396,-81.4525,,,,1.0,5.0,mtbproject_avg,,2,greenBlue,,"Marietta, Ohio",Ohio,United States,,,,mtbproject_trailhead,difficulty=greenBlue
mtb-7015981,mtbproject,https://www.mtbproject.com/trail/7015981/river-loop-trail,River Loop Trail,39.4025,-81.4172,point_trailhead,39.4025,-81.4172,,,,0.7,5.0,mtbproject_avg,,2,green,,"Marietta, Ohio",Ohio,United States,,,,mtbproject_trailhead,difficulty=green
mtb-7004723,mtbproject,https://www.mtbproject.com/trail/7004723/chimney-trail,Chimney Trail,39.4274,-81.4413,point_trailhead,39.4274,-81.4413,,,,0.4,5.0,mtbproject_avg,,2,greenBlue,,"Marietta, Ohio",Ohio,United States,,,,mtbproject_trailhead,difficulty=greenBlue
mtb-7004641,mtbproject,https://www.mtbproject.com/trail/7004641/upper-frontier-trail,Upper Frontier Trail,39.4276,-81.443,point_trailhead,39.4276,-81.443,,,,0.4,5.0,mtbproject_avg,,1,greenBlue,,"Marietta, Ohio",Ohio,United States,,,,mtbproject_trailhead,difficulty=greenBlue
mtb-7002731,mtbproject,https://www.mtbproject.com/trail/7002731/boresma-trail,Boresma Trail,39.4322,-81.4511,point_trailhead,39.4322,-81.4511,,,,0.3,5.0,mtbproject_avg,,1,blue,,"Marietta, Ohio",Ohio,United States,,,,mtbproject_trailhead,mtbproject type=Connector
mtb-7034961,mtbproject,https://www.mtbproject.com/trail/7034961/sycamore-trail,Sycamore Trail,39.3998,-81.4172,point_trailhead,39.3998,-81.4172,,,,0.1,5.0,mtbproject_avg,,1,green,,"Marietta, Ohio",Ohio,United States,,,,mtbproject_trailhead,difficulty=green
mtb-7010881,mtbproject,https://www.mtbproject.com/trail/7010881/caretaker-trail,Caretaker Trail,39.2267,-81.3016,point_trailhead,39.2267,-81.3016,,,,0.7,4.7,mtbproject_avg,,3,greenBlue,,"Deerwalk, West Virginia",West Virginia,United States,,,,mtbproject_trailhead,difficulty=greenBlue
mtb-7002649,mtbproject,https://www.mtbproject.com/trail/7002649/tiger-trail,Tiger Trail,39.4381,-81.4501,point_trailhead,39.4381,-81.4501,,,,1.0,4.5,mtbproject_avg,,4,greenBlue,,"Marietta, Ohio",Ohio,United States,,,,mtbproject_trailhead,difficulty=greenBlue
mtb-7004638,mtbproject,https://www.mtbproject.com/trail/7004638/frontier-loop-trail,Frontier Loop Trail,39.4252,-81.4451,point_trailhead,39.4252,-81.4451,,,,0.7,4.5,mtbproject_avg,,2,greenBlue,,"Marietta, Ohio",Ohio,United States,,,,mtbproject_trailhead,difficulty=greenBlue
mtb-7010899,mtbproject,https://www.mtbproject.com/trail/7010899/mansion-trail,Mansion Trail,39.2265,-81.3019,point_trailhead,39.2265,-81.3019,,,,0.7,4.5,mtbproject_avg,,2,greenBlue,,"Deerwalk, West Virginia",West Virginia,United States,,,,mtbproject_trailhead,difficulty=greenBlue
mtb-7010893,mtbproject,https://www.mtbproject.com/trail/7010893/hunters-roost,Hunter's Roost,39.2368,-81.295,point_trailhead,39.2368,-81.295,,,,0.5,4.5,mtbproject_avg,,2,greenBlue,,"Deerwalk, West Virginia",West Virginia,United States,,,,mtbproject_trailhead,difficulty=greenBlue
mtb-7003634,mtbproject,https://www.mtbproject.com/trail/7003634/ewing-trail,Ewing Trail,39.4402,-81.4553,point_trailhead,39.4402,-81.4553,,,,1.0,4.5,mtbproject_avg,,2,greenBlue,,"Marietta, Ohio",Ohio,United States,,,,mtbproject_trailhead,difficulty=greenBlue
mtb-7003856,mtbproject,https://www.mtbproject.com/trail/7003856/kroger-wetlands-loop-trail,Kroger Wetlands Loop Trail,39.4132,-81.428,point_trailhead,39.4132,-81.428,,,,0.5,4.0,mtbproject_avg,,2,green,,"Marietta, Ohio",Ohio,United States,,,,mtbproject_trailhead,difficulty=green
mtb-4559221,mtbproject,https://www.mtbproject.com/trail/4559221/white-park,White Park,39.6117,-79.96,point_trailhead,39.6117,-79.96,,,,3.4,4.1,mtbproject_avg,,12,greenBlue,,"Morgantown, West Virginia",West Virginia,United States,,,,mtbproject_trailhead,difficulty=greenBlue
mtb-7015081,mtbproject,https://www.mtbproject.com/trail/7015081/great-allegheny-passage-gap,Great Allegheny Passage (GAP),40.4271,-79.9622,point_trailhead,40.4271,-79.9622,,,,152.4,4.5,mtbproject_avg,,6,green,,"Mount Oliver, Pennsylvania",Pennsylvania,United States,,,,mtbproject_trailhead,difficulty=green
mtb-7015692,mtbproject,https://www.mtbproject.com/trail/7015692/deckers-creek-trail,Decker's Creek Trail,39.6277,-79.9599,point_trailhead,39.6277,-79.9599,,,,19.7,4.3,mtbproject_avg,,3,greenBlue,,"Morgantown, West Virginia",West Virginia,United States,,,,mtbproject_trailhead,difficulty=greenBlue
mtb-7032990,mtbproject,https://www.mtbproject.com/trail/7032990/flowkilla-trail,Flowkilla Trail,39.5749,-79.5038,point_trailhead,39.5749,-79.5038,,,,0.6,5.0,mtbproject_avg,,1,dblack,,"Terra Alta, West Virginia",West Virginia,United States,,,,mtbproject_trailhead,difficulty=dblack
mtb-7003583,mtbproject,https://www.mtbproject.com/trail/7003583/little-bennett-ride,Little Bennett Ride,39.2767,-77.2756,point_trailhead,39.2767,-77.2756,,,,8.7,3.8,mtbproject_avg,,12,greenBlue,,"Clarksburg, Maryland",Maryland,United States,,,,mtbproject_trailhead,difficulty=greenBlue
mtb-7005582,mtbproject,https://www.mtbproject.com/trail/7005582/emmitsburg-new-beginner-loops,Emmitsburg New Beginner Loops,39.6955,-77.3877,point_trailhead,39.6955,-77.3877,,,,2.6,4.3,mtbproject_avg,,3,greenBlue,,"Emmitsburg, Maryland",Maryland,United States,,,,mtbproject_trailhead,difficulty=greenBlue
mtb-7002392,mtbproject,https://www.mtbproject.com/trail/7002392/vineyard-springs,Vineyard Springs,39.2397,-76.7319,point_trailhead,39.2397,-76.7319,,,,0.7,5.0,mtbproject_avg,,3,greenBlue,,"Catonsville, Maryland",Maryland,United States,,,,mtbproject_trailhead,difficulty=greenBlue
mtb-7017089,mtbproject,https://www.mtbproject.com/trail/7017089/little-gunpowder-trail-harford-rd-to-bottom-rd,Little Gunpowder Trail (Harford Rd. to Bottom Rd.),39.4787,-76.4224,point_trailhead,39.4787,-76.4224,,,,2.7,4.3,mtbproject_avg,,6,greenBlue,,"Pleasant Hills, Maryland",Maryland,United States,,,,mtbproject_trailhead,difficulty=greenBlue
mtb-7030365,mtbproject,https://www.mtbproject.com/trail/7030365/liberty-road-shoreline-south,Liberty Road Shoreline South,39.396,-76.9007,point_trailhead,39.396,-76.9007,,,,4.7,4.5,mtbproject_avg,,2,greenBlue,,"Eldersburg, Maryland",Maryland,United States,,,,mtbproject_trailhead,difficulty=greenBlue
mtb-7014579,mtbproject,https://www.mtbproject.com/trail/7014579/lower-greenway-alternate-trail,Lower Greenway Alternate Trail,39.6264,-76.159,point_trailhead,39.6264,-76.159,,,,1.2,5.0,mtbproject_avg,,1,greenBlue,,"Aberdeen, Maryland",Maryland,United States,,,,mtbproject_trailhead,difficulty=greenBlue
mtb-7004355,mtbproject,https://www.mtbproject.com/trail/7004355/red-loop,Red Loop,39.6881,-75.8413,point_trailhead,39.6881,-75.8413,,,,2.3,4.3,mtbproject_avg,,4,green,,"Elkton, Maryland",Maryland,United States,,,,mtbproject_trailhead,difficulty=green
mtb-7004660,mtbproject,https://www.mtbproject.com/trail/7004660/beginnerintermediate-trail,Beginner/Intermediate Trail,39.6968,-77.3894,point_trailhead,39.6968,-77.3894,,,,1.6,4.0,mtbproject_avg,,4,greenBlue,,"Emmitsburg, Maryland",Maryland,United States,,,,mtbproject_trailhead,difficulty=greenBlue
mtb-5949791,mtbproject,https://www.mtbproject.com/trail/5949791/roadside-trail,Roadside Trail,39.5985,-79.4963,point_trailhead,39.5985,-79.4963,,,,1.3,4.0,mtbproject_avg,,3,greenBlue,,"Terra Alta, West Virginia",West Virginia,United States,,,,mtbproject_trailhead,difficulty=greenBlue
mtb-7006496,mtbproject,https://www.mtbproject.com/trail/7006496/purdum-trail,Purdum Trail,39.2746,-77.2521,point_trailhead,39.2746,-77.2521,,,,1.6,4.0,mtbproject_avg,,2,greenBlue,,"Damascus, Maryland",Maryland,United States,,,,mtbproject_trailhead,difficulty=greenBlue
mtb-7002304,mtbproject,https://www.mtbproject.com/trail/7002304/rockburn,Rockburn,39.2251,-76.7327,point_trailhead,39.2251,-76.7327,,,,1.1,4.0,mtbproject_avg,,1,green,,"West Elkridge, Maryland",Maryland,United States,,,,mtbproject_trailhead,difficulty=green
mtb-7016280,mtbproject,https://www.mtbproject.com/trail/7016280/plantation-trail,Plantation Trail,39.3599,-76.8859,point_trailhead,39.3599,-76.8859,,,,1.4,4.0,mtbproject_avg,,1,greenBlue,,"Sykesville, Maryland",Maryland,United States,,,,mtbproject_trailhead,difficulty=greenBlue
mtb-7020461,mtbproject,https://www.mtbproject.com/trail/7020461/north-prospect-rock-trail,North Prospect Rock Trail,39.5157,-78.3204,point_trailhead,39.5157,-78.3204,,,,6.6,4.0,mtbproject_avg,,1,greenBlue,,"Berkeley Springs, West Virginia",West Virginia,United States,,,,mtbproject_trailhead,difficulty=greenBlue
mtb-7032281,mtbproject,https://www.mtbproject.com/trail/7032281/glen-ellen-trail,Glen Ellen Trail,39.4244,-76.5967,point_trailhead,39.4244,-76.5967,,,,5.0,4.0,mtbproject_avg,,1,greenBlue,,"Hampton, Maryland",Maryland,United States,,,,mtbproject_trailhead,difficulty=greenBlue
mtb-7024787,mtbproject,https://www.mtbproject.com/trail/7024787/little-jersey-trail,Little Jersey Trail,39.5489,-75.7182,point_trailhead,39.5489,-75.7182,,,,7.8,3.8,mtbproject_avg,,5,greenBlue,,"Glasgow, Delaware",Delaware,United States,,,,mtbproject_trailhead,difficulty=greenBlue
mtb-7032475,mtbproject,https://www.mtbproject.com/trail/7032475/torrey-c-brown-rail-trail,Torrey C. Brown Rail Trail,39.4955,-76.6381,point_trailhead,39.4955,-76.6381,,,,20.8,4.0,mtbproject_avg,,1,green,,"Hunt Valley, Maryland",Maryland,United States,,,,mtbproject_trailhead,difficulty=green
mtb-7029325,mtbproject,https://www.mtbproject.com/trail/7029325/liberty-reservoir-pine-knob-rd-gate-2-to-oakland-rd-gate-1,Liberty Reservoir: Pine Knob Rd. Gate 2 To Oakland Rd. Gate 1,39.4276,-76.9229,point_trailhead,39.4276,-76.9229,,,,4.0,4.0,mtbproject_avg,,1,greenBlue,,"Eldersburg, Maryland",Maryland,United States,,,,mtbproject_trailhead,difficulty=greenBlue
mtb-7020460,mtbproject,https://www.mtbproject.com/trail/7020460/south-prospect-rock-trail,South Prospect Rock Trail,39.4707,-78.3441,point_trailhead,39.4707,-78.3441,,,,3.6,4.0,mtbproject_avg,,1,greenBlue,,"Berkeley Springs, West Virginia",West Virginia,United States,,,,mtbproject_trailhead,difficulty=greenBlue
mtb-6439330,mtbproject,https://www.mtbproject.com/trail/6439330/red-trail,Red Trail,39.5248,-79.4037,point_trailhead,39.5248,-79.4037,,,,1.8,4.0,mtbproject_avg,,1,greenBlue,,"Oakland, Maryland",Maryland,United States,,,,mtbproject_trailhead,difficulty=greenBlue
mtb-7029810,mtbproject,https://www.mtbproject.com/trail/7029810/liberty-reservoir-route-32-east-gate-to-bollinger-mill-rd-gate-1,Liberty Reservoir: Route 32 East Gate to Bollinger Mill Rd. Gate 1,39.438,-76.9374,point_trailhead,39.438,-76.9374,,,,3.0,4.0,mtbproject_avg,,1,greenBlue,,"Eldersburg, Maryland",Maryland,United States,,,,mtbproject_trailhead,difficulty=greenBlue
mtb-7019444,mtbproject,https://www.mtbproject.com/trail/7019444/cliffs-of-insanity,Cliffs of Insanity,39.4928,-76.4288,point_trailhead,39.4928,-76.4288,,,,1.2,4.0,mtbproject_avg,,1,greenBlue,,"Fallston, Maryland",Maryland,United States,,,,mtbproject_trailhead,difficulty=greenBlue
mtb-7023243,mtbproject,https://www.mtbproject.com/trail/7023243/feeder-trail,Feeder Trail,39.5144,-74.5128,point_trailhead,39.5144,-74.5128,,,,0.3,4.0,mtbproject_avg,,1,green,,"Port Republic, New Jersey",New Jersey,United States,,,,mtbproject_trailhead,difficulty=green
mtb-7030791,mtbproject,https://www.mtbproject.com/trail/7030791/deja-vu-alternate-start,Deja Vu - Alternate Start,39.3861,-76.9068,point_trailhead,39.3861,-76.9068,,,,1.6,4.0,mtbproject_avg,,1,greenBlue,,"Eldersburg, Maryland",Maryland,United States,,,,mtbproject_trailhead,difficulty=greenBlue
mtb-7030604,mtbproject,https://www.mtbproject.com/trail/7030604/liberty-reservoir-wards-chapel-gate-1-to-old-rte-26-boat-ramp,Liberty Reservoir: Wards Chapel Gate 1 to Old Rte. 26 Boat Ramp,39.4041,-76.8611,point_trailhead,39.4041,-76.8611,,,,1.6,4.0,mtbproject_avg,,1,green,,"Eldersburg, Maryland",Maryland,United States,,,,mtbproject_trailhead,difficulty=green
mtb-7032428,mtbproject,https://www.mtbproject.com/trail/7032428/newark-reservoir-path,Newark Reservoir Path,39.6983,-75.7409,point_trailhead,39.6983,-75.7409,,,,1.1,4.0,mtbproject_avg,,1,green,,"Newark, Delaware",Delaware,United States,,,,mtbproject_trailhead,difficulty=green
mtb-7018293,mtbproject,https://www.mtbproject.com/trail/7018293/graffiti-loop,Graffiti Loop,39.5074,-76.4318,point_trailhead,39.5074,-76.4318,,,,0.4,4.0,mtbproject_avg,,1,green,,"Fallston, Maryland",Maryland,United States,,,,mtbproject_trailhead,difficulty=green
mtb-7023240,mtbproject,https://www.mtbproject.com/trail/7023240/lower-trail,Lower Trail,39.5174,-74.5126,point_trailhead,39.5174,-74.5126,,,,0.3,4.0,mtbproject_avg,,1,green,,"Port Republic, New Jersey",New Jersey,United States,,,,mtbproject_trailhead,difficulty=green
mtb-7018618,mtbproject,https://www.mtbproject.com/trail/7018618/satans-sunrise,Satan's Sunrise,39.4969,-76.4265,point_trailhead,39.4969,-76.4265,,,,0.3,4.0,mtbproject_avg,,1,greenBlue,,"Fallston, Maryland",Maryland,United States,,,,mtbproject_trailhead,difficulty=greenBlue
mtb-7019445,mtbproject,https://www.mtbproject.com/trail/7019445/beechwood-climb,Beechwood Climb,39.4842,-76.4249,point_trailhead,39.4842,-76.4249,,,,0.5,4.0,mtbproject_avg,,1,greenBlue,,"Pleasant Hills, Maryland",Maryland,United States,,,,mtbproject_trailhead,difficulty=greenBlue
mtb-7030793,mtbproject,https://www.mtbproject.com/trail/7030793/liberty-road-connector,Liberty Road Connector,39.3895,-76.9092,point_trailhead,39.3895,-76.9092,,,,0.8,4.0,mtbproject_avg,,1,green,,"Eldersburg, Maryland",Maryland,United States,,,,mtbproject_trailhead,difficulty=green
mtb-7019443,mtbproject,https://www.mtbproject.com/trail/7019443/deer-skull-lolli,Deer Skull Lolli,39.4955,-76.4288,point_trailhead,39.4955,-76.4288,,,,0.6,4.0,mtbproject_avg,,1,greenBlue,,"Fallston, Maryland",Maryland,United States,,,,mtbproject_trailhead,difficulty=greenBlue
mtb-7034974,mtbproject,https://www.mtbproject.com/trail/7034974/easy-up-flagged-and-cleared,Easy Up Flagged and Cleared,39.4969,-78.3084,point_trailhead,39.4969,-78.3084,,,,1.2,4.0,mtbproject_avg,,1,greenBlue,,"Berkeley Springs, West Virginia",West Virginia,United States,,,,mtbproject_trailhead,difficulty=greenBlue
mtb-7034680,mtbproject,https://www.mtbproject.com/trail/7034680/later-phase-up-the-creek,Later Phase: Up the Creek,39.4964,-78.3025,point_trailhead,39.4964,-78.3025,,,,1.4,4.0,mtbproject_avg,,1,green,,"Berkeley Springs, West Virginia",West Virginia,United States,,,,mtbproject_trailhead,difficulty=green
mtb-7034390,mtbproject,https://www.mtbproject.com/trail/7034390/easy-up-phase-2-stacked-loop-trail,Easy-Up: Phase 2 Stacked Loop Trail,39.4994,-78.3001,point_trailhead,39.4994,-78.3001,,,,1.4,4.0,mtbproject_avg,,1,green,,"Berkeley Springs, West Virginia",West Virginia,United States,,,,mtbproject_trailhead,difficulty=green
mtb-7033372,mtbproject,https://www.mtbproject.com/trail/7033372/swamp-trail-west,Swamp Trail West,39.5958,-79.5018,point_trailhead,39.5958,-79.5018,,,,1.1,4.0,mtbproject_avg,,1,greenBlue,,"Terra Alta, West Virginia",West Virginia,United States,,,,mtbproject_trailhead,difficulty=greenBlue
mtb-2504096,mtbproject,https://www.mtbproject.com/trail/2504096/guardians-and-south-rim-loop,Guardians and South Rim Loop,39.8058,-121.714,point_trailhead,39.8058,-121.714,,,,8.6,3.8,mtbproject_avg,,6,dblack,,"Forest Ranch, California",California,United States,,,,mtbproject_trailhead,difficulty=dblack
mtb-3352782,mtbproject,https://www.mtbproject.com/trail/3352782/guardians-trail,Guardians Trail,39.8052,-121.7176,point_trailhead,39.8052,-121.7176,,,,4.1,5.0,mtbproject_avg,,2,dblack,,"Forest Ranch, California",California,United States,,,,mtbproject_trailhead,difficulty=dblack
mtb-7006133,mtbproject,https://www.mtbproject.com/trail/7006133/lower-mills-peak-trail,Lower Mills Peak Trail,39.7444,-120.6144,point_trailhead,39.7444,-120.6144,,,,1.3,5.0,mtbproject_avg,,1,greenBlue,,"Portola, California",California,United States,,,,mtbproject_trailhead,difficulty=greenBlue
mtb-7017947,mtbproject,https://www.mtbproject.com/trail/7017947/long-lake-trail,Long Lake Trail,39.7026,-120.6909,point_trailhead,39.7026,-120.6909,,,,1.6,4.0,mtbproject_avg,,2,dblack,,"Downieville, California",California,United States,,,,mtbproject_trailhead,difficulty=dblack
mtb-7017544,mtbproject,https://www.mtbproject.com/trail/7017544/lake-davis-trail,Lake Davis Trail,39.8721,-120.4988,point_trailhead,39.8721,-120.4988,,,,6.4,4.0,mtbproject_avg,,1,green,,"Portola, California",California,United States,,,,mtbproject_trailhead,difficulty=green
mtb-7017742,mtbproject,https://www.mtbproject.com/trail/7017742/little-gillam-draw-overlook-trail,Little Gillam Draw Overlook Trail,40.0841,-108.7319,point_trailhead,40.0841,-108.7319,,,,0.8,4.0,mtbproject_avg,,1,blue,,"Rangely, Colorado",Colorado,United States,,,,mtbproject_trailhead,mtbproject type=Connector
mtb-7013714,mtbproject,https://www.mtbproject.com/trail/7013714/pinyon-trail,Pinyon Trail,40.047,-107.9181,point_trailhead,40.047,-107.9181,,,,0.8,4.5,mtbproject_avg,,2,greenBlue,,"Meeker, Colorado",Colorado,United States,,,,mtbproject_trailhead,difficulty=greenBlue
mtb-6530141,mtbproject,https://www.mtbproject.com/trail/6530141/ditchline-trail,Ditchline Trail,39.2236,-106.9199,point_trailhead,39.2236,-106.9199,,,,0.9,4.0,mtbproject_avg,,3,greenBlue,,"Snowmass Village, Colorado",Colorado,United States,,,,mtbproject_trailhead,difficulty=greenBlue
mtb-7031199,mtbproject,https://www.mtbproject.com/trail/7031199/south-fork-loop,South Fork Loop,39.7966,-106.025,point_trailhead,39.7966,-106.025,,,,27.2,5.0,mtbproject_avg,,1,dblack,,"Dillon, Colorado",Colorado,United States,,,,mtbproject_trailhead,difficulty=dblack
mtb-7004480,mtbproject,https://www.mtbproject.com/trail/7004480/strawberry-jam,Strawberry Jam,40.0392,-105.8913,point_trailhead,40.0392,-105.8913,,,,1.5,4.7,mtbproject_avg,,3,greenBlue,,"Granby, Colorado",Colorado,United States,,,,mtbproject_trailhead,difficulty=greenBlue
mtb-46286,mtbproject,https://www.mtbproject.com/trail/46286/betasso-preserve,Betasso Preserve,40.0155,-105.3422,point_trailhead,40.0155,-105.3422,,,,7.4,3.9,mtbproject_avg,,148,greenBlue,,"Boulder, Colorado",Colorado,United States,,,,mtbproject_trailhead,difficulty=greenBlue
mtb-7025613,mtbproject,https://www.mtbproject.com/trail/7025613/ride-like-a-moto,Ride like a Moto,40.1113,-105.3063,point_trailhead,40.1113,-105.3063,,,,10.0,4.1,mtbproject_avg,,13,dblack,,"Niwot, Colorado",Colorado,United States,,,,mtbproject_trailhead,difficulty=dblack
mtb-47098,mtbproject,https://www.mtbproject.com/trail/47098/benjamin-loop,Benjamin Loop,40.0288,-105.3436,point_trailhead,40.0288,-105.3436,,,,2.3,4.3,mtbproject_avg,,24,greenBlue,,"Boulder, Colorado",Colorado,United States,,,,mtbproject_trailhead,difficulty=greenBlue
mtb-6295657,mtbproject,https://www.mtbproject.com/trail/6295657/south-saint-vrain-trail-909,South Saint Vrain Trail (#909),40.082,-105.5788,point_trailhead,40.082,-105.5788,,,,6.0,4.7,mtbproject_avg,,10,dblack,,"Nederland, Colorado",Colorado,United States,,,,mtbproject_trailhead,difficulty=dblack
mtb-7029518,mtbproject,https://www.mtbproject.com/trail/7029518/todd-gulch,Todd Gulch,40.0542,-105.4556,point_trailhead,40.0542,-105.4556,,,,1.4,5.0,mtbproject_avg,,1,dblack,,"Nederland, Colorado",Colorado,United States,,,,mtbproject_trailhead,difficulty=dblack
mtb-6485776,mtbproject,https://www.mtbproject.com/trail/6485776/post-work-sunset-ride,Post Work Sunset Ride,40.0293,-105.0394,point_trailhead,40.0293,-105.0394,,,,6.7,3.8,mtbproject_avg,,17,greenBlue,,"Erie, Colorado",Colorado,United States,,,,mtbproject_trailhead,difficulty=greenBlue
mtb-7001498,mtbproject,https://www.mtbproject.com/trail/7001498/the-glades-outer-loop,The Glades - Outer Loop,40.0308,-105.231,point_trailhead,40.0308,-105.231,,,,0.6,5.0,mtbproject_avg,,2,greenBlue,,"Boulder, Colorado",Colorado,United States,,,,mtbproject_trailhead,difficulty=greenBlue
mtb-5802110,mtbproject,https://www.mtbproject.com/trail/5802110/cruel-and-unusual,Cruel and Unusual,39.8744,-105.7824,point_trailhead,39.8744,-105.7824,,,,0.5,4.7,mtbproject_avg,,3,dblack,,"Winter Park, Colorado",Colorado,United States,,,,mtbproject_trailhead,difficulty=dblack
mtb-6318903,mtbproject,https://www.mtbproject.com/trail/6318903/sherwood-gulch,Sherwood Gulch,39.9746,-105.5388,point_trailhead,39.9746,-105.5388,,,,1.3,4.3,mtbproject_avg,,7,greenBlue,,"Nederland, Colorado",Colorado,United States,,,,mtbproject_trailhead,difficulty=greenBlue
mtb-7031285,mtbproject,https://www.mtbproject.com/trail/7031285/south-fork-trail-21,South Fork Trail #21,39.7959,-106.0239,point_trailhead,39.7959,-106.0239,,,,25.8,4.5,mtbproject_avg,,2,dblack,,"Dillon, Colorado",Colorado,United States,,,,mtbproject_trailhead,difficulty=dblack
mtb-7029897,mtbproject,https://www.mtbproject.com/trail/7029897/overland-loop,Overland Loop,40.1359,-105.2981,point_trailhead,40.1359,-105.2981,,,,2.4,3.8,mtbproject_avg,,12,greenBlue,,"Lyons, Colorado",Colorado,United States,,,,mtbproject_trailhead,difficulty=greenBlue
mtb-7017988,mtbproject,https://www.mtbproject.com/trail/7017988/natures-way,Nature's Way,40.0441,-105.906,point_trailhead,40.0441,-105.906,,,,3.1,4.3,mtbproject_avg,,3,greenBlue,,"Granby, Colorado",Colorado,United States,,,,mtbproject_trailhead,difficulty=greenBlue
mtb-5802372,mtbproject,https://www.mtbproject.com/trail/5802372/beall-ucanbe,BEALL UCANBE,39.8892,-105.7674,point_trailhead,39.8892,-105.7674,,,,0.3,4.3,mtbproject_avg,,3,dblack,,"Winter Park, Colorado",Colorado,United States,,,,mtbproject_trailhead,difficulty=dblack
mtb-5756017,mtbproject,https://www.mtbproject.com/trail/5756017/trestle-downhill,Trestle Downhill,39.8753,-105.7759,point_trailhead,39.8753,-105.7759,,,,1.4,4.2,mtbproject_avg,,5,dblack,,"Winter Park, Colorado",Colorado,United States,,,,mtbproject_trailhead,difficulty=dblack
mtb-64867,mtbproject,https://www.mtbproject.com/trail/64867/fourmile-link,Fourmile Link,40.0385,-105.3508,point_trailhead,40.0385,-105.3508,,,,0.8,3.8,mtbproject_avg,,13,greenBlue,,"Boulder, Colorado",Colorado,United States,,,,mtbproject_trailhead,difficulty=greenBlue
mtb-32770,mtbproject,https://www.mtbproject.com/trail/32770/mayhem-gulch-trail,Mayhem Gulch Trail,39.7372,-105.371,point_trailhead,39.7372,-105.371,,,,2.5,4.0,mtbproject_avg,,6,greenBlue,,"Idaho Springs, Colorado",Colorado,United States,,,,mtbproject_trailhead,difficulty=greenBlue
mtb-358974,mtbproject,https://www.mtbproject.com/trail/358974/rim-rock,Rim Rock,39.7854,-105.2092,point_trailhead,39.7854,-105.2092,,,,1.7,3.9,mtbproject_avg,,8,green,,"Golden, Colorado",Colorado,United States,,,,mtbproject_trailhead,difficulty=green
mtb-5758870,mtbproject,https://www.mtbproject.com/trail/5758870/green-world,Green World,39.8744,-105.7751,point_trailhead,39.8744,-105.7751,,,,4.9,3.9,mtbproject_avg,,8,green,,"Winter Park, Colorado",Colorado,United States,,,,mtbproject_trailhead,difficulty=green
mtb-6563819,mtbproject,https://www.mtbproject.com/trail/6563819/fraser-river-trail,Fraser River Trail,39.9439,-105.8123,point_trailhead,39.9439,-105.8123,,,,4.9,4.0,mtbproject_avg,,3,green,,"Fraser, Colorado",Colorado,United States,,,,mtbproject_trailhead,difficulty=green
mtb-6123717,mtbproject,https://www.mtbproject.com/trail/6123717/upper-yankee-doodle,Upper Yankee Doodle,39.9184,-105.7658,point_trailhead,39.9184,-105.7658,,,,0.9,4.0,mtbproject_avg,,3,greenBlue,,"Winter Park, Colorado",Colorado,United States,,,,mtbproject_trailhead,difficulty=greenBlue
mtb-6123629,mtbproject,https://www.mtbproject.com/trail/6123629/south-fork-loop,South Fork Loop,39.9324,-105.7716,point_trailhead,39.9324,-105.7716,,,,2.8,3.8,mtbproject_avg,,6,greenBlue,,"Fraser, Colorado",Colorado,United States,,,,mtbproject_trailhead,difficulty=greenBlue
mtb-7005493,mtbproject,https://www.mtbproject.com/trail/7005493/cougar,Cougar,40.039,-105.892,point_trailhead,40.039,-105.892,,,,1.0,4.0,mtbproject_avg,,2,dblack,,"Granby, Colorado",Colorado,United States,,,,mtbproject_trailhead,difficulty=dblack
mtb-6123701,mtbproject,https://www.mtbproject.com/trail/6123701/idlewild-trail,Idlewild Trail,39.9364,-105.7698,point_trailhead,39.9364,-105.7698,,,,0.5,4.0,mtbproject_avg,,1,greenBlue,,"Fraser, Colorado",Colorado,United States,,,,mtbproject_trailhead,difficulty=greenBlue
mtb-7001497,mtbproject,https://www.mtbproject.com/trail/7001497/hotlap,Hotlap,40.0296,-105.2339,point_trailhead,40.0296,-105.2339,,,,0.4,4.0,mtbproject_avg,,1,green,,"Boulder, Colorado",Colorado,United States,,,,mtbproject_trailhead,difficulty=green
mtb-7019647,mtbproject,https://www.mtbproject.com/trail/7019647/chief-standing-bear-trail,Chief Standing Bear Trail,40.261,-96.7476,point_trailhead,40.261,-96.7476,,,,23.8,4.5,mtbproject_avg,,2,green,,"Beatrice, Nebraska",Nebraska,United States,,,,mtbproject_trailhead,difficulty=green
mtb-7009009,mtbproject,https://www.mtbproject.com/trail/7009009/the-river-trail-system,The River Trail System,39.8021,-94.8699,point_trailhead,39.8021,-94.8699,,,,4.2,5.0,mtbproject_avg,,3,green,,"Saint Joseph, Missouri",Missouri,United States,,,,mtbproject_trailhead,difficulty=green
mtb-7006152,mtbproject,https://www.mtbproject.com/trail/7006152/the-corby-combo,The Corby Combo,39.783,-94.8303,point_trailhead,39.783,-94.8303,,,,5.0,4.3,mtbproject_avg,,4,greenBlue,,"Saint Joseph, Missouri",Missouri,United States,,,,mtbproject_trailhead,difficulty=greenBlue
mtb-7008751,mtbproject,https://www.mtbproject.com/trail/7008751/sunbridge-hills-conservation-area,Sunbridge Hills Conservation Area,39.8094,-94.8678,point_trailhead,39.8094,-94.8678,,,,3.1,5.0,mtbproject_avg,,4,green,,"Saint Joseph, Missouri",Missouri,United States,,,,mtbproject_trailhead,difficulty=green
mtb-7002469,mtbproject,https://www.mtbproject.com/trail/7002469/girl-scout-trail,Girl Scout Trail,39.797,-94.8401,point_trailhead,39.797,-94.8401,,,,3.9,4.5,mtbproject_avg,,8,greenBlue,,"Saint Joseph, Missouri",Missouri,United States,,,,mtbproject_trailhead,difficulty=greenBlue
mtb-7006138,mtbproject,https://www.mtbproject.com/trail/7006138/corby-south,Corby South,39.783,-94.8303,point_trailhead,39.783,-94.8303,,,,2.6,4.5,mtbproject_avg,,2,greenBlue,,"Saint Joseph, Missouri",Missouri,United States,,,,mtbproject_trailhead,difficulty=greenBlue
mtb-7006139,mtbproject,https://www.mtbproject.com/trail/7006139/corby-north,Corby North,39.7825,-94.8286,point_trailhead,39.7825,-94.8286,,,,2.1,4.0,mtbproject_avg,,2,green,,"Saint Joseph, Missouri",Missouri,United States,,,,mtbproject_trailhead,difficulty=green
mtb-7008773,mtbproject,https://www.mtbproject.com/trail/7008773/the-comeback-trail,The Comeback Trail,39.7816,-94.8712,point_trailhead,39.7816,-94.8712,,,,2.2,4.0,mtbproject_avg,,1,green,,"Saint Joseph, Missouri",Missouri,United States,,,,mtbproject_trailhead,difficulty=green
mtb-7008997,mtbproject,https://www.mtbproject.com/trail/7008997/upper-river-bluffs,Upper River Bluffs,39.8014,-94.8724,point_trailhead,39.8014,-94.8724,,,,0.7,4.0,mtbproject_avg,,1,green,,"Saint Joseph, Missouri",Missouri,United States,,,,mtbproject_trailhead,difficulty=green
mtb-7009000,mtbproject,https://www.mtbproject.com/trail/7009000/lower-river-bluffs,Lower River Bluffs,39.7945,-94.8713,point_trailhead,39.7945,-94.8713,,,,1.0,4.0,mtbproject_avg,,1,green,,"Saint Joseph, Missouri",Missouri,United States,,,,mtbproject_trailhead,difficulty=green
mtb-7035131,mtbproject,https://www.mtbproject.com/trail/7035131/logans-run,Logan's Run,39.8137,-94.867,point_trailhead,39.8137,-94.867,,,,0.8,4.0,mtbproject_avg,,1,green,,"Country Club Village, Missouri",Missouri,United States,,,,mtbproject_trailhead,difficulty=green
mtb-7024087,mtbproject,https://www.mtbproject.com/trail/7024087/jacksonville-illinois-trails,Jacksonville Illinois Trails,39.7116,-90.1916,point_trailhead,39.7116,-90.1916,,,,3.5,4.5,mtbproject_avg,,2,greenBlue,,"South Jacksonville, Illinois",Illinois,United States,,,,mtbproject_trailhead,difficulty=greenBlue
mtb-7024275,mtbproject,https://www.mtbproject.com/trail/7024275/trail-2,Trail 2,39.7112,-90.1917,point_trailhead,39.7112,-90.1917,,,,0.9,4.0,mtbproject_avg,,1,green,,"South Jacksonville, Illinois",Illinois,United States,,,,mtbproject_trailhead,difficulty=green
mtb-7024413,mtbproject,https://www.mtbproject.com/trail/7024413/trail-4,Trail 4,39.7115,-90.1916,point_trailhead,39.7115,-90.1916,,,,0.7,4.0,mtbproject_avg,,1,greenBlue,,"South Jacksonville, Illinois",Illinois,United States,,,,mtbproject_trailhead,difficulty=greenBlue
mtb-4996780,mtbproject,https://www.mtbproject.com/trail/4996780/heaven-hell-bailout,Heaven & Hell Bailout,40.1678,-87.7362,point_trailhead,40.1678,-87.7362,,,,0.1,4.0,mtbproject_avg,,1,blueBlack,,"Oakwood, Illinois",Illinois,United States,,,,mtbproject_trailhead,mtbproject type=Connector
mtb-1368043,mtbproject,https://www.mtbproject.com/trail/1368043/town-run-trail,Town Run Trail,39.9258,-86.0764,point_trailhead,39.9258,-86.0764,,,,6.6,4.0,mtbproject_avg,,48,greenBlue,,"Fishers, Indiana",Indiana,United States,,,,mtbproject_trailhead,difficulty=greenBlue
mtb-7025223,mtbproject,https://www.mtbproject.com/trail/7025223/central-canal-towpath,Central Canal Towpath,39.8715,-86.1419,point_trailhead,39.8715,-86.1419,,,,5.5,5.0,mtbproject_avg,,1,green,,"Broad Ripple, Indiana",Indiana,United States,,,,mtbproject_trailhead,difficulty=green
mtb-7029819,mtbproject,https://www.mtbproject.com/trail/7029819/berm-coaster,Berm Coaster,39.9334,-85.8726,point_trailhead,39.9334,-85.8726,,,,0.2,4.0,mtbproject_avg,,1,green,,"Fortville, Indiana",Indiana,United States,,,,mtbproject_trailhead,difficulty=green
mtb-7029833,mtbproject,https://www.mtbproject.com/trail/7029833/right-to-the-skinnies,Right to the Skinnies,39.9329,-85.8727,point_trailhead,39.9329,-85.8727,,,,0.2,4.0,mtbproject_avg,,1,greenBlue,,"Fortville, Indiana",Indiana,United States,,,,mtbproject_trailhead,difficulty=greenBlue
mtb-7029825,mtbproject,https://www.mtbproject.com/trail/7029825/hill-side-hell,Hill Side Hell,39.9347,-85.8725,point_trailhead,39.9347,-85.8725,,,,0.4,4.0,mtbproject_avg,,1,green,,"Fortville, Indiana",Indiana,United States,,,,mtbproject_trailhead,difficulty=green
mtb-5707848,mtbproject,https://www.mtbproject.com/trail/5707848/novicemain-loop,Novice/Main Loop,40.0999,-85.6342,point_trailhead,40.0999,-85.6342,,,,2.1,4.7,mtbproject_avg,,10,greenBlue,,"Anderson, Indiana",Indiana,United States,,,,mtbproject_trailhead,difficulty=greenBlue
mtb-7007647,mtbproject,https://www.mtbproject.com/trail/7007647/prarie-creek-multi-use-trail,Prarie Creek Multi-Use Trail,40.1031,-85.2874,point_trailhead,40.1031,-85.2874,,,,1.2,4.0,mtbproject_avg,,1,green,,"Parker City, Indiana",Indiana,United States,,,,mtbproject_trailhead,difficulty=green
mtb-7008497,mtbproject,https://www.mtbproject.com/trail/7008497/yellow-trail,Yellow Trail,39.8374,-84.8415,point_trailhead,39.8374,-84.8415,,,,1.6,3.8,mtbproject_avg,,5,greenBlue,,"Richmond, Indiana",Indiana,United States,,,,mtbproject_trailhead,difficulty=greenBlue
mtb-7031080,mtbproject,https://www.mtbproject.com/trail/7031080/troy-mountain-bike-area,Troy Mountain Bike Area,40.0536,-84.2086,point_trailhead,40.0536,-84.2086,,,,14.4,5.0,mtbproject_avg,,2,greenBlue,,"Troy, Ohio",Ohio,United States,,,,mtbproject_trailhead,difficulty=greenBlue
mtb-7031074,mtbproject,https://www.mtbproject.com/trail/7031074/dukerobinson-trail,Duke/Robinson Trail,40.0598,-84.2111,point_trailhead,40.0598,-84.2111,,,,5.4,5.0,mtbproject_avg,,1,green,,"Troy, Ohio",Ohio,United States,,,,mtbproject_trailhead,difficulty=green
mtb-7031071,mtbproject,https://www.mtbproject.com/trail/7031071/barn-trail,Barn Trail,40.0609,-84.2105,point_trailhead,40.0609,-84.2105,,,,0.6,5.0,mtbproject_avg,,1,green,,"Troy, Ohio",Ohio,United States,,,,mtbproject_trailhead,difficulty=green
mtb-7031076,mtbproject,https://www.mtbproject.com/trail/7031076/rivers-edge,River's Edge,40.0631,-84.2128,point_trailhead,40.0631,-84.2128,,,,2.4,5.0,mtbproject_avg,,1,green,,"Troy, Ohio",Ohio,United States,,,,mtbproject_trailhead,difficulty=green
mtb-7031072,mtbproject,https://www.mtbproject.com/trail/7031072/big-walnut,Big Walnut,40.0629,-84.2129,point_trailhead,40.0629,-84.2129,,,,2.5,5.0,mtbproject_avg,,1,green,,"Troy, Ohio",Ohio,United States,,,,mtbproject_trailhead,difficulty=green
mtb-7031079,mtbproject,https://www.mtbproject.com/trail/7031079/adventure-loop,Adventure Loop,40.0615,-84.2117,point_trailhead,40.0615,-84.2117,,,,1.5,5.0,mtbproject_avg,,1,green,,"Troy, Ohio",Ohio,United States,,,,mtbproject_trailhead,difficulty=green
mtb-7031078,mtbproject,https://www.mtbproject.com/trail/7031078/swampy-ridge,Swampy Ridge,40.0632,-84.2107,point_trailhead,40.0632,-84.2107,,,,0.7,5.0,mtbproject_avg,,1,greenBlue,,"Troy, Ohio",Ohio,United States,,,,mtbproject_trailhead,difficulty=greenBlue
mtb-7031077,mtbproject,https://www.mtbproject.com/trail/7031077/skills-trail,Skills Trail,40.0536,-84.2086,point_trailhead,40.0536,-84.2086,,,,0.5,5.0,mtbproject_avg,,1,green,,"Troy, Ohio",Ohio,United States,,,,mtbproject_trailhead,difficulty=green
mtb-7031075,mtbproject,https://www.mtbproject.com/trail/7031075/foundation-trail,Foundation Trail,40.0607,-84.2118,point_trailhead,40.0607,-84.2118,,,,0.8,5.0,mtbproject_avg,,1,green,,"Troy, Ohio",Ohio,United States,,,,mtbproject_trailhead,difficulty=green
mtb-5521052,mtbproject,https://www.mtbproject.com/trail/5521052/creekside,Creekside,39.8141,-84.0945,point_trailhead,39.8141,-84.0945,,,,2.0,4.2,mtbproject_avg,,6,greenBlue,,"Wright-Patterson AFB, Ohio",Ohio,United States,,,,mtbproject_trailhead,difficulty=greenBlue
mtb-4787648,mtbproject,https://www.mtbproject.com/trail/4787648/great-scott,Great Scott,39.7944,-83.8607,point_trailhead,39.7944,-83.8607,,,,6.5,3.9,mtbproject_avg,,7,greenBlue,,"Yellow Springs, Ohio",Ohio,United States,,,,mtbproject_trailhead,difficulty=greenBlue
mtb-5519728,mtbproject,https://www.mtbproject.com/trail/5519728/voodoo,Voodoo,39.8113,-84.0922,point_trailhead,39.8113,-84.0922,,,,0.5,3.9,mtbproject_avg,,7,greenBlue,,"Wright-Patterson AFB, Ohio",Ohio,United States,,,,mtbproject_trailhead,difficulty=greenBlue
mtb-7004518,mtbproject,https://www.mtbproject.com/trail/7004518/gators-bike-park-for-youth-and-families,Gators Bike Park for Youth and Families,40.1189,-83.0538,point_trailhead,40.1189,-83.0538,,,,0.1,5.0,mtbproject_avg,,1,green,,"Worthington, Ohio",Ohio,United States,,,,mtbproject_trailhead,difficulty=green
mtb-7015281,mtbproject,https://www.mtbproject.com/trail/7015281/hope-furnace-trail,Hope Furnace Trail,39.3245,-82.3552,point_trailhead,39.3245,-82.3552,,,,2.3,3.8,mtbproject_avg,,4,greenBlue,,"McArthur, Ohio",Ohio,United States,,,,mtbproject_trailhead,difficulty=greenBlue
mtb-7014020,mtbproject,https://www.mtbproject.com/trail/7014020/habron-hollow-trail,Habron Hollow Trail,39.3317,-82.3404,point_trailhead,39.3317,-82.3404,,,,1.4,3.8,mtbproject_avg,,4,greenBlue,,"Athens, Ohio",Ohio,United States,,,,mtbproject_trailhead,difficulty=greenBlue
mtb-7010561,mtbproject,https://www.mtbproject.com/trail/7010561/enduro-1-top-course,Enduro 1 Top Course,39.8788,-81.7354,point_trailhead,39.8788,-81.7354,,,,0.2,5.0,mtbproject_avg,,2,dblack,,"New Concord, Ohio",Ohio,United States,,,,mtbproject_trailhead,difficulty=dblack
mtb-7029241,mtbproject,https://www.mtbproject.com/trail/7029241/laurel-loop,Laurel Loop,38.3664,-81.8126,point_trailhead,38.3664,-81.8126,,,,0.7,4.0,mtbproject_avg,,1,greenBlue,,"Saint Albans, West Virginia",West Virginia,United States,,,,mtbproject_trailhead,difficulty=greenBlue
mtb-7031888,mtbproject,https://www.mtbproject.com/trail/7031888/que-trail,Que Trail,40.1805,-78.9609,point_trailhead,40.1805,-78.9609,,,,14.3,4.0,mtbproject_avg,,2,greenBlue,,"Jerome, Pennsylvania",Pennsylvania,United States,,,,mtbproject_trailhead,difficulty=greenBlue
mtb-7014969,mtbproject,https://www.mtbproject.com/trail/7014969/blue-trail,Blue Trail,39.705,-75.7411,point_trailhead,39.705,-75.7411,,,,0.6,5.0,mtbproject_avg,,1,greenBlue,,"Newark, Delaware",Delaware,United States,,,,mtbproject_trailhead,difficulty=greenBlue
mtb-5731499,mtbproject,https://www.mtbproject.com/trail/5731499/double-horseshoe,Double Horseshoe,39.7138,-75.7288,point_trailhead,39.7138,-75.7288,,,,1.5,4.5,mtbproject_avg,,2,greenBlue,,"Pike Creek, Delaware",Delaware,United States,,,,mtbproject_trailhead,difficulty=greenBlue
mtb-5244507,mtbproject,https://www.mtbproject.com/trail/5244507/chestnut-hill,Chestnut Hill,39.7058,-75.7094,point_trailhead,39.7058,-75.7094,,,,3.2,4.3,mtbproject_avg,,3,greenBlue,,"Pike Creek, Delaware",Delaware,United States,,,,mtbproject_trailhead,difficulty=greenBlue
mtb-5306470,mtbproject,https://www.mtbproject.com/trail/5306470/whitely-farms,Whitely Farms,39.7308,-75.7493,point_trailhead,39.7308,-75.7493,,,,3.7,4.2,mtbproject_avg,,5,greenBlue,,"Pike Creek, Delaware",Delaware,United States,,,,mtbproject_trailhead,difficulty=greenBlue
mtb-7011051,mtbproject,https://www.mtbproject.com/trail/7011051/perkiomen-trail,Perkiomen Trail,40.1197,-75.4549,point_trailhead,40.1197,-75.4549,,,,20.7,4.0,mtbproject_avg,,4,green,,"Audubon, Pennsylvania",Pennsylvania,United States,,,,mtbproject_trailhead,difficulty=green
mtb-7025264,mtbproject,https://www.mtbproject.com/trail/7025264/brandywine-trail,Brandywine Trail,39.8315,-75.5735,point_trailhead,39.8315,-75.5735,,,,2.7,4.0,mtbproject_avg,,2,greenBlue,,"Greenville, Delaware",Delaware,United States,,,,mtbproject_trailhead,difficulty=greenBlue
mtb-7009975,mtbproject,https://www.mtbproject.com/trail/7009975/crossbow-trail,Crossbow Trail,39.9834,-75.2267,point_trailhead,39.9834,-75.2267,,,,1.1,5.0,mtbproject_avg,,2,greenBlue,,"Bala-Cynwyd, Pennsylvania",Pennsylvania,United States,,,,mtbproject_trailhead,difficulty=greenBlue
mtb-5750864,mtbproject,https://www.mtbproject.com/trail/5750864/camden-county-college-trails,Camden County College Trails,39.7778,-75.0372,point_trailhead,39.7778,-75.0372,,,,4.8,4.0,mtbproject_avg,,7,greenBlue,,"Turnersville, New Jersey",New Jersey,United States,,,,mtbproject_trailhead,difficulty=greenBlue
mtb-7017857,mtbproject,https://www.mtbproject.com/trail/7017857/three-pine-trail,Three Pine Trail,39.9941,-77.4202,point_trailhead,39.9941,-77.4202,,,,1.4,4.0,mtbproject_avg,,2,greenBlue,,"Shippensburg, Pennsylvania",Pennsylvania,United States,,,,mtbproject_trailhead,difficulty=greenBlue
mtb-5306581,mtbproject,https://www.mtbproject.com/trail/5306581/bryans-field,Bryan's Field,39.7276,-75.7345,point_trailhead,39.7276,-75.7345,,,,2.0,4.0,mtbproject_avg,,2,greenBlue,,"Pike Creek, Delaware",Delaware,United States,,,,mtbproject_trailhead,difficulty=greenBlue
mtb-5731540,mtbproject,https://www.mtbproject.com/trail/5731540/possum-hollow,Possum Hollow,39.7079,-75.7214,point_trailhead,39.7079,-75.7214,,,,1.3,4.0,mtbproject_avg,,2,greenBlue,,"Pike Creek, Delaware",Delaware,United States,,,,mtbproject_trailhead,difficulty=greenBlue
mtb-7025241,mtbproject,https://www.mtbproject.com/trail/7025241/creekside-trail-north,Creekside Trail - North,39.8273,-75.5739,point_trailhead,39.8273,-75.5739,,,,0.8,4.0,mtbproject_avg,,2,greenBlue,,"Greenville, Delaware",Delaware,United States,,,,mtbproject_trailhead,difficulty=greenBlue
mtb-7017841,mtbproject,https://www.mtbproject.com/trail/7017841/cumberland-valley-rail-trail,Cumberland Valley Rail Trail,40.1661,-77.4017,point_trailhead,40.1661,-77.4017,,,,10.8,4.0,mtbproject_avg,,2,greenBlue,,"Newville, Pennsylvania",Pennsylvania,United States,,,,mtbproject_trailhead,difficulty=greenBlue
mtb-4453872,mtbproject,https://www.mtbproject.com/trail/4453872/lippos-loop,Lippo's Loop,40.1518,-79.1608,point_trailhead,40.1518,-79.1608,,,,0.8,4.0,mtbproject_avg,,2,green,,"Waterford, Pennsylvania",Pennsylvania,United States,,,,mtbproject_trailhead,difficulty=green
mtb-4956466,mtbproject,https://www.mtbproject.com/trail/4956466/picnic-area-trail,Picnic Area Trail,40.1192,-79.1753,point_trailhead,40.1192,-79.1753,,,,0.6,4.0,mtbproject_avg,,2,green,,"Waterford, Pennsylvania",Pennsylvania,United States,,,,mtbproject_trailhead,difficulty=green
mtb-7021259,mtbproject,https://www.mtbproject.com/trail/7021259/pennypack-trail-montgomery-county,Pennypack Trail - Montgomery County,40.1567,-75.0734,point_trailhead,40.1567,-75.0734,,,,5.5,4.0,mtbproject_avg,,1,greenBlue,,"Bryn Athyn, Pennsylvania",Pennsylvania,United States,,,,mtbproject_trailhead,difficulty=greenBlue
mtb-7018033,mtbproject,https://www.mtbproject.com/trail/7018033/paper-mill-park-connector-trail,Paper Mill Park Connector Trail,39.736,-75.7258,point_trailhead,39.736,-75.7258,,,,1.1,4.0,mtbproject_avg,,1,greenBlue,,"Pike Creek Valley, Delaware",Delaware,United States,,,,mtbproject_trailhead,difficulty=greenBlue
mtb-7027367,mtbproject,https://www.mtbproject.com/trail/7027367/big-hill-trail,Big Hill Trail,40.0281,-77.3526,point_trailhead,40.0281,-77.3526,,,,0.5,4.0,mtbproject_avg,,1,dblack,,"Shippensburg, Pennsylvania",Pennsylvania,United States,,,,mtbproject_trailhead,difficulty=dblack
mtb-7027487,mtbproject,https://www.mtbproject.com/trail/7027487/cross-country-ski-trail,Cross Country Ski Trail,39.8877,-77.4698,point_trailhead,39.8877,-77.4698,,,,4.4,4.0,mtbproject_avg,,1,greenBlue,,", Pennsylvania",Pennsylvania,United States,,,,mtbproject_trailhead,difficulty=greenBlue
mtb-7032615,mtbproject,https://www.mtbproject.com/trail/7032615/trail-1,Trail #1,39.7866,-76.9325,point_trailhead,39.7866,-76.9325,,,,1.2,4.0,mtbproject_avg,,1,greenBlue,,"Parkville, Pennsylvania",Pennsylvania,United States,,,,mtbproject_trailhead,difficulty=greenBlue
mtb-7020585,mtbproject,https://www.mtbproject.com/trail/7020585/springlawn-trail,Springlawn Trail,39.7351,-75.8754,point_trailhead,39.7351,-75.8754,,,,2.2,4.0,mtbproject_avg,,1,green,,"West Grove, Pennsylvania",Pennsylvania,United States,,,,mtbproject_trailhead,difficulty=green
mtb-7027469,mtbproject,https://www.mtbproject.com/trail/7027469/biker-hiker-trail,Biker Hiker Trail,40.0488,-77.2518,point_trailhead,40.0488,-77.2518,,,,2.8,4.0,mtbproject_avg,,1,green,,"Mount Holly Springs, Pennsylvania",Pennsylvania,United States,,,,mtbproject_trailhead,difficulty=green
mtb-7032726,mtbproject,https://www.mtbproject.com/trail/7032726/trail-2,Trail #2,39.7852,-76.9328,point_trailhead,39.7852,-76.9328,,,,0.3,4.0,mtbproject_avg,,1,greenBlue,,"Parkville, Pennsylvania",Pennsylvania,United States,,,,mtbproject_trailhead,difficulty=greenBlue
mtb-7014967,mtbproject,https://www.mtbproject.com/trail/7014967/yellow-loop,Yellow Loop,39.6994,-75.7437,point_trailhead,39.6994,-75.7437,,,,0.8,4.0,mtbproject_avg,,1,greenBlue,,"Newark, Delaware",Delaware,United States,,,,mtbproject_trailhead,difficulty=greenBlue
mtb-4157634,mtbproject,https://www.mtbproject.com/trail/4157634/5a-omt,5A - O.M.T.,40.0065,-76.6626,point_trailhead,40.0065,-76.6626,,,,0.6,4.0,mtbproject_avg,,1,green,,"Yorklyn, Pennsylvania",Pennsylvania,United States,,,,mtbproject_trailhead,difficulty=green
mtb-7022284,mtbproject,https://www.mtbproject.com/trail/7022284/clear-creek-canal-trail,Clear Creek Canal Trail,40.5741,-122.5249,point_trailhead,40.5741,-122.5249,,,,5.2,4.3,mtbproject_avg,,3,greenBlue,,"Shasta, California",California,United States,,,,mtbproject_trailhead,difficulty=greenBlue
mtb-7022436,mtbproject,https://www.mtbproject.com/trail/7022436/fb-trail,FB Trail,40.6017,-122.4429,point_trailhead,40.6017,-122.4429,,,,9.5,4.0,mtbproject_avg,,3,greenBlue,,"Shasta, California",California,United States,,,,mtbproject_trailhead,difficulty=greenBlue
mtb-7003938,mtbproject,https://www.mtbproject.com/trail/7003938/princess-ditch-trail,Princess Ditch Trail,40.5184,-122.5206,point_trailhead,40.5184,-122.5206,,,,7.7,4.0,mtbproject_avg,,2,greenBlue,,"Shasta, California",California,United States,,,,mtbproject_trailhead,difficulty=greenBlue
mtb-7000402,mtbproject,https://www.mtbproject.com/trail/7000402/lake-almanor-recreation-trail,Lake Almanor Recreation Trail,40.2281,-121.2069,point_trailhead,40.2281,-121.2069,,,,9.8,4.0,mtbproject_avg,,1,green,,"Chester, California",California,United States,,,,mtbproject_trailhead,difficulty=green
mtb-7000388,mtbproject,https://www.mtbproject.com/trail/7000388/eagle-lake-south-shore,Eagle Lake South Shore,40.5563,-120.7682,point_trailhead,40.5563,-120.7682,,,,9.2,4.0,mtbproject_avg,,1,green,,"Susanville, California",California,United States,,,,mtbproject_trailhead,difficulty=green
mtb-7025600,mtbproject,https://www.mtbproject.com/trail/7025600/bizz-johnson-national-recreation-trail,Bizz Johnson National Recreation Trail,40.4116,-120.6607,point_trailhead,40.4116,-120.6607,,,,26.9,5.0,mtbproject_avg,,1,green,,"Susanville, California",California,United States,,,,mtbproject_trailhead,difficulty=green
mtb-6478508,mtbproject,https://www.mtbproject.com/trail/6478508/lassen-creek-conservation-area-trail,Lassen Creek Conservation Area Trail,40.3734,-120.6284,point_trailhead,40.3734,-120.6284,,,,1.8,4.0,mtbproject_avg,,1,greenBlue,,"Johnstonville, California",California,United States,,,,mtbproject_trailhead,difficulty=greenBlue
mtb-7000250,mtbproject,https://www.mtbproject.com/trail/7000250/modoc-line-rail-trail-snowstorm-canyon-segment,Modoc Line Rail Trail - Snowstorm Canyon Segment,40.5616,-120.323,point_trailhead,40.5616,-120.323,,,,17.0,4.0,mtbproject_avg,,1,green,,"Johnstonville, California",California,United States,,,,mtbproject_trailhead,difficulty=green
mtb-7000251,mtbproject,https://www.mtbproject.com/trail/7000251/modoc-line-rail-trail-viewland-segment,Modoc Line Rail Trail - Viewland Segment,40.367,-120.2392,point_trailhead,40.367,-120.2392,,,,6.8,4.0,mtbproject_avg,,1,green,,"Johnstonville, California",California,United States,,,,mtbproject_trailhead,difficulty=green
mtb-7025598,mtbproject,https://www.mtbproject.com/trail/7025598/lltt-modoc-line-rail-trail,LLTT Modoc Line Rail Trail,41.2588,-120.5301,point_trailhead,41.2588,-120.5301,,,,84.7,5.0,mtbproject_avg,,1,green,,"Alturas, California",California,United States,,,,mtbproject_trailhead,difficulty=green
mtb-6455702,mtbproject,https://www.mtbproject.com/trail/6455702/stonewall-trail,Stonewall Trail,40.4319,-120.6739,point_trailhead,40.4319,-120.6739,,,,0.8,5.0,mtbproject_avg,,1,greenBlue,,"Susanville, California",California,United States,,,,mtbproject_trailhead,difficulty=greenBlue
mtb-7000416,mtbproject,https://www.mtbproject.com/trail/7000416/skyline-park-and-path,Skyline Park and Path,40.4311,-120.6531,point_trailhead,40.4311,-120.6531,,,,0.9,4.0,mtbproject_avg,,1,green,,"Susanville, California",California,United States,,,,mtbproject_trailhead,difficulty=green
mtb-7000415,mtbproject,https://www.mtbproject.com/trail/7000415/skyline-path,Skyline Path,40.4292,-120.6384,point_trailhead,40.4292,-120.6384,,,,2.1,4.0,mtbproject_avg,,1,green,,"Susanville, California",California,United States,,,,mtbproject_trailhead,difficulty=green
mtb-6458500,mtbproject,https://www.mtbproject.com/trail/6458500/horse-trail,Horse Trail,40.4419,-120.6646,point_trailhead,40.4419,-120.6646,,,,0.5,4.0,mtbproject_avg,,1,greenBlue,,"Susanville, California",California,United States,,,,mtbproject_trailhead,difficulty=greenBlue
mtb-7000761,mtbproject,https://www.mtbproject.com/trail/7000761/coyote-bluff-connector,Coyote Bluff Connector,40.4299,-120.6772,point_trailhead,40.4299,-120.6772,,,,0.1,4.0,mtbproject_avg,,1,greenBlue,,"Susanville, California",California,United States,,,,mtbproject_trailhead,difficulty=greenBlue
mtb-7004387,mtbproject,https://www.mtbproject.com/trail/7004387/hidden-hollow,Hidden Hollow,40.3539,-111.9921,point_trailhead,40.3539,-111.9921,,,,10.1,4.5,mtbproject_avg,,2,greenBlue,,"Eagle Mountain, Utah",Utah,United States,,,,mtbproject_trailhead,difficulty=greenBlue
mtb-7025334,mtbproject,https://www.mtbproject.com/trail/7025334/bonneville-shoreline-trail-corner-canyon-connector-c3,Bonneville Shoreline Trail: Corner Canyon Connector (C3),40.5399,-111.8125,point_trailhead,40.5399,-111.8125,,,,3.1,5.0,mtbproject_avg,,1,greenBlue,,"Granite, Utah",Utah,United States,,,,mtbproject_trailhead,difficulty=greenBlue
mtb-7031911,mtbproject,https://www.mtbproject.com/trail/7031911/eagle-crest-trail,Eagle Crest Trail,40.4758,-111.8473,point_trailhead,40.4758,-111.8473,,,,2.3,4.0,mtbproject_avg,,2,greenBlue,,"Draper, Utah",Utah,United States,,,,mtbproject_trailhead,difficulty=greenBlue
mtb-7031800,mtbproject,https://www.mtbproject.com/trail/7031800/peakview-trail,Peakview Trail,40.4881,-111.8204,point_trailhead,40.4881,-111.8204,,,,2.0,4.0,mtbproject_avg,,1,greenBlue,,"Alpine, Utah",Utah,United States,,,,mtbproject_trailhead,difficulty=greenBlue
mtb-7031914,mtbproject,https://www.mtbproject.com/trail/7031914/woodshollow-trail,Woodshollow Trail,40.47,-111.8283,point_trailhead,40.47,-111.8283,,,,1.7,4.0,mtbproject_avg,,1,greenBlue,,"Alpine, Utah",Utah,United States,,,,mtbproject_trailhead,difficulty=greenBlue
mtb-7016158,mtbproject,https://www.mtbproject.com/trail/7016158/red-potato-hill,Red Potato Hill,40.4891,-111.8527,point_trailhead,40.4891,-111.8527,,,,0.8,4.0,mtbproject_avg,,1,greenBlue,,"Draper, Utah",Utah,United States,,,,mtbproject_trailhead,difficulty=greenBlue
mtb-7034440,mtbproject,https://www.mtbproject.com/trail/7034440/pork-u-pine,Pork-U-Pine,40.4881,-111.8145,point_trailhead,40.4881,-111.8145,,,,0.9,4.0,mtbproject_avg,,1,greenBlue,,"Alpine, Utah",Utah,United States,,,,mtbproject_trailhead,difficulty=greenBlue
mtb-7004922,mtbproject,https://www.mtbproject.com/trail/7004922/potato-hill-trail,Potato Hill Trail,40.4913,-111.8423,point_trailhead,40.4913,-111.8423,,,,0.6,3.8,mtbproject_avg,,4,greenBlue,,"Draper, Utah",Utah,United States,,,,mtbproject_trailhead,difficulty=greenBlue
mtb-7029122,mtbproject,https://www.mtbproject.com/trail/7029122/great-western-wonder-ridge-157-to-park-city,Great Western Wonder: Ridge 157 to Park City,40.4307,-111.614,point_trailhead,40.4307,-111.614,,,,31.7,4.0,mtbproject_avg,,1,dblack,,"Cedar Hills, Utah",Utah,United States,,,,mtbproject_trailhead,difficulty=dblack
mtb-7026177,mtbproject,https://www.mtbproject.com/trail/7026177/mid-way-trail,Mid-Way Trail,40.5723,-111.6614,point_trailhead,40.5723,-111.6614,,,,1.2,4.0,mtbproject_avg,,1,greenBlue,,"Alta, Utah",Utah,United States,,,,mtbproject_trailhead,difficulty=greenBlue
mtb-7002715,mtbproject,https://www.mtbproject.com/trail/7002715/red-mountain-dh-east,Red Mountain DH East,40.5982,-109.5548,point_trailhead,40.5982,-109.5548,,,,4.9,4.0,mtbproject_avg,,1,dblack,,"Maeser, Utah",Utah,United States,,,,mtbproject_trailhead,difficulty=dblack
mtb-7002711,mtbproject,https://www.mtbproject.com/trail/7002711/west-doubletrack,West Doubletrack,40.5936,-109.5531,point_trailhead,40.5936,-109.5531,,,,5.0,5.0,mtbproject_avg,,1,dblack,,"Maeser, Utah",Utah,United States,,,,mtbproject_trailhead,difficulty=dblack
mtb-7003139,mtbproject,https://www.mtbproject.com/trail/7003139/west-upper-trail,West Upper Trail,40.5914,-109.5556,point_trailhead,40.5914,-109.5556,,,,1.1,5.0,mtbproject_avg,,1,dblack,,"Maeser, Utah",Utah,United States,,,,mtbproject_trailhead,difficulty=dblack
mtb-7002714,mtbproject,https://www.mtbproject.com/trail/7002714/red-mountain-dh-east-2,Red Mountain DH-East 2,40.5649,-109.5327,point_trailhead,40.5649,-109.5327,,,,1.2,4.0,mtbproject_avg,,1,dblack,,"Vernal, Utah",Utah,United States,,,,mtbproject_trailhead,difficulty=dblack
mtb-5638024,mtbproject,https://www.mtbproject.com/trail/5638024/spring-creek-trail,Spring Creek Trail,40.4866,-106.8174,point_trailhead,40.4866,-106.8174,,,,10.4,4.3,mtbproject_avg,,31,greenBlue,,"Steamboat Springs, Colorado",Colorado,United States,,,,mtbproject_trailhead,difficulty=greenBlue
mtb-6123807,mtbproject,https://www.mtbproject.com/trail/6123807/morning-gloria,Morning Gloria,40.4718,-106.8407,point_trailhead,40.4718,-106.8407,,,,4.0,4.4,mtbproject_avg,,19,greenBlue,,"Steamboat Springs, Colorado",Colorado,United States,,,,mtbproject_trailhead,difficulty=greenBlue
mtb-5628987,mtbproject,https://www.mtbproject.com/trail/5628987/larrys,Larry's,40.4733,-106.8435,point_trailhead,40.4733,-106.8435,,,,1.1,4.4,mtbproject_avg,,5,greenBlue,,"Steamboat Springs, Colorado",Colorado,United States,,,,mtbproject_trailhead,difficulty=greenBlue
mtb-3906558,mtbproject,https://www.mtbproject.com/trail/3906558/wrangler-gulch,Wrangler Gulch,40.4642,-106.7859,point_trailhead,40.4642,-106.7859,,,,0.7,4.5,mtbproject_avg,,2,greenBlue,,"Steamboat Springs, Colorado",Colorado,United States,,,,mtbproject_trailhead,difficulty=greenBlue
mtb-3362262,mtbproject,https://www.mtbproject.com/trail/3362262/rotary,Rotary,40.4604,-106.9144,point_trailhead,40.4604,-106.9144,,,,3.3,4.1,mtbproject_avg,,8,greenBlue,,"Steamboat Springs, Colorado",Colorado,United States,,,,mtbproject_trailhead,difficulty=greenBlue
mtb-7007778,mtbproject,https://www.mtbproject.com/trail/7007778/wild-rose,Wild Rose,40.4626,-106.8704,point_trailhead,40.4626,-106.8704,,,,1.4,4.3,mtbproject_avg,,3,greenBlue,,"Steamboat Springs, Colorado",Colorado,United States,,,,mtbproject_trailhead,difficulty=greenBlue
mtb-7028649,mtbproject,https://www.mtbproject.com/trail/7028649/flash-of-gold,Flash of Gold,40.5306,-106.7836,point_trailhead,40.5306,-106.7836,,,,11.8,4.4,mtbproject_avg,,14,greenBlue,,"Steamboat Springs, Colorado",Colorado,United States,,,,mtbproject_trailhead,difficulty=greenBlue
mtb-7001531,mtbproject,https://www.mtbproject.com/trail/7001531/raw-hide,Raw Hide,40.4539,-106.7734,point_trailhead,40.4539,-106.7734,,,,2.4,4.6,mtbproject_avg,,5,dblack,,"Steamboat Springs, Colorado",Colorado,United States,,,,mtbproject_trailhead,difficulty=dblack
mtb-45872,mtbproject,https://www.mtbproject.com/trail/45872/bitterbrush-upper-section,Bitterbrush - Upper Section,40.2204,-105.3057,point_trailhead,40.2204,-105.3057,,,,1.4,4.2,mtbproject_avg,,26,greenBlue,,"Lyons, Colorado",Colorado,United States,,,,mtbproject_trailhead,difficulty=greenBlue
mtb-7007119,mtbproject,https://www.mtbproject.com/trail/7007119/eden-valley-spur-trail,Eden Valley Spur Trail,40.475,-105.2329,point_trailhead,40.475,-105.2329,,,,1.3,5.0,mtbproject_avg,,2,green,,"Loveland, Colorado",Colorado,United States,,,,mtbproject_trailhead,difficulty=green
mtb-2985452,mtbproject,https://www.mtbproject.com/trail/2985452/west-valley-trail,West Valley Trail,40.5885,-105.1843,point_trailhead,40.5885,-105.1843,,,,2.5,3.8,mtbproject_avg,,12,green,,"Bellvue, Colorado",Colorado,United States,,,,mtbproject_trailhead,difficulty=green
mtb-3433183,mtbproject,https://www.mtbproject.com/trail/3433183/valley-loop-trail,Valley Loop Trail,40.4805,-105.2242,point_trailhead,40.4805,-105.2242,,,,4.1,3.8,mtbproject_avg,,10,greenBlue,,"Loveland, Colorado",Colorado,United States,,,,mtbproject_trailhead,difficulty=greenBlue
mtb-7004606,mtbproject,https://www.mtbproject.com/trail/7004606/trail-7,Trail #7,40.6424,-89.0451,point_trailhead,40.6424,-89.0451,,,,0.7,4.0,mtbproject_avg,,1,greenBlue,,"Hudson, Illinois",Illinois,United States,,,,mtbproject_trailhead,difficulty=greenBlue
mtb-7017444,mtbproject,https://www.mtbproject.com/trail/7017444/amp-big-loop,Amp Big Loop,40.4778,-86.8807,point_trailhead,40.4778,-86.8807,,,,3.3,4.0,mtbproject_avg,,4,greenBlue,,"Battle Ground, Indiana",Indiana,United States,,,,mtbproject_trailhead,difficulty=greenBlue
mtb-7010911,mtbproject,https://www.mtbproject.com/trail/7010911/walter-taitt-trail,Walter Taitt Trail,39.2412,-81.307,point_trailhead,39.2412,-81.307,,,,1.9,4.0,mtbproject_avg,,1,greenBlue,,"Deerwalk, West Virginia",West Virginia,United States,,,,mtbproject_trailhead,difficulty=greenBlue
mtb-7010890,mtbproject,https://www.mtbproject.com/trail/7010890/four-corners-trail,Four Corners Trail,39.2338,-81.3029,point_trailhead,39.2338,-81.3029,,,,0.5,4.0,mtbproject_avg,,1,green,,"Deerwalk, West Virginia",West Virginia,United States,,,,mtbproject_trailhead,difficulty=green
mtb-7025532,mtbproject,https://www.mtbproject.com/trail/7025532/knowleton-trails,Knowleton Trails,40.4384,-80.3793,point_trailhead,40.4384,-80.3793,,,,9.6,4.0,mtbproject_avg,,2,greenBlue,,"Burgettstown, Pennsylvania",Pennsylvania,United States,,,,mtbproject_trailhead,difficulty=greenBlue
mtb-5439313,mtbproject,https://www.mtbproject.com/trail/5439313/short-n-sweet-trail-510,Short N Sweet Trail (510),40.4386,-80.3788,point_trailhead,40.4386,-80.3788,,,,1.4,4.3,mtbproject_avg,,8,greenBlue,,"Burgettstown, Pennsylvania",Pennsylvania,United States,,,,mtbproject_trailhead,difficulty=greenBlue
mtb-7015017,mtbproject,https://www.mtbproject.com/trail/7015017/panhandle-trail,Panhandle Trail,40.3961,-80.1314,point_trailhead,40.3961,-80.1314,,,,28.8,4.5,mtbproject_avg,,2,green,,"Rennerdale, Pennsylvania",Pennsylvania,United States,,,,mtbproject_trailhead,difficulty=green
mtb-7002113,mtbproject,https://www.mtbproject.com/trail/7002113/pine-race-track,Pine Race Track,40.4447,-80.3839,point_trailhead,40.4447,-80.3839,,,,0.4,4.0,mtbproject_avg,,4,greenBlue,,"Burgettstown, Pennsylvania",Pennsylvania,United States,,,,mtbproject_trailhead,difficulty=greenBlue
mtb-7008414,mtbproject,https://www.mtbproject.com/trail/7008414/lakeside-nature-trail,Lakeside Nature Trail,38.9498,-80.4933,point_trailhead,38.9498,-80.4933,,,,2.7,4.0,mtbproject_avg,,1,green,,"Weston, West Virginia",West Virginia,United States,,,,mtbproject_trailhead,difficulty=green
mtb-6091872,mtbproject,https://www.mtbproject.com/trail/6091872/north-park-beginner-pool-loop,North Park Beginner Pool Loop,40.5879,-79.9902,point_trailhead,40.5879,-79.9902,,,,1.7,4.7,mtbproject_avg,,3,green,,"Allison Park, Pennsylvania",Pennsylvania,United States,,,,mtbproject_trailhead,difficulty=green
mtb-5200470,mtbproject,https://www.mtbproject.com/trail/5200470/settlers-cabin,Settlers Cabin,40.4306,-80.1572,point_trailhead,40.4306,-80.1572,,,,6.2,3.8,mtbproject_avg,,10,greenBlue,,"Rennerdale, Pennsylvania",Pennsylvania,United States,,,,mtbproject_trailhead,difficulty=greenBlue
mtb-6246967,mtbproject,https://www.mtbproject.com/trail/6246967/warm-up-loop,Warm-up Loop,40.3248,-80.0168,point_trailhead,40.3248,-80.0168,,,,2.3,4.3,mtbproject_avg,,4,greenBlue,,"Bethel Park, Pennsylvania",Pennsylvania,United States,,,,mtbproject_trailhead,difficulty=greenBlue
mtb-4701194,mtbproject,https://www.mtbproject.com/trail/4701194/golf-course-trail,Golf Course Trail,40.6032,-80.0223,point_trailhead,40.6032,-80.0223,,,,2.9,3.8,mtbproject_avg,,10,greenBlue,,"Wexford, Pennsylvania",Pennsylvania,United States,,,,mtbproject_trailhead,difficulty=greenBlue
mtb-7002079,mtbproject,https://www.mtbproject.com/trail/7002079/highlands-trail,Highlands Trail,40.4873,-80.1573,point_trailhead,40.4873,-80.1573,,,,0.8,4.0,mtbproject_avg,,4,greenBlue,,"Coraopolis, Pennsylvania",Pennsylvania,United States,,,,mtbproject_trailhead,difficulty=greenBlue
mtb-7019760,mtbproject,https://www.mtbproject.com/trail/7019760/hays-woods-trail,Hays Woods Trail,40.3982,-79.9632,point_trailhead,40.3982,-79.9632,,,,1.5,4.0,mtbproject_avg,,1,greenBlue,,"Mount Oliver, Pennsylvania",Pennsylvania,United States,,,,mtbproject_trailhead,difficulty=greenBlue
mtb-7015296,mtbproject,https://www.mtbproject.com/trail/7015296/rainbow-gardens-trail,Rainbow Gardens Trail,40.3399,-79.7975,point_trailhead,40.3399,-79.7975,,,,1.4,4.0,mtbproject_avg,,2,greenBlue,,"White Oak, Pennsylvania",Pennsylvania,United States,,,,mtbproject_trailhead,difficulty=greenBlue
mtb-7007587,mtbproject,https://www.mtbproject.com/trail/7007587/stewarts-trail,Stewart's Trail,40.344,-79.7859,point_trailhead,40.344,-79.7859,,,,0.6,4.0,mtbproject_avg,,2,green,,"White Oak, Pennsylvania",Pennsylvania,United States,,,,mtbproject_trailhead,difficulty=green
mtb-7007584,mtbproject,https://www.mtbproject.com/trail/7007584/jack-rabbit,Jack Rabbit,40.3462,-79.7814,point_trailhead,40.3462,-79.7814,,,,1.0,4.0,mtbproject_avg,,2,greenBlue,,"White Oak, Pennsylvania",Pennsylvania,United States,,,,mtbproject_trailhead,difficulty=greenBlue
mtb-7001079,mtbproject,https://www.mtbproject.com/trail/7001079/silver-beaver-loop,Silver Beaver Loop,40.4739,-79.7374,point_trailhead,40.4739,-79.7374,,,,4.4,4.0,mtbproject_avg,,1,greenBlue,,"Plum, Pennsylvania",Pennsylvania,United States,,,,mtbproject_trailhead,difficulty=greenBlue
mtb-7003236,mtbproject,https://www.mtbproject.com/trail/7003236/pleasant-valley,Pleasant Valley,40.4102,-79.6896,point_trailhead,40.4102,-79.6896,,,,7.2,3.8,mtbproject_avg,,4,greenBlue,,"Murrysville, Pennsylvania",Pennsylvania,United States,,,,mtbproject_trailhead,difficulty=greenBlue
mtb-3358800,mtbproject,https://www.mtbproject.com/trail/3358800/grippis,Grippis,40.4146,-78.0549,point_trailhead,40.4146,-78.0549,,,,0.8,4.8,mtbproject_avg,,4,greenBlue,,"McConnellstown, Pennsylvania",Pennsylvania,United States,,,,mtbproject_trailhead,difficulty=greenBlue
mtb-3358759,mtbproject,https://www.mtbproject.com/trail/3358759/allie,Allie,40.4106,-78.0639,point_trailhead,40.4106,-78.0639,,,,0.6,4.5,mtbproject_avg,,4,greenBlue,,"McConnellstown, Pennsylvania",Pennsylvania,United States,,,,mtbproject_trailhead,difficulty=greenBlue
mtb-7012761,mtbproject,https://www.mtbproject.com/trail/7012761/trail-15,Trail 15,40.2371,-76.4594,point_trailhead,40.2371,-76.4594,,,,2.7,4.6,mtbproject_avg,,5,dblack,,"Cornwall, Pennsylvania",Pennsylvania,United States,,,,mtbproject_trailhead,difficulty=dblack
mtb-7009901,mtbproject,https://www.mtbproject.com/trail/7009901/antietam-preserve-easy-loop,Antietam Preserve Easy Loop,40.3564,-75.8746,point_trailhead,40.3564,-75.8746,,,,1.1,4.0,mtbproject_avg,,1,greenBlue,,"Stony Creek Mills, Pennsylvania",Pennsylvania,United States,,,,mtbproject_trailhead,difficulty=greenBlue
mtb-5239244,mtbproject,https://www.mtbproject.com/trail/5239244/canal-street-pub-to-blue-marsh-lake-via-schuylkill-river-trail-srt-union-canal-t,Canal Street Pub to Blue Marsh Lake via Schuylkill River Trail (SRT) & Union Canal Trail,40.3252,-75.9269,point_trailhead,40.3252,-75.9269,,,,10.4,4.0,mtbproject_avg,,1,green,,"Reading, Pennsylvania",Pennsylvania,United States,,,,mtbproject_trailhead,difficulty=green
mtb-7011399,mtbproject,https://www.mtbproject.com/trail/7011399/gravity-trail,Gravity Trail,40.3564,-75.8749,point_trailhead,40.3564,-75.8749,,,,4.4,5.0,mtbproject_avg,,1,greenBlue,,"Stony Creek Mills, Pennsylvania",Pennsylvania,United States,,,,mtbproject_trailhead,difficulty=greenBlue
mtb-7000399,mtbproject,https://www.mtbproject.com/trail/7000399/south-mountain-preserve,South Mountain Preserve,40.5422,-75.4817,point_trailhead,40.5422,-75.4817,,,,10.5,4.4,mtbproject_avg,,5,dblack,,"Emmaus, Pennsylvania",Pennsylvania,United States,,,,mtbproject_trailhead,difficulty=dblack
mtb-7028453,mtbproject,https://www.mtbproject.com/trail/7028453/skippack-trail,Skippack Trail,40.2049,-75.4051,point_trailhead,40.2049,-75.4051,,,,3.5,5.0,mtbproject_avg,,1,green,,"Skippack, Pennsylvania",Pennsylvania,United States,,,,mtbproject_trailhead,difficulty=green
mtb-7016667,mtbproject,https://www.mtbproject.com/trail/7016667/boulder-trail,Boulder Trail,40.6015,-75.4192,point_trailhead,40.6015,-75.4192,,,,0.3,5.0,mtbproject_avg,,1,dblack,,"Fountain Hill, Pennsylvania",Pennsylvania,United States,,,,mtbproject_trailhead,difficulty=dblack
mtb-7028454,mtbproject,https://www.mtbproject.com/trail/7028454/skippack-village-trail,Skippack Village Trail,40.2103,-75.4138,point_trailhead,40.2103,-75.4138,,,,2.1,5.0,mtbproject_avg,,1,green,,"Skippack, Pennsylvania",Pennsylvania,United States,,,,mtbproject_trailhead,difficulty=green
mtb-4231667,mtbproject,https://www.mtbproject.com/trail/4231667/spring-mountain-goat-hill-to-walts-erector,Spring Mountain - Goat Hill to Walts Erector,40.2727,-75.4493,point_trailhead,40.2727,-75.4493,,,,2.8,4.5,mtbproject_avg,,2,dblack,,"Spring Mount, Pennsylvania",Pennsylvania,United States,,,,mtbproject_trailhead,difficulty=dblack
mtb-4231786,mtbproject,https://www.mtbproject.com/trail/4231786/nockamixon-mtb-trails,Nockamixon MTB trails,40.4832,-75.1836,point_trailhead,40.4832,-75.1836,,,,8.7,4.6,mtbproject_avg,,43,greenBlue,,"Bedminster, Pennsylvania",Pennsylvania,United States,,,,mtbproject_trailhead,difficulty=greenBlue
mtb-7030144,mtbproject,https://www.mtbproject.com/trail/7030144/roaring-brook-trail-tres-amigos,Roaring Brook Trail (Tres Amigos),40.4587,-74.7061,point_trailhead,40.4587,-74.7061,,,,1.7,5.0,mtbproject_avg,,1,dblack,,"Bloomingdale, New Jersey",New Jersey,United States,,,,mtbproject_trailhead,difficulty=dblack
mtb-669960,mtbproject,https://www.mtbproject.com/trail/669960/eagle,Eagle,40.4051,-78.0388,point_trailhead,40.4051,-78.0388,,,,2.2,4.3,mtbproject_avg,,3,greenBlue,,"McConnellstown, Pennsylvania",Pennsylvania,United States,,,,mtbproject_trailhead,difficulty=greenBlue
mtb-7017583,mtbproject,https://www.mtbproject.com/trail/7017583/white-trail,White Trail,40.5569,-74.128,point_trailhead,40.5569,-74.128,,,,5.4,4.0,mtbproject_avg,,3,greenBlue,,"Staten Island, New York",New York,United States,,,,mtbproject_trailhead,difficulty=greenBlue
mtb-7015023,mtbproject,https://www.mtbproject.com/trail/7015023/ghost-town-trail,Ghost Town Trail,40.4747,-79.192,point_trailhead,40.4747,-79.192,,,,33.6,4.0,mtbproject_avg,,3,green,,"Black Lick, Pennsylvania",Pennsylvania,United States,,,,mtbproject_trailhead,difficulty=green
mtb-7025666,mtbproject,https://www.mtbproject.com/trail/7025666/blue-trail,Blue Trail,40.4747,-74.571,point_trailhead,40.4747,-74.571,,,,4.2,4.0,mtbproject_avg,,2,greenBlue,,"Middlebush, New Jersey",New Jersey,United States,,,,mtbproject_trailhead,difficulty=greenBlue
mtb-7015019,mtbproject,https://www.mtbproject.com/trail/7015019/west-penn-trail,West Penn Trail,40.4463,-79.2844,point_trailhead,40.4463,-79.2844,,,,14.8,4.0,mtbproject_avg,,2,greenBlue,,"Blairsville, Pennsylvania",Pennsylvania,United States,,,,mtbproject_trailhead,difficulty=greenBlue
mtb-7015021,mtbproject,https://www.mtbproject.com/trail/7015021/westmoreland-heritage-trail,Westmoreland Heritage Trail,40.4286,-79.5599,point_trailhead,40.4286,-79.5599,,,,8.9,4.0,mtbproject_avg,,2,greenBlue,,"Delmont, Pennsylvania",Pennsylvania,United States,,,,mtbproject_trailhead,difficulty=greenBlue
mtb-7011297,mtbproject,https://www.mtbproject.com/trail/7011297/lost-turkey-tower-section,Lost Turkey - Tower Section,40.2875,-78.5659,point_trailhead,40.2875,-78.5659,,,,2.0,4.0,mtbproject_avg,,2,dblack,,"Claysburg, Pennsylvania",Pennsylvania,United States,,,,mtbproject_trailhead,difficulty=dblack
mtb-5585725,mtbproject,https://www.mtbproject.com/trail/5585725/brians-trail,Brian's Trail,40.6645,-75.6334,point_trailhead,40.6645,-75.6334,,,,1.2,4.0,mtbproject_avg,,2,greenBlue,,"Schnecksville, Pennsylvania",Pennsylvania,United States,,,,mtbproject_trailhead,difficulty=greenBlue
mtb-3358658,mtbproject,https://www.mtbproject.com/trail/3358658/fawn,Fawn,40.4052,-78.0554,point_trailhead,40.4052,-78.0554,,,,1.3,4.0,mtbproject_avg,,2,green,,"McConnellstown, Pennsylvania",Pennsylvania,United States,,,,mtbproject_trailhead,difficulty=green
mtb-671757,mtbproject,https://www.mtbproject.com/trail/671757/doe,Doe,40.4052,-78.0554,point_trailhead,40.4052,-78.0554,,,,1.0,4.0,mtbproject_avg,,2,green,,"McConnellstown, Pennsylvania",Pennsylvania,United States,,,,mtbproject_trailhead,difficulty=green
mtb-7011340,mtbproject,https://www.mtbproject.com/trail/7011340/bridal-path-trail,Bridal Path Trail,40.3654,-75.8932,point_trailhead,40.3654,-75.8932,,,,2.4,4.0,mtbproject_avg,,1,greenBlue,,"Hyde Park, Pennsylvania",Pennsylvania,United States,,,,mtbproject_trailhead,difficulty=greenBlue
mtb-5185700,mtbproject,https://www.mtbproject.com/trail/5185700/neversink-south-trail,Neversink South Trail,40.3163,-75.8919,point_trailhead,40.3163,-75.8919,,,,1.8,4.0,mtbproject_avg,,1,green,,"Mount Penn, Pennsylvania",Pennsylvania,United States,,,,mtbproject_trailhead,difficulty=green
mtb-7015762,mtbproject,https://www.mtbproject.com/trail/7015762/rock-furnace-trail,Rock Furnace Trail,40.5515,-79.5363,point_trailhead,40.5515,-79.5363,,,,1.5,4.0,mtbproject_avg,,1,green,,"Orchard Hills, Pennsylvania",Pennsylvania,United States,,,,mtbproject_trailhead,difficulty=green
mtb-5302619,mtbproject,https://www.mtbproject.com/trail/5302619/union-canal-trail,Union Canal Trail,40.3632,-75.9673,point_trailhead,40.3632,-75.9673,,,,5.3,4.0,mtbproject_avg,,1,green,,"Spring Ridge, Pennsylvania",Pennsylvania,United States,,,,mtbproject_trailhead,difficulty=green
mtb-7002344,mtbproject,https://www.mtbproject.com/trail/7002344/orange-trail,Orange Trail,40.4645,-74.5306,point_trailhead,40.4645,-74.5306,,,,1.6,4.0,mtbproject_avg,,1,greenBlue,,"Middlebush, New Jersey",New Jersey,United States,,,,mtbproject_trailhead,difficulty=greenBlue
mtb-7002309,mtbproject,https://www.mtbproject.com/trail/7002309/red-trail,Red Trail,40.4669,-74.56,point_trailhead,40.4669,-74.56,,,,4.0,4.0,mtbproject_avg,,1,greenBlue,,"Kendall Park, New Jersey",New Jersey,United States,,,,mtbproject_trailhead,difficulty=greenBlue
mtb-7002311,mtbproject,https://www.mtbproject.com/trail/7002311/white-trail,White Trail,40.4723,-74.5497,point_trailhead,40.4723,-74.5497,,,,1.4,4.0,mtbproject_avg,,1,greenBlue,,"Middlebush, New Jersey",New Jersey,United States,,,,mtbproject_trailhead,difficulty=greenBlue
mtb-7023637,mtbproject,https://www.mtbproject.com/trail/7023637/neversink-camber-traverse-connector,Neversink Camber Traverse Connector,40.3217,-75.9151,point_trailhead,40.3217,-75.9151,,,,0.4,4.0,mtbproject_avg,,1,blueBlack,,"Reading, Pennsylvania",Pennsylvania,United States,,,,mtbproject_trailhead,mtbproject type=Connector
mtb-7009078,mtbproject,https://www.mtbproject.com/trail/7009078/county-line-trail,County Line Trail,40.2078,-78.6913,point_trailhead,40.2078,-78.6913,,,,3.8,4.0,mtbproject_avg,,1,greenBlue,,"Beaverdale, Pennsylvania",Pennsylvania,United States,,,,mtbproject_trailhead,difficulty=greenBlue
mtb-7003593,mtbproject,https://www.mtbproject.com/trail/7003593/vee-cee,Vee Cee,40.3877,-78.0842,point_trailhead,40.3877,-78.0842,,,,1.2,4.0,mtbproject_avg,,1,green,,"McConnellstown, Pennsylvania",Pennsylvania,United States,,,,mtbproject_trailhead,difficulty=green
mtb-7009074,mtbproject,https://www.mtbproject.com/trail/7009074/tv-trail,TV Trail,40.2321,-78.6601,point_trailhead,40.2321,-78.6601,,,,0.5,4.0,mtbproject_avg,,1,dblack,,"Beaverdale, Pennsylvania",Pennsylvania,United States,,,,mtbproject_trailhead,difficulty=dblack
mtb-7025803,mtbproject,https://www.mtbproject.com/trail/7025803/dixon-trail,Dixon Trail,40.6381,-77.7996,point_trailhead,40.6381,-77.7996,,,,1.3,4.0,mtbproject_avg,,1,greenBlue,,"Belleville, Pennsylvania",Pennsylvania,United States,,,,mtbproject_trailhead,difficulty=greenBlue
mtb-6254128,mtbproject,https://www.mtbproject.com/trail/6254128/old-lewistown-pike,Old Lewistown Pike,40.6575,-77.7229,point_trailhead,40.6575,-77.7229,,,,1.3,4.0,mtbproject_avg,,1,greenBlue,,"Belleville, Pennsylvania",Pennsylvania,United States,,,,mtbproject_trailhead,difficulty=greenBlue
mtb-7025802,mtbproject,https://www.mtbproject.com/trail/7025802/tramway-trail,Tramway Trail,40.6392,-77.7846,point_trailhead,40.6392,-77.7846,,,,1.4,4.0,mtbproject_avg,,1,green,,"Belleville, Pennsylvania",Pennsylvania,United States,,,,mtbproject_trailhead,difficulty=green
mtb-7007723,mtbproject,https://www.mtbproject.com/trail/7007723/broad-mountain-rd,Broad Mountain Rd,40.6503,-77.7537,point_trailhead,40.6503,-77.7537,,,,3.2,4.0,mtbproject_avg,,1,green,,"Belleville, Pennsylvania",Pennsylvania,United States,,,,mtbproject_trailhead,difficulty=green
mtb-5723093,mtbproject,https://www.mtbproject.com/trail/5723093/justa-road-connector,Justa Road Connector,40.3723,-76.0769,point_trailhead,40.3723,-76.0769,,,,0.4,4.0,mtbproject_avg,,1,greenBlue,,"Wernersville, Pennsylvania",Pennsylvania,United States,,,,mtbproject_trailhead,difficulty=greenBlue
mtb-7016178,mtbproject,https://www.mtbproject.com/trail/7016178/trail-9b-non-blazed,Trail #9B (Non-Blazed),40.2577,-76.4562,point_trailhead,40.2577,-76.4562,,,,0.4,4.0,mtbproject_avg,,1,blue,,"Cornwall, Pennsylvania",Pennsylvania,United States,,,,mtbproject_trailhead,mtbproject type=Connector
mtb-7007717,mtbproject,https://www.mtbproject.com/trail/7007717/barrville-rd,Barrville Rd,40.6473,-77.746,point_trailhead,40.6473,-77.746,,,,4.3,4.0,mtbproject_avg,,1,green,,"Belleville, Pennsylvania",Pennsylvania,United States,,,,mtbproject_trailhead,difficulty=green
mtb-7004465,mtbproject,https://www.mtbproject.com/trail/7004465/punchbowl,Punchbowl,40.9917,-123.7915,point_trailhead,40.9917,-123.7915,,,,1.1,4.3,mtbproject_avg,,3,greenBlue,,"Willow Creek, California",California,United States,,,,mtbproject_trailhead,difficulty=greenBlue
mtb-7015185,mtbproject,https://www.mtbproject.com/trail/7015185/vista-trail-10,Vista Trail #10,40.8799,-124.0584,point_trailhead,40.8799,-124.0584,,,,0.7,4.0,mtbproject_avg,,1,greenBlue,,"Arcata, California",California,United States,,,,mtbproject_trailhead,difficulty=greenBlue
mtb-7015182,mtbproject,https://www.mtbproject.com/trail/7015182/community-forest-loop-road-8,Community Forest Loop Road #8,40.8735,-124.0579,point_trailhead,40.8735,-124.0579,,,,1.9,4.0,mtbproject_avg,,2,greenBlue,,"Arcata, California",California,United States,,,,mtbproject_trailhead,difficulty=greenBlue
mtb-7022308,mtbproject,https://www.mtbproject.com/trail/7022308/chamise-peak-trail,Chamise Peak Trail,40.6804,-122.4222,point_trailhead,40.6804,-122.4222,,,,2.4,4.0,mtbproject_avg,,1,greenBlue,,"Central Valley (historical), California",California,United States,,,,mtbproject_trailhead,difficulty=greenBlue
mtb-6475376,mtbproject,https://www.mtbproject.com/trail/6475376/modoc-line-rail-trail-sage-hen,Modoc Line Rail Trail - Sage Hen,41.0516,-120.4736,point_trailhead,41.0516,-120.4736,,,,22.0,4.0,mtbproject_avg,,1,green,,"Alturas, California",California,United States,,,,mtbproject_trailhead,difficulty=green
mtb-7000855,mtbproject,https://www.mtbproject.com/trail/7000855/stones-trail,Stones Trail,40.7065,-120.7345,point_trailhead,40.7065,-120.7345,,,,1.1,4.0,mtbproject_avg,,1,greenBlue,,"Susanville, California",California,United States,,,,mtbproject_trailhead,difficulty=greenBlue
mtb-7017318,mtbproject,https://www.mtbproject.com/trail/7017318/the-bloody-shins,The Bloody Shins,40.9706,-117.6962,point_trailhead,40.9706,-117.6962,,,,17.3,4.0,mtbproject_avg,,2,greenBlue,,"Winnemucca, Nevada",Nevada,United States,,,,mtbproject_trailhead,difficulty=greenBlue
mtb-7017849,mtbproject,https://www.mtbproject.com/trail/7017849/giants-grave,Giant's Grave,40.9848,-117.6463,point_trailhead,40.9848,-117.6463,,,,3.6,4.0,mtbproject_avg,,1,greenBlue,,"Winnemucca, Nevada",Nevada,United States,,,,mtbproject_trailhead,difficulty=greenBlue
mtb-7017851,mtbproject,https://www.mtbproject.com/trail/7017851/golden-pond,Golden Pond,40.9709,-117.6955,point_trailhead,40.9709,-117.6955,,,,4.2,4.0,mtbproject_avg,,1,green,,"Winnemucca, Nevada",Nevada,United States,,,,mtbproject_trailhead,difficulty=green
mtb-7017322,mtbproject,https://www.mtbproject.com/trail/7017322/lost-forest,Lost Forest,40.9678,-117.6483,point_trailhead,40.9678,-117.6483,,,,3.2,4.0,mtbproject_avg,,1,greenBlue,,"Winnemucca, Nevada",Nevada,United States,,,,mtbproject_trailhead,difficulty=greenBlue
mtb-7013533,mtbproject,https://www.mtbproject.com/trail/7013533/beginner-and-climbing-trail,Beginner and Climbing Trail,40.9094,-115.8575,point_trailhead,40.9094,-115.8575,,,,1.2,4.0,mtbproject_avg,,1,greenBlue,,"Elko, Nevada",Nevada,United States,,,,mtbproject_trailhead,difficulty=greenBlue
mtb-7028189,mtbproject,https://www.mtbproject.com/trail/7028189/beginner-loop,Beginner Loop,41.0512,-114.5281,point_trailhead,41.0512,-114.5281,,,,6.9,4.0,mtbproject_avg,,2,greenBlue,,"Wells, Nevada",Nevada,United States,,,,mtbproject_trailhead,difficulty=greenBlue
mtb-7027802,mtbproject,https://www.mtbproject.com/trail/7027802/three-troughs-six-mile-connector,Three Troughs - Six Mile Connector,41.024,-114.5472,point_trailhead,41.024,-114.5472,,,,1.1,4.0,mtbproject_avg,,1,green,,"Wells, Nevada",Nevada,United States,,,,mtbproject_trailhead,difficulty=green
mtb-7028604,mtbproject,https://www.mtbproject.com/trail/7028604/prickly-pear,Prickly Pear,41.0512,-114.5281,point_trailhead,41.0512,-114.5281,,,,2.3,4.0,mtbproject_avg,,1,greenBlue,,"Wells, Nevada",Nevada,United States,,,,mtbproject_trailhead,difficulty=greenBlue
mtb-7028605,mtbproject,https://www.mtbproject.com/trail/7028605/lupine-trail,Lupine Trail,41.0314,-114.5077,point_trailhead,41.0314,-114.5077,,,,2.1,4.0,mtbproject_avg,,1,greenBlue,,"Wells, Nevada",Nevada,United States,,,,mtbproject_trailhead,difficulty=greenBlue
mtb-336906,mtbproject,https://www.mtbproject.com/trail/336906/mueller-park,Mueller Park,40.864,-111.8367,point_trailhead,40.864,-111.8367,,,,12.5,4.3,mtbproject_avg,,41,greenBlue,,"Woods Cross, Utah",Utah,United States,,,,mtbproject_trailhead,difficulty=greenBlue
mtb-7000542,mtbproject,https://www.mtbproject.com/trail/7000542/white-rock-loop,White Rock Loop,41.0254,-112.2402,point_trailhead,41.0254,-112.2402,,,,7.8,4.2,mtbproject_avg,,9,greenBlue,,"Syracuse, Utah",Utah,United States,,,,mtbproject_trailhead,difficulty=greenBlue
mtb-5860434,mtbproject,https://www.mtbproject.com/trail/5860434/big-water-trail-upper,Big Water Trail (Upper),40.6844,-111.6493,point_trailhead,40.6844,-111.6493,,,,0.4,5.0,mtbproject_avg,,1,greenBlue,,"Snyderville, Utah",Utah,United States,,,,mtbproject_trailhead,difficulty=greenBlue
mtb-4167801,mtbproject,https://www.mtbproject.com/trail/4167801/glenwild-loop,Glenwild Loop,40.7321,-111.5319,point_trailhead,40.7321,-111.5319,,,,6.1,3.9,mtbproject_avg,,14,greenBlue,,"Snyderville, Utah",Utah,United States,,,,mtbproject_trailhead,difficulty=greenBlue
mtb-5860075,mtbproject,https://www.mtbproject.com/trail/5860075/big-water-trail,Big Water Trail,40.6843,-111.6485,point_trailhead,40.6843,-111.6485,,,,1.5,4.5,mtbproject_avg,,2,greenBlue,,"Snyderville, Utah",Utah,United States,,,,mtbproject_trailhead,difficulty=greenBlue
mtb-5860707,mtbproject,https://www.mtbproject.com/trail/5860707/dog-lake,Dog Lake,40.6785,-111.6428,point_trailhead,40.6785,-111.6428,,,,1.6,4.5,mtbproject_avg,,2,greenBlue,,"Snyderville, Utah",Utah,United States,,,,mtbproject_trailhead,difficulty=greenBlue
mtb-7016897,mtbproject,https://www.mtbproject.com/trail/7016897/rts,RTS,40.7138,-111.5579,point_trailhead,40.7138,-111.5579,,,,2.7,3.8,mtbproject_avg,,6,green,,"Snyderville, Utah",Utah,United States,,,,mtbproject_trailhead,difficulty=green
mtb-4180138,mtbproject,https://www.mtbproject.com/trail/4180138/stealth-trail,Stealth Trail,40.7395,-111.5414,point_trailhead,40.7395,-111.5414,,,,3.6,3.8,mtbproject_avg,,5,greenBlue,,"Snyderville, Utah",Utah,United States,,,,mtbproject_trailhead,difficulty=greenBlue
mtb-7015431,mtbproject,https://www.mtbproject.com/trail/7015431/hwy-40-tunnel,Hwy 40 Tunnel,40.7265,-111.4929,point_trailhead,40.7265,-111.4929,,,,1.4,4.0,mtbproject_avg,,1,green,,"Snyderville, Utah",Utah,United States,,,,mtbproject_trailhead,difficulty=green
mtb-7003457,mtbproject,https://www.mtbproject.com/trail/7003457/mahogany-loop,Mahogany Loop,40.977,-105.0939,point_trailhead,40.977,-105.0939,,,,7.6,4.4,mtbproject_avg,,13,greenBlue,,"Wellington, Colorado",Colorado,United States,,,,mtbproject_trailhead,difficulty=greenBlue
mtb-7015167,mtbproject,https://www.mtbproject.com/trail/7015167/red-mountain-open-space,Red Mountain Open Space,40.9582,-105.1632,point_trailhead,40.9582,-105.1632,,,,12.1,4.0,mtbproject_avg,,4,greenBlue,,"Laporte, Colorado",Colorado,United States,,,,mtbproject_trailhead,difficulty=greenBlue
mtb-7032143,mtbproject,https://www.mtbproject.com/trail/7032143/k-lynn-cameron-trail,K-Lynn Cameron Trail,40.9712,-105.1763,point_trailhead,40.9712,-105.1763,,,,2.4,4.5,mtbproject_avg,,2,greenBlue,,"Bellvue, Colorado",Colorado,United States,,,,mtbproject_trailhead,difficulty=greenBlue
mtb-7006943,mtbproject,https://www.mtbproject.com/trail/7006943/cheyenne-rim-trail,Cheyenne Rim Trail,40.9437,-105.0841,point_trailhead,40.9437,-105.0841,,,,12.9,3.8,mtbproject_avg,,8,greenBlue,,"Wellington, Colorado",Colorado,United States,,,,mtbproject_trailhead,difficulty=greenBlue
mtb-7006969,mtbproject,https://www.mtbproject.com/trail/7006969/salt-lick-trail,Salt Lick Trail,40.9961,-105.1766,point_trailhead,40.9961,-105.1766,,,,2.2,4.0,mtbproject_avg,,2,greenBlue,,"Laporte, Colorado",Colorado,United States,,,,mtbproject_trailhead,difficulty=greenBlue
mtb-7013483,mtbproject,https://www.mtbproject.com/trail/7013483/high-line,High Line,40.8708,-100.4164,point_trailhead,40.8708,-100.4164,,,,1.5,4.0,mtbproject_avg,,1,greenBlue,,"Gothenburg, Nebraska",Nebraska,United States,,,,mtbproject_trailhead,difficulty=greenBlue
mtb-7006976,mtbproject,https://www.mtbproject.com/trail/7006976/sinking-sun-trail,Sinking Sun Trail,40.9734,-105.1634,point_trailhead,40.9734,-105.1634,,,,1.4,4.0,mtbproject_avg,,1,green,,"Laporte, Colorado",Colorado,United States,,,,mtbproject_trailhead,difficulty=green
mtb-7013485,mtbproject,https://www.mtbproject.com/trail/7013485/freeway,Freeway,40.8856,-100.4166,point_trailhead,40.8856,-100.4166,,,,1.2,4.0,mtbproject_avg,,1,greenBlue,,"Gothenburg, Nebraska",Nebraska,United States,,,,mtbproject_trailhead,difficulty=greenBlue
mtb-7006980,mtbproject,https://www.mtbproject.com/trail/7006980/rising-sun-trail,Rising Sun Trail,40.9575,-105.1613,point_trailhead,40.9575,-105.1613,,,,0.4,4.0,mtbproject_avg,,1,green,,"Laporte, Colorado",Colorado,United States,,,,mtbproject_trailhead,difficulty=green
mtb-7013568,mtbproject,https://www.mtbproject.com/trail/7013568/pepe-lopez,Pepe Lopez,40.8856,-100.4257,point_trailhead,40.8856,-100.4257,,,,0.6,4.0,mtbproject_avg,,1,blue,,"Gothenburg, Nebraska",Nebraska,United States,,,,mtbproject_trailhead,mtbproject type=Connector
mtb-7013527,mtbproject,https://www.mtbproject.com/trail/7013527/lake-storey-trail-system,Lake Storey Trail System,40.987,-90.4114,point_trailhead,40.987,-90.4114,,,,4.4,4.5,mtbproject_avg,,2,greenBlue,,"Galesburg, Illinois",Illinois,United States,,,,mtbproject_trailhead,difficulty=greenBlue
mtb-7021812,mtbproject,https://www.mtbproject.com/trail/7021812/log,Log,40.8237,-89.793,point_trailhead,40.8237,-89.793,,,,0.3,5.0,mtbproject_avg,,1,greenBlue,,"Dunlap, Illinois",Illinois,United States,,,,mtbproject_trailhead,difficulty=greenBlue
mtb-7021798,mtbproject,https://www.mtbproject.com/trail/7021798/little-devil,Little Devil,40.8205,-89.7935,point_trailhead,40.8205,-89.7935,,,,0.3,5.0,mtbproject_avg,,1,greenBlue,,"Dunlap, Illinois",Illinois,United States,,,,mtbproject_trailhead,difficulty=greenBlue
mtb-7022064,mtbproject,https://www.mtbproject.com/trail/7022064/black-hole,Black Hole,40.7385,-89.7516,point_trailhead,40.7385,-89.7516,,,,0.2,4.5,mtbproject_avg,,2,dblack,,"Hanna City, Illinois",Illinois,United States,,,,mtbproject_trailhead,difficulty=dblack
mtb-7022063,mtbproject,https://www.mtbproject.com/trail/7022063/bison-hump-pump-track,Bison Hump Pump Track,40.7346,-89.7477,point_trailhead,40.7346,-89.7477,,,,0.1,4.0,mtbproject_avg,,1,greenBlue,,"Hanna City, Illinois",Illinois,United States,,,,mtbproject_trailhead,difficulty=greenBlue
mtb-7021808,mtbproject,https://www.mtbproject.com/trail/7021808/valley-view,Valley View,40.8174,-89.7906,point_trailhead,40.8174,-89.7906,,,,0.7,4.0,mtbproject_avg,,1,green,,"Dunlap, Illinois",Illinois,United States,,,,mtbproject_trailhead,difficulty=green
mtb-7021796,mtbproject,https://www.mtbproject.com/trail/7021796/picnic-trail,Picnic Trail,40.8223,-89.803,point_trailhead,40.8223,-89.803,,,,0.8,4.0,mtbproject_avg,,1,greenBlue,,"Dunlap, Illinois",Illinois,United States,,,,mtbproject_trailhead,difficulty=greenBlue
mtb-7022056,mtbproject,https://www.mtbproject.com/trail/7022056/5-fingers-of-fun,5 Fingers of Fun,40.7294,-89.748,point_trailhead,40.7294,-89.748,,,,1.0,4.0,mtbproject_avg,,1,greenBlue,,"Hanna City, Illinois",Illinois,United States,,,,mtbproject_trailhead,difficulty=greenBlue
mtb-7022057,mtbproject,https://www.mtbproject.com/trail/7022057/eagle-ridge,Eagle Ridge,40.7303,-89.7496,point_trailhead,40.7303,-89.7496,,,,0.2,4.0,mtbproject_avg,,1,greenBlue,,"Hanna City, Illinois",Illinois,United States,,,,mtbproject_trailhead,difficulty=greenBlue
mtb-7022046,mtbproject,https://www.mtbproject.com/trail/7022046/rocky-rim,Rocky Rim,40.7385,-89.7518,point_trailhead,40.7385,-89.7518,,,,0.2,4.0,mtbproject_avg,,1,greenBlue,,"Hanna City, Illinois",Illinois,United States,,,,mtbproject_trailhead,difficulty=greenBlue
mtb-7021806,mtbproject,https://www.mtbproject.com/trail/7021806/grassy-lane,Grassy Lane,40.8198,-89.7892,point_trailhead,40.8198,-89.7892,,,,0.2,4.0,mtbproject_avg,,1,blue,,"Dunlap, Illinois",Illinois,United States,,,,mtbproject_trailhead,mtbproject type=Connector
mtb-7019986,mtbproject,https://www.mtbproject.com/trail/7019986/kinsey-park-easy-loop,Kinsey Park Easy Loop,40.7446,-89.7198,point_trailhead,40.7446,-89.7198,,,,1.8,5.0,mtbproject_avg,,4,green,,"Peoria, Illinois",Illinois,United States,,,,mtbproject_trailhead,difficulty=green
mtb-7019989,mtbproject,https://www.mtbproject.com/trail/7019989/yellow-brick-road,Yellow Brick Road,40.7475,-89.7199,point_trailhead,40.7475,-89.7199,,,,0.6,5.0,mtbproject_avg,,2,greenBlue,,"Bellevue, Illinois",Illinois,United States,,,,mtbproject_trailhead,difficulty=greenBlue
mtb-7019993,mtbproject,https://www.mtbproject.com/trail/7019993/ruby-slippers,Ruby Slippers,40.7498,-89.719,point_trailhead,40.7498,-89.719,,,,0.3,5.0,mtbproject_avg,,2,greenBlue,,"Bellevue, Illinois",Illinois,United States,,,,mtbproject_trailhead,difficulty=greenBlue
mtb-7021792,mtbproject,https://www.mtbproject.com/trail/7021792/knock-knock,Knock-Knock,40.6746,-89.4808,point_trailhead,40.6746,-89.4808,,,,0.2,5.0,mtbproject_avg,,1,dblack,,"Morton, Illinois",Illinois,United States,,,,mtbproject_trailhead,difficulty=dblack
mtb-7021778,mtbproject,https://www.mtbproject.com/trail/7021778/whistler,Whistler,40.6683,-89.4862,point_trailhead,40.6683,-89.4862,,,,0.2,5.0,mtbproject_avg,,1,greenBlue,,"East Peoria, Illinois",Illinois,United States,,,,mtbproject_trailhead,difficulty=greenBlue
mtb-7021793,mtbproject,https://www.mtbproject.com/trail/7021793/blue-chevy-trail,Blue Chevy Trail,40.6752,-89.4858,point_trailhead,40.6752,-89.4858,,,,0.6,5.0,mtbproject_avg,,1,green,,"East Peoria, Illinois",Illinois,United States,,,,mtbproject_trailhead,difficulty=green
mtb-7019991,mtbproject,https://www.mtbproject.com/trail/7019991/emerald-forest,Emerald Forest,40.7517,-89.7204,point_trailhead,40.7517,-89.7204,,,,0.4,5.0,mtbproject_avg,,1,green,,"Bellevue, Illinois",Illinois,United States,,,,mtbproject_trailhead,difficulty=green
mtb-7021786,mtbproject,https://www.mtbproject.com/trail/7021786/trackstand,Trackstand,40.6774,-89.4833,point_trailhead,40.6774,-89.4833,,,,0.9,5.0,mtbproject_avg,,1,greenBlue,,"Morton, Illinois",Illinois,United States,,,,mtbproject_trailhead,difficulty=greenBlue
mtb-7019992,mtbproject,https://www.mtbproject.com/trail/7019992/farm-road,Farm Road,40.7538,-89.7204,point_trailhead,40.7538,-89.7204,,,,0.3,5.0,mtbproject_avg,,1,green,,"Bellevue, Illinois",Illinois,United States,,,,mtbproject_trailhead,difficulty=green
mtb-7021789,mtbproject,https://www.mtbproject.com/trail/7021789/mike-n-dons,Mike-n-Don's,40.6696,-89.498,point_trailhead,40.6696,-89.498,,,,0.9,5.0,mtbproject_avg,,1,greenBlue,,"East Peoria, Illinois",Illinois,United States,,,,mtbproject_trailhead,difficulty=greenBlue
mtb-7021785,mtbproject,https://www.mtbproject.com/trail/7021785/t-n-t,T-n-T,40.681,-89.4768,point_trailhead,40.681,-89.4768,,,,0.5,5.0,mtbproject_avg,,1,greenBlue,,"Washington, Illinois",Illinois,United States,,,,mtbproject_trailhead,difficulty=greenBlue
mtb-7021787,mtbproject,https://www.mtbproject.com/trail/7021787/alt-creekside,Alt Creekside,40.6806,-89.494,point_trailhead,40.6806,-89.494,,,,0.5,5.0,mtbproject_avg,,1,greenBlue,,"East Peoria, Illinois",Illinois,United States,,,,mtbproject_trailhead,difficulty=greenBlue
mtb-7021795,mtbproject,https://www.mtbproject.com/trail/7021795/lower-dam-trail,Lower Dam Trail,40.6756,-89.5017,point_trailhead,40.6756,-89.5017,,,,0.4,4.0,mtbproject_avg,,1,greenBlue,,"East Peoria, Illinois",Illinois,United States,,,,mtbproject_trailhead,difficulty=greenBlue
mtb-7021791,mtbproject,https://www.mtbproject.com/trail/7021791/borneo,Borneo,40.6709,-89.4831,point_trailhead,40.6709,-89.4831,,,,0.5,4.0,mtbproject_avg,,1,greenBlue,,"Morton, Illinois",Illinois,United States,,,,mtbproject_trailhead,difficulty=greenBlue
mtb-7021788,mtbproject,https://www.mtbproject.com/trail/7021788/campground-trail,Campground Trail,40.6759,-89.5011,point_trailhead,40.6759,-89.5011,,,,0.3,4.0,mtbproject_avg,,1,green,,"East Peoria, Illinois",Illinois,United States,,,,mtbproject_trailhead,difficulty=green
mtb-7021784,mtbproject,https://www.mtbproject.com/trail/7021784/spillway,Spillway,40.6769,-89.4791,point_trailhead,40.6769,-89.4791,,,,0.5,4.0,mtbproject_avg,,1,greenBlue,,"Morton, Illinois",Illinois,United States,,,,mtbproject_trailhead,difficulty=greenBlue
mtb-7016289,mtbproject,https://www.mtbproject.com/trail/7016289/derby-hill,Derby Hill,41.111,-85.1606,point_trailhead,41.111,-85.1606,,,,0.7,5.0,mtbproject_avg,,1,green,,"Fort Wayne, Indiana",Indiana,United States,,,,mtbproject_trailhead,difficulty=green
mtb-7006767,mtbproject,https://www.mtbproject.com/trail/7006767/stadium-park-connector,Stadium Park Connector,40.8167,-81.3944,point_trailhead,40.8167,-81.3944,,,,0.2,5.0,mtbproject_avg,,1,blue,,"Canton, Ohio",Ohio,United States,,,,mtbproject_trailhead,mtbproject type=Connector
mtb-7006766,mtbproject,https://www.mtbproject.com/trail/7006766/stadium-park,Stadium park,40.8187,-81.3952,point_trailhead,40.8187,-81.3952,,,,0.9,4.0,mtbproject_avg,,2,greenBlue,,"Canton, Ohio",Ohio,United States,,,,mtbproject_trailhead,difficulty=greenBlue
mtb-7027523,mtbproject,https://www.mtbproject.com/trail/7027523/lake-milton-trail,Lake Milton Trail,41.0646,-80.966,point_trailhead,41.0646,-80.966,,,,4.7,4.2,mtbproject_avg,,6,greenBlue,,"Craig Beach, Ohio",Ohio,United States,,,,mtbproject_trailhead,difficulty=greenBlue
mtb-7010176,mtbproject,https://www.mtbproject.com/trail/7010176/tornado-trail,Tornado Trail,41.0103,-80.6208,point_trailhead,41.0103,-80.6208,,,,0.4,5.0,mtbproject_avg,,1,greenBlue,,"Poland, Ohio",Ohio,United States,,,,mtbproject_trailhead,difficulty=greenBlue
mtb-7008421,mtbproject,https://www.mtbproject.com/trail/7008421/chipmunk-point,Chipmunk Point,38.9571,-80.4964,point_trailhead,38.9571,-80.4964,,,,1.0,4.0,mtbproject_avg,,1,greenBlue,,"Weston, West Virginia",West Virginia,United States,,,,mtbproject_trailhead,difficulty=greenBlue
mtb-7034424,mtbproject,https://www.mtbproject.com/trail/7034424/sketchy-bomber-downhill,Sketchy Bomber Downhill,40.7228,-80.3599,point_trailhead,40.7228,-80.3599,,,,0.2,4.0,mtbproject_avg,,1,dblack,,"New Brighton, Pennsylvania",Pennsylvania,United States,,,,mtbproject_trailhead,difficulty=dblack
mtb-7008251,mtbproject,https://www.mtbproject.com/trail/7008251/freeride-loop,Freeride Loop,40.9685,-80.0618,point_trailhead,40.9685,-80.0618,,,,0.6,5.0,mtbproject_avg,,1,dblack,,"Prospect, Pennsylvania",Pennsylvania,United States,,,,mtbproject_trailhead,difficulty=dblack
mtb-7010285,mtbproject,https://www.mtbproject.com/trail/7010285/powerline-to-alexander-ridge-parking,Powerline to Alexander Ridge Parking,40.9712,-80.0622,point_trailhead,40.9712,-80.0622,,,,0.3,5.0,mtbproject_avg,,1,greenBlue,,"Prospect, Pennsylvania",Pennsylvania,United States,,,,mtbproject_trailhead,difficulty=greenBlue
mtb-7008443,mtbproject,https://www.mtbproject.com/trail/7008443/downhill-trail,Downhill Trail,40.9644,-80.0633,point_trailhead,40.9644,-80.0633,,,,0.8,4.7,mtbproject_avg,,3,dblack,,"Prospect, Pennsylvania",Pennsylvania,United States,,,,mtbproject_trailhead,difficulty=dblack
mtb-7016785,mtbproject,https://www.mtbproject.com/trail/7016785/ticks-pricks,Ticks & Pricks,40.8736,-79.9263,point_trailhead,40.8736,-79.9263,,,,0.5,4.4,mtbproject_avg,,5,greenBlue,,"Homeacre-Lyndora, Pennsylvania",Pennsylvania,United States,,,,mtbproject_trailhead,difficulty=greenBlue
mtb-7015082,mtbproject,https://www.mtbproject.com/trail/7015082/butler-freeport-community-trail,Butler-Freeport Community Trail,40.8595,-79.8886,point_trailhead,40.8595,-79.8886,,,,21.3,4.5,mtbproject_avg,,2,greenBlue,,"Butler, Pennsylvania",Pennsylvania,United States,,,,mtbproject_trailhead,difficulty=greenBlue
mtb-7010536,mtbproject,https://www.mtbproject.com/trail/7010536/moraine-bike-trail,Moraine Bike Trail,40.975,-80.1282,point_trailhead,40.975,-80.1282,,,,7.2,4.3,mtbproject_avg,,3,greenBlue,,"Prospect, Pennsylvania",Pennsylvania,United States,,,,mtbproject_trailhead,difficulty=greenBlue
mtb-7009950,mtbproject,https://www.mtbproject.com/trail/7009950/top-of-the-ridge,Top of the Ridge,40.9704,-80.0752,point_trailhead,40.9704,-80.0752,,,,0.8,4.0,mtbproject_avg,,3,greenBlue,,"Prospect, Pennsylvania",Pennsylvania,United States,,,,mtbproject_trailhead,difficulty=greenBlue
mtb-7008442,mtbproject,https://www.mtbproject.com/trail/7008442/southern-peninsula,Southern Peninsula,40.9602,-80.0653,point_trailhead,40.9602,-80.0653,,,,0.9,4.0,mtbproject_avg,,3,greenBlue,,"Prospect, Pennsylvania",Pennsylvania,United States,,,,mtbproject_trailhead,difficulty=greenBlue
mtb-7006505,mtbproject,https://www.mtbproject.com/trail/7006505/sams-loop,Sam's Loop,39.3986,-80.0842,point_trailhead,39.3986,-80.0842,,,,0.9,4.0,mtbproject_avg,,2,greenBlue,,"Pleasant Valley, West Virginia",West Virginia,United States,,,,mtbproject_trailhead,difficulty=greenBlue
mtb-5927177,mtbproject,https://www.mtbproject.com/trail/5927177/nine-mile-run-trail,Nine Mile Run Trail,40.4156,-79.9173,point_trailhead,40.4156,-79.9173,,,,1.9,4.0,mtbproject_avg,,1,green,,"Homestead, Pennsylvania",Pennsylvania,United States,,,,mtbproject_trailhead,difficulty=green
mtb-7010081,mtbproject,https://www.mtbproject.com/trail/7010081/red-loop,Red Loop,40.5683,-79.9205,point_trailhead,40.5683,-79.9205,,,,1.6,4.0,mtbproject_avg,,1,greenBlue,,"Allison Park, Pennsylvania",Pennsylvania,United States,,,,mtbproject_trailhead,difficulty=greenBlue
mtb-7002051,mtbproject,https://www.mtbproject.com/trail/7002051/meeks-run-trail,Meeks Run Trail,40.4904,-80.154,point_trailhead,40.4904,-80.154,,,,1.2,3.8,mtbproject_avg,,5,greenBlue,,"Coraopolis, Pennsylvania",Pennsylvania,United States,,,,mtbproject_trailhead,difficulty=greenBlue
mtb-4545046,mtbproject,https://www.mtbproject.com/trail/4545046/wildcat-gap-trail,Wildcat Gap Trail,40.7276,-77.7899,point_trailhead,40.7276,-77.7899,,,,0.7,4.8,mtbproject_avg,,6,dblack,,"Boalsburg, Pennsylvania",Pennsylvania,United States,,,,mtbproject_trailhead,difficulty=dblack
mtb-7007690,mtbproject,https://www.mtbproject.com/trail/7007690/north-meadows-rd,North Meadows Rd,40.7187,-77.7821,point_trailhead,40.7187,-77.7821,,,,2.5,5.0,mtbproject_avg,,1,green,,"Boalsburg, Pennsylvania",Pennsylvania,United States,,,,mtbproject_trailhead,difficulty=green
mtb-7007794,mtbproject,https://www.mtbproject.com/trail/7007794/stage-coach-trail,Stage Coach Trail,40.9102,-77.9869,point_trailhead,40.9102,-77.9869,,,,1.0,5.0,mtbproject_avg,,1,green,,"Stormstown, Pennsylvania",Pennsylvania,United States,,,,mtbproject_trailhead,difficulty=green
mtb-7007695,mtbproject,https://www.mtbproject.com/trail/7007695/wampler-rd,Wampler Rd,40.7071,-77.7816,point_trailhead,40.7071,-77.7816,,,,1.1,5.0,mtbproject_avg,,1,green,,"Boalsburg, Pennsylvania",Pennsylvania,United States,,,,mtbproject_trailhead,difficulty=green
mtb-5363615,mtbproject,https://www.mtbproject.com/trail/5363615/ross-trail,Ross Trail,40.6815,-77.7386,point_trailhead,40.6815,-77.7386,,,,2.0,5.0,mtbproject_avg,,2,dblack,,"Belleville, Pennsylvania",Pennsylvania,United States,,,,mtbproject_trailhead,difficulty=dblack
mtb-7007719,mtbproject,https://www.mtbproject.com/trail/7007719/ruff-gap-trail,Ruff Gap Trail,40.6765,-77.7362,point_trailhead,40.6765,-77.7362,,,,1.2,5.0,mtbproject_avg,,2,dblack,,"Belleville, Pennsylvania",Pennsylvania,United States,,,,mtbproject_trailhead,difficulty=dblack
mtb-7007689,mtbproject,https://www.mtbproject.com/trail/7007689/bear-meadows-rd,Bear Meadows Rd,40.6954,-77.7674,point_trailhead,40.6954,-77.7674,,,,8.4,5.0,mtbproject_avg,,1,green,,"Boalsburg, Pennsylvania",Pennsylvania,United States,,,,mtbproject_trailhead,difficulty=green
mtb-3837549,mtbproject,https://www.mtbproject.com/trail/3837549/detweiler-run-rd,Detweiler Run Rd.,40.7408,-77.7019,point_trailhead,40.7408,-77.7019,,,,3.4,5.0,mtbproject_avg,,1,green,,"Boalsburg, Pennsylvania",Pennsylvania,United States,,,,mtbproject_trailhead,difficulty=green
mtb-7030098,mtbproject,https://www.mtbproject.com/trail/7030098/lumpy-bumpy,Lumpy Bumpy,40.9438,-74.76,point_trailhead,40.9438,-74.76,,,,0.9,5.0,mtbproject_avg,,1,dblack,,"Hopatcong Hills, New Jersey",New Jersey,United States,,,,mtbproject_trailhead,difficulty=dblack
mtb-7030138,mtbproject,https://www.mtbproject.com/trail/7030138/roly-poly,Roly Poly,40.926,-74.7961,point_trailhead,40.926,-74.7961,,,,0.4,5.0,mtbproject_avg,,1,dblack,,"Stanhope, New Jersey",New Jersey,United States,,,,mtbproject_trailhead,difficulty=dblack
mtb-7031446,mtbproject,https://www.mtbproject.com/trail/7031446/west-morris-gateway,West Morris Gateway,40.8463,-74.6358,point_trailhead,40.8463,-74.6358,,,,0.9,5.0,mtbproject_avg,,1,green,,"Succasunna, New Jersey",New Jersey,United States,,,,mtbproject_trailhead,difficulty=green
mtb-505773,mtbproject,https://www.mtbproject.com/trail/505773/white-trail,White Trail,40.8748,-74.6101,point_trailhead,40.8748,-74.6101,,,,1.7,4.5,mtbproject_avg,,2,greenBlue,,"Kenvil, New Jersey",New Jersey,United States,,,,mtbproject_trailhead,difficulty=greenBlue
mtb-7004306,mtbproject,https://www.mtbproject.com/trail/7004306/sprain-slick-rock,Sprain Slick Rock,40.9857,-73.8461,point_trailhead,40.9857,-73.8461,,,,0.5,5.0,mtbproject_avg,,1,black,,"Ardsley, New York",New York,United States,,,,mtbproject_trailhead,mtbproject type=Connector
mtb-7004308,mtbproject,https://www.mtbproject.com/trail/7004308/boyce-run,Boyce Run,40.9733,-73.8558,point_trailhead,40.9733,-73.8558,,,,0.7,5.0,mtbproject_avg,,1,blueBlack,,"Hastings-on-Hudson, New York",New York,United States,,,,mtbproject_trailhead,mtbproject type=Connector
mtb-3818620,mtbproject,https://www.mtbproject.com/trail/3818620/blue-trail-a-short-fun-downhill-connector-trail,"Blue Trail - a short, fun downhill connector trail.",41.0931,-74.2311,point_trailhead,41.0931,-74.2311,,,,0.6,5.0,mtbproject_avg,,1,blue,,"Ringwood, New Jersey",New Jersey,United States,,,,mtbproject_trailhead,mtbproject type=Connector
mtb-7008361,mtbproject,https://www.mtbproject.com/trail/7008361/no-name-trail,No Name Trail,40.7062,-77.6505,point_trailhead,40.7062,-77.6505,,,,0.9,4.5,mtbproject_avg,,2,dblack,,"Milroy, Pennsylvania",Pennsylvania,United States,,,,mtbproject_trailhead,difficulty=dblack
mtb-4190908,mtbproject,https://www.mtbproject.com/trail/4190908/bald-knob-ridge-trail,Bald Knob Ridge Trail,40.7613,-77.7778,point_trailhead,40.7613,-77.7778,,,,0.9,4.3,mtbproject_avg,,3,dblack,,"Boalsburg, Pennsylvania",Pennsylvania,United States,,,,mtbproject_trailhead,difficulty=dblack
mtb-5581179,mtbproject,https://www.mtbproject.com/trail/5581179/firemans-trail,Fireman's Trail,40.6698,-75.6185,point_trailhead,40.6698,-75.6185,,,,1.3,4.3,mtbproject_avg,,3,greenBlue,,"Schnecksville, Pennsylvania",Pennsylvania,United States,,,,mtbproject_trailhead,difficulty=greenBlue
mtb-3699378,mtbproject,https://www.mtbproject.com/trail/3699378/john-wert-trail,John Wert Trail,40.7476,-77.7145,point_trailhead,40.7476,-77.7145,,,,2.5,4.0,mtbproject_avg,,6,dblack,,"Boalsburg, Pennsylvania",Pennsylvania,United States,,,,mtbproject_trailhead,difficulty=dblack
mtb-4771960,mtbproject,https://www.mtbproject.com/trail/4771960/sand-spring-trail-middle,Sand Spring Trail - Middle,40.7467,-77.7875,point_trailhead,40.7467,-77.7875,,,,0.7,4.0,mtbproject_avg,,3,dblack,,"Boalsburg, Pennsylvania",Pennsylvania,United States,,,,mtbproject_trailhead,difficulty=dblack
mtb-3837499,mtbproject,https://www.mtbproject.com/trail/3837499/little-shingletown-trail,Little Shingletown Trail,40.7484,-77.7758,point_trailhead,40.7484,-77.7758,,,,2.7,4.0,mtbproject_avg,,2,green,,"Boalsburg, Pennsylvania",Pennsylvania,United States,,,,mtbproject_trailhead,difficulty=green
mtb-6001528,mtbproject,https://www.mtbproject.com/trail/6001528/old-narrows-trail,Old Narrows Trail,40.9879,-77.2275,point_trailhead,40.9879,-77.2275,,,,3.4,4.0,mtbproject_avg,,2,greenBlue,,"Mifflinburg, Pennsylvania",Pennsylvania,United States,,,,mtbproject_trailhead,difficulty=greenBlue
mtb-7015832,mtbproject,https://www.mtbproject.com/trail/7015832/mcdade-recreational-trail,McDade Recreational Trail,41.0188,-75.0802,point_trailhead,41.0188,-75.0802,,,,31.3,4.0,mtbproject_avg,,1,green,,"East Stroudsburg, Pennsylvania",Pennsylvania,United States,,,,mtbproject_trailhead,difficulty=green
mtb-7025610,mtbproject,https://www.mtbproject.com/trail/7025610/spring-creek-canyon-trail,Spring Creek Canyon Trail,40.8798,-77.7923,point_trailhead,40.8798,-77.7923,,,,3.3,4.0,mtbproject_avg,,1,green,,"Bellefonte, Pennsylvania",Pennsylvania,United States,,,,mtbproject_trailhead,difficulty=green
mtb-7007698,mtbproject,https://www.mtbproject.com/trail/7007698/coopers-gap-rd,Coopers Gap Rd,40.7046,-77.7253,point_trailhead,40.7046,-77.7253,,,,8.0,4.0,mtbproject_avg,,1,green,,"Belleville, Pennsylvania",Pennsylvania,United States,,,,mtbproject_trailhead,difficulty=green
mtb-506101,mtbproject,https://www.mtbproject.com/trail/506101/red-trail,Red Trail,40.7763,-74.5452,point_trailhead,40.7763,-74.5452,,,,2.0,4.0,mtbproject_avg,,1,green,,"Mendham, New Jersey",New Jersey,United States,,,,mtbproject_trailhead,difficulty=green
mtb-7007694,mtbproject,https://www.mtbproject.com/trail/7007694/treaster-kettle-rd,Treaster Kettle Rd,40.7332,-77.7549,point_trailhead,40.7332,-77.7549,,,,4.8,4.0,mtbproject_avg,,1,green,,"Boalsburg, Pennsylvania",Pennsylvania,United States,,,,mtbproject_trailhead,difficulty=green
mtb-7007707,mtbproject,https://www.mtbproject.com/trail/7007707/greenlee-rd,Greenlee Rd,40.6776,-77.8699,point_trailhead,40.6776,-77.8699,,,,6.4,4.0,mtbproject_avg,,1,greenBlue,,"Pine Grove Mills, Pennsylvania",Pennsylvania,United States,,,,mtbproject_trailhead,difficulty=greenBlue
mtb-7007683,mtbproject,https://www.mtbproject.com/trail/7007683/bear-gap-rd,Bear Gap Rd,40.7429,-77.7788,point_trailhead,40.7429,-77.7788,,,,1.7,4.0,mtbproject_avg,,1,greenBlue,,"Boalsburg, Pennsylvania",Pennsylvania,United States,,,,mtbproject_trailhead,difficulty=greenBlue
mtb-505879,mtbproject,https://www.mtbproject.com/trail/505879/barberry-trail,Barberry Trail,40.9093,-74.7944,point_trailhead,40.9093,-74.7944,,,,0.8,4.0,mtbproject_avg,,1,green,,"Stanhope, New Jersey",New Jersey,United States,,,,mtbproject_trailhead,difficulty=green
mtb-7001602,mtbproject,https://www.mtbproject.com/trail/7001602/corner-road,Corner Road,40.7645,-77.7378,point_trailhead,40.7645,-77.7378,,,,1.0,4.0,mtbproject_avg,,1,greenBlue,,"Boalsburg, Pennsylvania",Pennsylvania,United States,,,,mtbproject_trailhead,difficulty=greenBlue
mtb-3686976,mtbproject,https://www.mtbproject.com/trail/3686976/race-course-switchbacks-to-skylands-and-warm-puppy,Race Course switchbacks to Skylands and Warm Puppy,41.1134,-74.234,point_trailhead,41.1134,-74.234,,,,0.7,4.0,mtbproject_avg,,1,black,,"Ringwood, New Jersey",New Jersey,United States,,,,mtbproject_trailhead,mtbproject type=Connector
mtb-506047,mtbproject,https://www.mtbproject.com/trail/506047/birch-trail,Birch Trail,40.8932,-74.8043,point_trailhead,40.8932,-74.8043,,,,0.6,4.0,mtbproject_avg,,1,green,,"Hackettstown, New Jersey",New Jersey,United States,,,,mtbproject_trailhead,difficulty=green
mtb-7033782,mtbproject,https://www.mtbproject.com/trail/7033782/pine-hill-road,Pine Hill Road,41.0885,-73.5879,point_trailhead,41.0885,-73.5879,,,,0.5,4.0,mtbproject_avg,,1,greenBlue,,"Riverside, Connecticut",Connecticut,United States,,,,mtbproject_trailhead,difficulty=greenBlue
mtb-7033454,mtbproject,https://www.mtbproject.com/trail/7033454/river-road,River Road,41.0885,-73.5879,point_trailhead,41.0885,-73.5879,,,,0.6,4.0,mtbproject_avg,,1,green,,"Riverside, Connecticut",Connecticut,United States,,,,mtbproject_trailhead,difficulty=green
mtb-7022145,mtbproject,https://www.mtbproject.com/trail/7022145/davison-trail,Davison Trail,41.318,-124.0436,point_trailhead,41.318,-124.0436,,,,3.4,4.0,mtbproject_avg,,1,greenBlue,,"Westhaven-Moonstone, California",California,United States,,,,mtbproject_trailhead,difficulty=greenBlue
mtb-6185275,mtbproject,https://www.mtbproject.com/trail/6185275/coastal-trail,Coastal Trail,41.4399,-124.0603,point_trailhead,41.4399,-124.0603,,,,3.3,4.0,mtbproject_avg,,1,greenBlue,,"Bertsch-Oceanview, California",California,United States,,,,mtbproject_trailhead,difficulty=greenBlue
mtb-7013799,mtbproject,https://www.mtbproject.com/trail/7013799/gateway-trail,Gateway Trail,41.3346,-122.3082,point_trailhead,41.3346,-122.3082,,,,6.4,5.0,mtbproject_avg,,1,greenBlue,,"Mount Shasta, California",California,United States,,,,mtbproject_trailhead,difficulty=greenBlue
mtb-7011499,mtbproject,https://www.mtbproject.com/trail/7011499/lake-siskiyou-trail,Lake Siskiyou Trail,41.2831,-122.347,point_trailhead,41.2831,-122.347,,,,6.9,4.3,mtbproject_avg,,4,greenBlue,,"Mount Shasta, California",California,United States,,,,mtbproject_trailhead,difficulty=greenBlue
mtb-7027500,mtbproject,https://www.mtbproject.com/trail/7027500/ogden-canyon-overlook-trail,Ogden Canyon Overlook Trail,41.2345,-111.8755,point_trailhead,41.2345,-111.8755,,,,0.6,5.0,mtbproject_avg,,2,greenBlue,,"Ogden, Utah",Utah,United States,,,,mtbproject_trailhead,difficulty=greenBlue
mtb-7027907,mtbproject,https://www.mtbproject.com/trail/7027907/eagle-rise-main-loop,Eagle Rise Main Loop,41.4988,-111.9223,point_trailhead,41.4988,-111.9223,,,,2.2,5.0,mtbproject_avg,,1,green,,"Brigham City, Utah",Utah,United States,,,,mtbproject_trailhead,difficulty=green
mtb-7012984,mtbproject,https://www.mtbproject.com/trail/7012984/pineview-west-trail,Pineview West Trail,41.2657,-111.8246,point_trailhead,41.2657,-111.8246,,,,3.2,4.7,mtbproject_avg,,3,greenBlue,,"Wolf Creek, Utah",Utah,United States,,,,mtbproject_trailhead,difficulty=greenBlue
mtb-7003191,mtbproject,https://www.mtbproject.com/trail/7003191/wheeler-creek-east-fork-trail,Wheeler Creek - East Fork Trail,41.2327,-111.8216,point_trailhead,41.2327,-111.8216,,,,3.2,4.3,mtbproject_avg,,3,greenBlue,,"Wolf Creek, Utah",Utah,United States,,,,mtbproject_trailhead,difficulty=greenBlue
mtb-7005513,mtbproject,https://www.mtbproject.com/trail/7005513/brim-trail,Brim Trail,41.3607,-111.7445,point_trailhead,41.3607,-111.7445,,,,6.7,3.9,mtbproject_avg,,9,greenBlue,,"Wolf Creek, Utah",Utah,United States,,,,mtbproject_trailhead,difficulty=greenBlue
mtb-7009385,mtbproject,https://www.mtbproject.com/trail/7009385/ogden-canyon-overlook,Ogden Canyon Overlook,41.2446,-111.9274,point_trailhead,41.2446,-111.9274,,,,0.6,4.0,mtbproject_avg,,2,greenBlue,,"Ogden, Utah",Utah,United States,,,,mtbproject_trailhead,difficulty=greenBlue
mtb-7003195,mtbproject,https://www.mtbproject.com/trail/7003195/wheeler-creek-trail,Wheeler Creek Trail,41.2341,-111.8211,point_trailhead,41.2341,-111.8211,,,,3.6,4.0,mtbproject_avg,,1,greenBlue,,"Wolf Creek, Utah",Utah,United States,,,,mtbproject_trailhead,difficulty=greenBlue
mtb-4159801,mtbproject,https://www.mtbproject.com/trail/4159801/rainbow-downhill,Rainbow Downhill,41.2265,-111.9308,point_trailhead,41.2265,-111.9308,,,,1.2,3.8,mtbproject_avg,,5,greenBlue,,"Ogden, Utah",Utah,United States,,,,mtbproject_trailhead,difficulty=greenBlue
mtb-7009166,mtbproject,https://www.mtbproject.com/trail/7009166/boulder-field-trail,Boulder Field Trail,41.2278,-111.9299,point_trailhead,41.2278,-111.9299,,,,1.1,4.0,mtbproject_avg,,1,green,,"Ogden, Utah",Utah,United States,,,,mtbproject_trailhead,difficulty=green
mtb-7028790,mtbproject,https://www.mtbproject.com/trail/7028790/middle-link,Middle Link,41.3886,-111.9227,point_trailhead,41.3886,-111.9227,,,,0.8,4.0,mtbproject_avg,,1,greenBlue,,"Liberty, Utah",Utah,United States,,,,mtbproject_trailhead,difficulty=greenBlue
mtb-7029048,mtbproject,https://www.mtbproject.com/trail/7029048/knoll-trail-branch,Knoll Trail Branch,41.5079,-111.919,point_trailhead,41.5079,-111.919,,,,0.9,4.0,mtbproject_avg,,1,greenBlue,,"Brigham City, Utah",Utah,United States,,,,mtbproject_trailhead,difficulty=greenBlue
mtb-7004947,mtbproject,https://www.mtbproject.com/trail/7004947/dead-goat,Dead Goat,41.2572,-110.9293,point_trailhead,41.2572,-110.9293,,,,1.5,3.8,mtbproject_avg,,5,greenBlue,,"Evanston, Wyoming",Wyoming,United States,,,,mtbproject_trailhead,difficulty=greenBlue
mtb-7013492,mtbproject,https://www.mtbproject.com/trail/7013492/cruiser,Cruiser,41.4966,-109.4078,point_trailhead,41.4966,-109.4078,,,,2.2,5.0,mtbproject_avg,,1,greenBlue,,"Green River, Wyoming",Wyoming,United States,,,,mtbproject_trailhead,difficulty=greenBlue
mtb-7018137,mtbproject,https://www.mtbproject.com/trail/7018137/matildas-alpine-loop,Matilda's Alpine Loop,41.3725,-106.2454,point_trailhead,41.3725,-106.2454,,,,11.7,4.7,mtbproject_avg,,3,dblack,,"Centennial, Wyoming",Wyoming,United States,,,,mtbproject_trailhead,difficulty=dblack
mtb-3671937,mtbproject,https://www.mtbproject.com/trail/3671937/el-alto,El Alto,41.1802,-105.2662,point_trailhead,41.1802,-105.2662,,,,0.9,4.7,mtbproject_avg,,12,dblack,,"Cheyenne, Wyoming",Wyoming,United States,,,,mtbproject_trailhead,difficulty=dblack
mtb-6374060,mtbproject,https://www.mtbproject.com/trail/6374060/freeride-line-1,Freeride Line #1,41.1702,-105.2139,point_trailhead,41.1702,-105.2139,,,,0.4,4.0,mtbproject_avg,,2,dblack,,"Cheyenne, Wyoming",Wyoming,United States,,,,mtbproject_trailhead,difficulty=dblack
mtb-7031645,mtbproject,https://www.mtbproject.com/trail/7031645/red-wave-loop,Red Wave Loop,41.178,-104.7723,point_trailhead,41.178,-104.7723,,,,0.9,4.0,mtbproject_avg,,1,green,,"Cheyenne, Wyoming",Wyoming,United States,,,,mtbproject_trailhead,difficulty=green
mtb-7031649,mtbproject,https://www.mtbproject.com/trail/7031649/wiggins-wobble,Wiggins Wobble,41.1752,-104.7713,point_trailhead,41.1752,-104.7713,,,,0.2,4.0,mtbproject_avg,,1,green,,"Ranchettes, Wyoming",Wyoming,United States,,,,mtbproject_trailhead,difficulty=green
mtb-7031648,mtbproject,https://www.mtbproject.com/trail/7031648/lariat-loop,Lariat Loop,41.1778,-104.7751,point_trailhead,41.1778,-104.7751,,,,0.7,4.0,mtbproject_avg,,1,green,,"Ranchettes, Wyoming",Wyoming,United States,,,,mtbproject_trailhead,difficulty=green
mtb-7031705,mtbproject,https://www.mtbproject.com/trail/7031705/north-shoreline,North Shoreline,41.1793,-105.2462,point_trailhead,41.1793,-105.2462,,,,2.1,4.0,mtbproject_avg,,1,green,,"Cheyenne, Wyoming",Wyoming,United States,,,,mtbproject_trailhead,difficulty=green
mtb-3872794,mtbproject,https://www.mtbproject.com/trail/3872794/twin-lakes-rolling-singletrack-connecting-volin-trailhead-and-crystal-ridge,Twin Lakes - Rolling singletrack connecting Volin Trailhead and Crystal Ridge,41.1606,-105.2071,point_trailhead,41.1606,-105.2071,,,,0.4,4.0,mtbproject_avg,,1,blue,,"Cheyenne, Wyoming",Wyoming,United States,,,,mtbproject_trailhead,mtbproject type=Connector
mtb-612436,mtbproject,https://www.mtbproject.com/trail/612436/tranquility-park,Tranquility Park,41.3043,-96.1066,point_trailhead,41.3043,-96.1066,,,,9.0,4.0,mtbproject_avg,,25,greenBlue,,"Bennington, Nebraska",Nebraska,United States,,,,mtbproject_trailhead,difficulty=greenBlue
mtb-7017051,mtbproject,https://www.mtbproject.com/trail/7017051/training-daylake-frontboot-camp,Training Day/Lake Front/Boot Camp,41.1393,-96.0636,point_trailhead,41.1393,-96.0636,,,,2.0,4.0,mtbproject_avg,,1,greenBlue,,"Papillion, Nebraska",Nebraska,United States,,,,mtbproject_trailhead,difficulty=greenBlue
mtb-7004210,mtbproject,https://www.mtbproject.com/trail/7004210/center-trails-loop,Center Trails Loop,41.5758,-93.6833,point_trailhead,41.5758,-93.6833,,,,5.8,4.3,mtbproject_avg,,9,greenBlue,,"West Des Moines, Iowa",Iowa,United States,,,,mtbproject_trailhead,difficulty=greenBlue
mtb-7015765,mtbproject,https://www.mtbproject.com/trail/7015765/ewing-park,Ewing Park,41.5397,-93.5848,point_trailhead,41.5397,-93.5848,,,,4.3,4.3,mtbproject_avg,,4,greenBlue,,"Des Moines, Iowa",Iowa,United States,,,,mtbproject_trailhead,difficulty=greenBlue
mtb-7015642,mtbproject,https://www.mtbproject.com/trail/7015642/trail-b-connector-from-trail-a-to-trail-4-keep-your-eyes-peeled-for-rouge-golf-d,Trail B - Connector from Trail A to Trail 4. Keep your eyes peeled for rouge golf disc's.,41.538,-93.5843,point_trailhead,41.538,-93.5843,,,,0.4,5.0,mtbproject_avg,,1,green,,"Des Moines, Iowa",Iowa,United States,,,,mtbproject_trailhead,difficulty=green
mtb-7015643,mtbproject,https://www.mtbproject.com/trail/7015643/trail-a,Trail A,41.5397,-93.5848,point_trailhead,41.5397,-93.5848,,,,0.4,5.0,mtbproject_avg,,1,greenBlue,,"Des Moines, Iowa",Iowa,United States,,,,mtbproject_trailhead,difficulty=greenBlue
mtb-7015644,mtbproject,https://www.mtbproject.com/trail/7015644/trail-c,Trail C,41.5345,-93.5834,point_trailhead,41.5345,-93.5834,,,,0.3,5.0,mtbproject_avg,,1,green,,"Des Moines, Iowa",Iowa,United States,,,,mtbproject_trailhead,difficulty=green
mtb-7015638,mtbproject,https://www.mtbproject.com/trail/7015638/trail-4,Trail 4,41.5344,-93.5854,point_trailhead,41.5344,-93.5854,,,,0.4,5.0,mtbproject_avg,,1,green,,"Des Moines, Iowa",Iowa,United States,,,,mtbproject_trailhead,difficulty=green
mtb-7027579,mtbproject,https://www.mtbproject.com/trail/7027579/soap-box-return-concept,Soap Box Return (concept),41.5387,-93.5859,point_trailhead,41.5387,-93.5859,,,,0.2,5.0,mtbproject_avg,,1,green,,"Des Moines, Iowa",Iowa,United States,,,,mtbproject_trailhead,difficulty=green
mtb-7015635,mtbproject,https://www.mtbproject.com/trail/7015635/trail-2,Trail 2,41.5344,-93.5854,point_trailhead,41.5344,-93.5854,,,,0.6,5.0,mtbproject_avg,,1,green,,"Des Moines, Iowa",Iowa,United States,,,,mtbproject_trailhead,difficulty=green
mtb-7015702,mtbproject,https://www.mtbproject.com/trail/7015702/trail-3,Trail 3,41.5344,-93.5854,point_trailhead,41.5344,-93.5854,,,,0.5,5.0,mtbproject_avg,,1,green,,"Des Moines, Iowa",Iowa,United States,,,,mtbproject_trailhead,difficulty=green
mtb-7018822,mtbproject,https://www.mtbproject.com/trail/7018822/denmans-woods,Denman's Woods,41.574,-93.694,point_trailhead,41.574,-93.694,,,,4.2,4.3,mtbproject_avg,,3,greenBlue,,"West Des Moines, Iowa",Iowa,United States,,,,mtbproject_trailhead,difficulty=greenBlue
mtb-7017961,mtbproject,https://www.mtbproject.com/trail/7017961/lake-ahquabi-trail,Lake Ahquabi Trail,41.2898,-93.5903,point_trailhead,41.2898,-93.5903,,,,6.4,4.0,mtbproject_avg,,2,greenBlue,,"Indianola, Iowa",Iowa,United States,,,,mtbproject_trailhead,difficulty=greenBlue
mtb-7018821,mtbproject,https://www.mtbproject.com/trail/7018821/rollercoaster,Rollercoaster,41.5809,-93.6795,point_trailhead,41.5809,-93.6795,,,,1.8,4.0,mtbproject_avg,,2,greenBlue,,"West Des Moines, Iowa",Iowa,United States,,,,mtbproject_trailhead,difficulty=greenBlue
mtb-7031122,mtbproject,https://www.mtbproject.com/trail/7031122/red-rock-dam,Red Rock Dam,41.378,-92.9673,point_trailhead,41.378,-92.9673,,,,2.0,4.0,mtbproject_avg,,1,greenBlue,,"Pella, Iowa",Iowa,United States,,,,mtbproject_trailhead,difficulty=greenBlue
mtb-3398607,mtbproject,https://www.mtbproject.com/trail/3398607/south-system-loop,South System Loop,41.56,-90.4004,point_trailhead,41.56,-90.4004,,,,1.6,4.5,mtbproject_avg,,4,greenBlue,,"Hampton, Illinois",Illinois,United States,,,,mtbproject_trailhead,difficulty=greenBlue
mtb-3368718,mtbproject,https://www.mtbproject.com/trail/3368718/south-system-climb,South System Climb,41.562,-90.4014,point_trailhead,41.562,-90.4014,,,,0.6,4.0,mtbproject_avg,,2,greenBlue,,"Hampton, Illinois",Illinois,United States,,,,mtbproject_trailhead,difficulty=greenBlue
mtb-1187364,mtbproject,https://www.mtbproject.com/trail/1187364/sunderbruch-park-farmdale-loop,Sunderbruch Park - Farmdale Loop,41.5162,-90.6432,point_trailhead,41.5162,-90.6432,,,,1.5,4.0,mtbproject_avg,,1,green,,"Davenport, Iowa",Iowa,United States,,,,mtbproject_trailhead,difficulty=green
mtb-7003620,mtbproject,https://www.mtbproject.com/trail/7003620/overlook-loop,Overlook Loop,41.563,-90.3967,point_trailhead,41.563,-90.3967,,,,0.7,4.0,mtbproject_avg,,1,greenBlue,,"Hampton, Illinois",Illinois,United States,,,,mtbproject_trailhead,difficulty=greenBlue
mtb-7003619,mtbproject,https://www.mtbproject.com/trail/7003619/north-system-upper-loop,North System Upper Loop,41.563,-90.3967,point_trailhead,41.563,-90.3967,,,,0.6,4.0,mtbproject_avg,,1,greenBlue,,"Hampton, Illinois",Illinois,United States,,,,mtbproject_trailhead,difficulty=greenBlue
mtb-7011708,mtbproject,https://www.mtbproject.com/trail/7011708/coffee-creek-watershed-preserve-5k-loop,Coffee Creek Watershed Preserve - 5k Loop,41.5852,-87.0361,point_trailhead,41.5852,-87.0361,,,,3.2,4.0,mtbproject_avg,,1,green,,"Chesterton, Indiana",Indiana,United States,,,,mtbproject_trailhead,difficulty=green
mtb-7031081,mtbproject,https://www.mtbproject.com/trail/7031081/mountain-bike-trail,Mountain Bike Trail,41.5516,-86.3621,point_trailhead,41.5516,-86.3621,,,,6.7,4.5,mtbproject_avg,,2,greenBlue,,"North Liberty, Indiana",Indiana,United States,,,,mtbproject_trailhead,difficulty=greenBlue
mtb-7028873,mtbproject,https://www.mtbproject.com/trail/7028873/beach-ridge-bike-trail,Beach Ridge Bike Trail,41.5566,-83.8735,point_trailhead,41.5566,-83.8735,,,,5.0,4.0,mtbproject_avg,,8,greenBlue,,"Swanton, Ohio",Ohio,United States,,,,mtbproject_trailhead,difficulty=greenBlue
mtb-662527,mtbproject,https://www.mtbproject.com/trail/662527/royalview-singletrack,Royalview Singletrack,41.3104,-81.7937,point_trailhead,41.3104,-81.7937,,,,8.7,3.9,mtbproject_avg,,38,greenBlue,,"Strongsville, Ohio",Ohio,United States,,,,mtbproject_trailhead,difficulty=greenBlue
mtb-7031246,mtbproject,https://www.mtbproject.com/trail/7031246/family-mtb-trails-cabbage-patch-trail-and-yukan-trail,Family MTB Trails: Cabbage Patch Trail and Yukan Trail,41.1555,-81.8317,point_trailhead,41.1555,-81.8317,,,,2.9,5.0,mtbproject_avg,,1,green,,"Medina, Ohio",Ohio,United States,,,,mtbproject_trailhead,difficulty=green
mtb-660157,mtbproject,https://www.mtbproject.com/trail/660157/yellow-trail,Yellow Trail,41.3104,-81.7938,point_trailhead,41.3104,-81.7938,,,,3.4,4.5,mtbproject_avg,,4,greenBlue,,"Strongsville, Ohio",Ohio,United States,,,,mtbproject_trailhead,difficulty=greenBlue
mtb-664851,mtbproject,https://www.mtbproject.com/trail/664851/red-trail,Red Trail,41.3085,-81.7961,point_trailhead,41.3085,-81.7961,,,,3.7,4.0,mtbproject_avg,,4,greenBlue,,"Strongsville, Ohio",Ohio,United States,,,,mtbproject_trailhead,difficulty=greenBlue
mtb-7015168,mtbproject,https://www.mtbproject.com/trail/7015168/green-trail,Green Trail,41.1505,-81.5513,point_trailhead,41.1505,-81.5513,,,,1.4,4.2,mtbproject_avg,,14,greenBlue,,"Fairlawn, Ohio",Ohio,United States,,,,mtbproject_trailhead,difficulty=greenBlue
mtb-6144211,mtbproject,https://www.mtbproject.com/trail/6144211/bedford-reservation,Bedford Reservation,41.3845,-81.5394,point_trailhead,41.3845,-81.5394,,,,11.5,4.0,mtbproject_avg,,16,greenBlue,,"Bedford, Ohio",Ohio,United States,,,,mtbproject_trailhead,difficulty=greenBlue
mtb-7015169,mtbproject,https://www.mtbproject.com/trail/7015169/beginner-trail-white,Beginner Trail - White,41.1509,-81.551,point_trailhead,41.1509,-81.551,,,,0.2,4.0,mtbproject_avg,,3,green,,"Cuyahoga Falls, Ohio",Ohio,United States,,,,mtbproject_trailhead,difficulty=green
mtb-7029599,mtbproject,https://www.mtbproject.com/trail/7029599/upper-loop,Upper Loop,41.1553,-81.5507,point_trailhead,41.1553,-81.5507,,,,0.4,4.0,mtbproject_avg,,2,greenBlue,,"Cuyahoga Falls, Ohio",Ohio,United States,,,,mtbproject_trailhead,difficulty=greenBlue
mtb-7033229,mtbproject,https://www.mtbproject.com/trail/7033229/kennerdell-tract-beginner-loop,Kennerdell Tract Beginner Loop,41.2958,-79.8787,point_trailhead,41.2958,-79.8787,,,,5.5,4.0,mtbproject_avg,,1,greenBlue,,"Sugarcreek, Pennsylvania",Pennsylvania,United States,,,,mtbproject_trailhead,difficulty=greenBlue
mtb-7021189,mtbproject,https://www.mtbproject.com/trail/7021189/river-trail,River Trail,41.3051,-79.8483,point_trailhead,41.3051,-79.8483,,,,5.5,4.0,mtbproject_avg,,2,greenBlue,,"Franklin, Pennsylvania",Pennsylvania,United States,,,,mtbproject_trailhead,difficulty=greenBlue
mtb-7015083,mtbproject,https://www.mtbproject.com/trail/7015083/ernst-trail,Ernst Trail,41.626,-80.1621,point_trailhead,41.626,-80.1621,,,,6.7,4.0,mtbproject_avg,,2,green,,"Meadville, Pennsylvania",Pennsylvania,United States,,,,mtbproject_trailhead,difficulty=green
mtb-7021186,mtbproject,https://www.mtbproject.com/trail/7021186/stripmine-trail,Stripmine Trail,41.2974,-79.869,point_trailhead,41.2974,-79.869,,,,0.9,4.0,mtbproject_avg,,2,green,,"Franklin, Pennsylvania",Pennsylvania,United States,,,,mtbproject_trailhead,difficulty=green
mtb-7021401,mtbproject,https://www.mtbproject.com/trail/7021401/white-blaze,White Blaze,40.5883,-79.9817,point_trailhead,40.5883,-79.9817,,,,1.6,4.0,mtbproject_avg,,1,greenBlue,,"Allison Park, Pennsylvania",Pennsylvania,United States,,,,mtbproject_trailhead,difficulty=greenBlue
mtb-5927004,mtbproject,https://www.mtbproject.com/trail/5927004/riverview-trail,Riverview Trail,40.4303,-79.9152,point_trailhead,40.4303,-79.9152,,,,1.2,4.0,mtbproject_avg,,1,green,,"Homestead, Pennsylvania",Pennsylvania,United States,,,,mtbproject_trailhead,difficulty=green
mtb-7018319,mtbproject,https://www.mtbproject.com/trail/7018319/main-loop,Main Loop,41.487,-79.7703,point_trailhead,41.487,-79.7703,,,,3.4,4.0,mtbproject_avg,,1,greenBlue,,"Oil City, Pennsylvania",Pennsylvania,United States,,,,mtbproject_trailhead,difficulty=greenBlue
mtb-7001607,mtbproject,https://www.mtbproject.com/trail/7001607/zoo-trail,Zoo Trail,40.4872,-79.9178,point_trailhead,40.4872,-79.9178,,,,0.5,4.0,mtbproject_avg,,1,greenBlue,,"Sharpsburg, Pennsylvania",Pennsylvania,United States,,,,mtbproject_trailhead,difficulty=greenBlue
mtb-6425719,mtbproject,https://www.mtbproject.com/trail/6425719/the-drain,The Drain,40.3169,-80.0144,point_trailhead,40.3169,-80.0144,,,,0.4,4.0,mtbproject_avg,,1,greenBlue,,"Bethel Park, Pennsylvania",Pennsylvania,United States,,,,mtbproject_trailhead,difficulty=greenBlue
mtb-5927154,mtbproject,https://www.mtbproject.com/trail/5927154/firelane-trail,Firelane Trail,40.4295,-79.9007,point_trailhead,40.4295,-79.9007,,,,0.4,4.0,mtbproject_avg,,1,green,,"Edgewood, Pennsylvania",Pennsylvania,United States,,,,mtbproject_trailhead,difficulty=green
mtb-5927117,mtbproject,https://www.mtbproject.com/trail/5927117/lower-riverview-trail,Lower Riverview Trail,40.4344,-79.9078,point_trailhead,40.4344,-79.9078,,,,0.7,4.0,mtbproject_avg,,1,green,,"Edgewood, Pennsylvania",Pennsylvania,United States,,,,mtbproject_trailhead,difficulty=green
mtb-7019567,mtbproject,https://www.mtbproject.com/trail/7019567/saddle-trail,Saddle Trail,40.4301,-80.0019,point_trailhead,40.4301,-80.0019,,,,0.2,4.0,mtbproject_avg,,1,black,,"Pittsburgh, Pennsylvania",Pennsylvania,United States,,,,mtbproject_trailhead,mtbproject type=Connector
mtb-7009135,mtbproject,https://www.mtbproject.com/trail/7009135/leftys-area-51,Lefty's Area 51,41.53,-75.7715,point_trailhead,41.53,-75.7715,,,,2.3,5.0,mtbproject_avg,,1,dblack,,"Dalton, Pennsylvania",Pennsylvania,United States,,,,mtbproject_trailhead,difficulty=dblack
mtb-3196728,mtbproject,https://www.mtbproject.com/trail/3196728/main-street,Main Street,41.4386,-75.541,point_trailhead,41.4386,-75.541,,,,1.1,5.0,mtbproject_avg,,1,green,,"Jessup, Pennsylvania",Pennsylvania,United States,,,,mtbproject_trailhead,difficulty=green
mtb-7033011,mtbproject,https://www.mtbproject.com/trail/7033011/bear-paw-trail,Bear Paw Trail,41.5625,-75.6982,point_trailhead,41.5625,-75.6982,,,,0.5,5.0,mtbproject_avg,,1,greenBlue,,"Dalton, Pennsylvania",Pennsylvania,United States,,,,mtbproject_trailhead,difficulty=greenBlue
mtb-6391345,mtbproject,https://www.mtbproject.com/trail/6391345/the-wall,The Wall,41.1569,-74.4147,point_trailhead,41.1569,-74.4147,,,,1.4,5.0,mtbproject_avg,,1,dblack,,"Highland Lake, New Jersey",New Jersey,United States,,,,mtbproject_trailhead,difficulty=dblack
mtb-7002540,mtbproject,https://www.mtbproject.com/trail/7002540/rouge,Rouge,41.2707,-73.9295,point_trailhead,41.2707,-73.9295,,,,11.3,5.0,mtbproject_avg,,1,dblack,,"Buchanan, New York",New York,United States,,,,mtbproject_trailhead,difficulty=dblack
mtb-7002528,mtbproject,https://www.mtbproject.com/trail/7002528/debacle,Debacle,41.2669,-73.915,point_trailhead,41.2669,-73.915,,,,1.6,5.0,mtbproject_avg,,1,dblack,,"Buchanan, New York",New York,United States,,,,mtbproject_trailhead,difficulty=dblack
mtb-5220235,mtbproject,https://www.mtbproject.com/trail/5220235/upper-gussy-loop,Upper Gussy Loop,41.448,-73.3085,point_trailhead,41.448,-73.3085,,,,3.9,4.0,mtbproject_avg,,2,greenBlue,,"Newtown, Connecticut",Connecticut,United States,,,,mtbproject_trailhead,difficulty=greenBlue
mtb-7015143,mtbproject,https://www.mtbproject.com/trail/7015143/pine-creek-rail-trail,Pine Creek Rail Trail,41.7886,-77.309,point_trailhead,41.7886,-77.309,,,,64.3,4.0,mtbproject_avg,,1,greenBlue,,"Wellsboro, Pennsylvania",Pennsylvania,United States,,,,mtbproject_trailhead,difficulty=greenBlue
mtb-7020158,mtbproject,https://www.mtbproject.com/trail/7020158/erratica-trail,Erratica Trail,41.4252,-72.6696,point_trailhead,41.4252,-72.6696,,,,2.3,4.5,mtbproject_avg,,4,greenBlue,,"Durham, Connecticut",Connecticut,United States,,,,mtbproject_trailhead,difficulty=greenBlue
mtb-7020289,mtbproject,https://www.mtbproject.com/trail/7020289/bee-line,Bee Line,41.417,-72.6738,point_trailhead,41.417,-72.6738,,,,1.1,4.3,mtbproject_avg,,4,greenBlue,,"Durham, Connecticut",Connecticut,United States,,,,mtbproject_trailhead,difficulty=greenBlue
mtb-7020239,mtbproject,https://www.mtbproject.com/trail/7020239/bambi,Bambi,41.427,-72.6661,point_trailhead,41.427,-72.6661,,,,0.7,4.0,mtbproject_avg,,2,green,,"Durham, Connecticut",Connecticut,United States,,,,mtbproject_trailhead,difficulty=green
mtb-7029311,mtbproject,https://www.mtbproject.com/trail/7029311/putnam-county-trailway,Putnam County Trailway,41.4013,-73.6245,point_trailhead,41.4013,-73.6245,,,,11.8,4.0,mtbproject_avg,,1,greenBlue,,"Brewster, New York",New York,United States,,,,mtbproject_trailhead,difficulty=greenBlue
mtb-7020572,mtbproject,https://www.mtbproject.com/trail/7020572/towpath,Towpath,41.3837,-74.6968,point_trailhead,41.3837,-74.6968,,,,1.2,4.0,mtbproject_avg,,1,greenBlue,,"Port Jervis, New York",New York,United States,,,,mtbproject_trailhead,difficulty=greenBlue
mtb-7012932,mtbproject,https://www.mtbproject.com/trail/7012932/pachaug-trail,Pachaug Trail,41.5485,-71.8115,point_trailhead,41.5485,-71.8115,,,,1.0,4.0,mtbproject_avg,,1,dblack,,"Preston City, Connecticut",Connecticut,United States,,,,mtbproject_trailhead,difficulty=dblack
mtb-7010425,mtbproject,https://www.mtbproject.com/trail/7010425/brushy-ridge-trail,Brushy Ridge Trail,41.3414,-76.7802,point_trailhead,41.3414,-76.7802,,,,1.4,4.0,mtbproject_avg,,1,greenBlue,,"Muncy, Pennsylvania",Pennsylvania,United States,,,,mtbproject_trailhead,difficulty=greenBlue
mtb-6108575,mtbproject,https://www.mtbproject.com/trail/6108575/yellow-trail,Yellow Trail,41.3648,-73.4524,point_trailhead,41.3648,-73.4524,,,,1.2,4.0,mtbproject_avg,,1,dblack,,"Danbury, Connecticut",Connecticut,United States,,,,mtbproject_trailhead,difficulty=dblack
mtb-7020575,mtbproject,https://www.mtbproject.com/trail/7020575/campsite,Campsite,41.3838,-74.6944,point_trailhead,41.3838,-74.6944,,,,0.7,4.0,mtbproject_avg,,1,greenBlue,,"Port Jervis, New York",New York,United States,,,,mtbproject_trailhead,difficulty=greenBlue
mtb-7030392,mtbproject,https://www.mtbproject.com/trail/7030392/old-boggy-hole-road,Old Boggy Hole Road,41.3114,-72.316,point_trailhead,41.3114,-72.316,,,,0.6,4.0,mtbproject_avg,,1,green,,"Old Saybrook Center, Connecticut",Connecticut,United States,,,,mtbproject_trailhead,difficulty=green
mtb-7020573,mtbproject,https://www.mtbproject.com/trail/7020573/hula-hubbard,Hula Hubbard,41.3833,-74.6919,point_trailhead,41.3833,-74.6919,,,,0.5,4.0,mtbproject_avg,,1,greenBlue,,"Port Jervis, New York",New York,United States,,,,mtbproject_trailhead,difficulty=greenBlue
mtb-7002501,mtbproject,https://www.mtbproject.com/trail/7002501/beaver-pond-trail,Beaver Pond Trail,41.4772,-74.1878,point_trailhead,41.4772,-74.1878,,,,1.3,4.0,mtbproject_avg,,1,greenBlue,,"Maybrook, New York",New York,United States,,,,mtbproject_trailhead,difficulty=greenBlue
mtb-7013673,mtbproject,https://www.mtbproject.com/trail/7013673/silver-fox,Silver Fox,41.2458,-76.0559,point_trailhead,41.2458,-76.0559,,,,0.4,4.0,mtbproject_avg,,1,greenBlue,,"Nanticoke, Pennsylvania",Pennsylvania,United States,,,,mtbproject_trailhead,difficulty=greenBlue
mtb-7002493,mtbproject,https://www.mtbproject.com/trail/7002493/white-cloud-trail-major-mikes,White Cloud Trail (Major Mike's),41.4755,-74.1731,point_trailhead,41.4755,-74.1731,,,,1.0,4.0,mtbproject_avg,,1,greenBlue,,"Maybrook, New York",New York,United States,,,,mtbproject_trailhead,difficulty=greenBlue
mtb-7002654,mtbproject,https://www.mtbproject.com/trail/7002654/on-your-back,On Your Back,41.2717,-73.9262,point_trailhead,41.2717,-73.9262,,,,0.3,4.0,mtbproject_avg,,1,blueBlack,,"Buchanan, New York",New York,United States,,,,mtbproject_trailhead,mtbproject type=Connector
mtb-7002500,mtbproject,https://www.mtbproject.com/trail/7002500/drakes-trail,Drake's Trail,41.4731,-74.1821,point_trailhead,41.4731,-74.1821,,,,1.4,4.0,mtbproject_avg,,1,greenBlue,,"Maybrook, New York",New York,United States,,,,mtbproject_trailhead,difficulty=greenBlue
mtb-7002496,mtbproject,https://www.mtbproject.com/trail/7002496/camp,Camp,41.4874,-74.1728,point_trailhead,41.4874,-74.1728,,,,1.0,4.0,mtbproject_avg,,1,greenBlue,,"Maybrook, New York",New York,United States,,,,mtbproject_trailhead,difficulty=greenBlue
mtb-6520258,mtbproject,https://www.mtbproject.com/trail/6520258/greenwhite-peters-trail,Green/White (Peter's Trail),41.2748,-73.3368,point_trailhead,41.2748,-73.3368,,,,0.7,4.0,mtbproject_avg,,1,greenBlue,,"Easton, Connecticut",Connecticut,United States,,,,mtbproject_trailhead,difficulty=greenBlue
mtb-1569062,mtbproject,https://www.mtbproject.com/trail/1569062/abington-trail-connector,Abington Trail connector,41.5806,-75.6943,point_trailhead,41.5806,-75.6943,,,,0.5,4.0,mtbproject_avg,,1,green,,"Dalton, Pennsylvania",Pennsylvania,United States,,,,mtbproject_trailhead,difficulty=green
mtb-7013672,mtbproject,https://www.mtbproject.com/trail/7013672/thorny,Thorny,41.2485,-76.058,point_trailhead,41.2485,-76.058,,,,0.2,4.0,mtbproject_avg,,1,greenBlue,,"Nanticoke, Pennsylvania",Pennsylvania,United States,,,,mtbproject_trailhead,difficulty=greenBlue
mtb-7033009,mtbproject,https://www.mtbproject.com/trail/7033009/ranger-trail,Ranger Trail,41.5634,-75.7053,point_trailhead,41.5634,-75.7053,,,,0.6,4.0,mtbproject_avg,,1,greenBlue,,"Dalton, Pennsylvania",Pennsylvania,United States,,,,mtbproject_trailhead,difficulty=greenBlue
mtb-7027123,mtbproject,https://www.mtbproject.com/trail/7027123/green-trail,Green Trail,41.5852,-71.1796,point_trailhead,41.5852,-71.1796,,,,0.5,4.0,mtbproject_avg,,1,greenBlue,,"Tiverton, Rhode Island",Rhode Island,United States,,,,mtbproject_trailhead,difficulty=greenBlue
mtb-7031412,mtbproject,https://www.mtbproject.com/trail/7031412/red-trail,Red Trail,41.5709,-71.0171,point_trailhead,41.5709,-71.0171,,,,1.6,4.0,mtbproject_avg,,1,green,,"Head of Westport, Massachusetts",Massachusetts,United States,,,,mtbproject_trailhead,difficulty=green
mtb-7031413,mtbproject,https://www.mtbproject.com/trail/7031413/yellow-trail,Yellow Trail,41.58,-71.0157,point_trailhead,41.58,-71.0157,,,,1.5,4.0,mtbproject_avg,,1,greenBlue,,"Head of Westport, Massachusetts",Massachusetts,United States,,,,mtbproject_trailhead,difficulty=greenBlue
mtb-7018083,mtbproject,https://www.mtbproject.com/trail/7018083/cemetery-trail,Cemetery Trail,41.5913,-71.1936,point_trailhead,41.5913,-71.1936,,,,0.6,4.0,mtbproject_avg,,1,greenBlue,,"Tiverton, Rhode Island",Rhode Island,United States,,,,mtbproject_trailhead,difficulty=greenBlue
mtb-7014386,mtbproject,https://www.mtbproject.com/trail/7014386/long-pond-loop,Long Pond Loop,41.5853,-70.6232,point_trailhead,41.5853,-70.6232,,,,3.5,4.7,mtbproject_avg,,3,greenBlue,,"West Falmouth, Massachusetts",Massachusetts,United States,,,,mtbproject_trailhead,difficulty=greenBlue
mtb-7014385,mtbproject,https://www.mtbproject.com/trail/7014385/long-pond-north-access-trail,Long Pond North Access Trail,41.5936,-70.6256,point_trailhead,41.5936,-70.6256,,,,0.9,4.0,mtbproject_avg,,1,greenBlue,,"West Falmouth, Massachusetts",Massachusetts,United States,,,,mtbproject_trailhead,difficulty=greenBlue
mtb-5650059,mtbproject,https://www.mtbproject.com/trail/5650059/applegate-lake,Applegate Lake,42.0551,-123.1181,point_trailhead,42.0551,-123.1181,,,,17.2,4.2,mtbproject_avg,,9,greenBlue,,"Williams, Oregon",Oregon,United States,,,,mtbproject_trailhead,difficulty=greenBlue
mtb-6529172,mtbproject,https://www.mtbproject.com/trail/6529172/payette,Payette,42.0227,-123.147,point_trailhead,42.0227,-123.147,,,,8.2,4.0,mtbproject_avg,,1,greenBlue,,"Williams, Oregon",Oregon,United States,,,,mtbproject_trailhead,difficulty=greenBlue
mtb-7011453,mtbproject,https://www.mtbproject.com/trail/7011453/big-ditch-trail,Big Ditch Trail,41.7071,-122.6523,point_trailhead,41.7071,-122.6523,,,,1.0,4.0,mtbproject_avg,,1,green,,"Yreka, California",California,United States,,,,mtbproject_trailhead,difficulty=green
mtb-7011422,mtbproject,https://www.mtbproject.com/trail/7011422/aarp-trail,AARP Trail,41.7068,-122.6694,point_trailhead,41.7068,-122.6694,,,,0.8,4.0,mtbproject_avg,,1,greenBlue,,"Yreka, California",California,United States,,,,mtbproject_trailhead,difficulty=greenBlue
mtb-7011492,mtbproject,https://www.mtbproject.com/trail/7011492/lynn-skinner-memorial-trail,Lynn Skinner Memorial Trail,41.7071,-122.6511,point_trailhead,41.7071,-122.6511,,,,0.5,4.0,mtbproject_avg,,1,greenBlue,,"Yreka, California",California,United States,,,,mtbproject_trailhead,difficulty=greenBlue
mtb-7011425,mtbproject,https://www.mtbproject.com/trail/7011425/kids-trail,Kid's Trail,41.7125,-122.6621,point_trailhead,41.7125,-122.6621,,,,0.7,4.0,mtbproject_avg,,1,greenBlue,,"Yreka, California",California,United States,,,,mtbproject_trailhead,difficulty=greenBlue
mtb-7011496,mtbproject,https://www.mtbproject.com/trail/7011496/pine-trail,Pine Trail,41.7107,-122.6614,point_trailhead,41.7107,-122.6614,,,,0.2,4.0,mtbproject_avg,,1,greenBlue,,"Yreka, California",California,United States,,,,mtbproject_trailhead,difficulty=greenBlue
mtb-7000660,mtbproject,https://www.mtbproject.com/trail/7000660/green-canyon,Green Canyon,41.7704,-111.7634,point_trailhead,41.7704,-111.7634,,,,3.5,4.5,mtbproject_avg,,18,greenBlue,,"North Logan, Utah",Utah,United States,,,,mtbproject_trailhead,difficulty=greenBlue
mtb-7028437,mtbproject,https://www.mtbproject.com/trail/7028437/blacksmith-fork-river-trail,Blacksmith Fork River Trail,41.6267,-111.8003,point_trailhead,41.6267,-111.8003,,,,4.0,4.6,mtbproject_avg,,5,greenBlue,,"Hyrum, Utah",Utah,United States,,,,mtbproject_trailhead,difficulty=greenBlue
mtb-7010095,mtbproject,https://www.mtbproject.com/trail/7010095/logan-dry-canyon-trail-16,Logan Dry Canyon Trail #16,41.731,-111.7889,point_trailhead,41.731,-111.7889,,,,4.9,4.0,mtbproject_avg,,1,dblack,,"River Heights, Utah",Utah,United States,,,,mtbproject_trailhead,difficulty=dblack
mtb-7016003,mtbproject,https://www.mtbproject.com/trail/7016003/cowboy-trail,Cowboy Trail,42.0042,-97.425,point_trailhead,42.0042,-97.425,,,,195.2,5.0,mtbproject_avg,,1,green,,"Norfolk, Nebraska",Nebraska,United States,,,,mtbproject_trailhead,difficulty=green
mtb-7029900,mtbproject,https://www.mtbproject.com/trail/7029900/maskenthine-trail-south,Maskenthine Trail - South,41.9831,-97.242,point_trailhead,41.9831,-97.242,,,,3.6,4.0,mtbproject_avg,,2,greenBlue,,"Stanton, Nebraska",Nebraska,United States,,,,mtbproject_trailhead,difficulty=greenBlue
mtb-7029902,mtbproject,https://www.mtbproject.com/trail/7029902/maskenthine-trail-north,Maskenthine Trail - North,41.9828,-97.2425,point_trailhead,41.9828,-97.2425,,,,2.6,4.0,mtbproject_avg,,2,greenBlue,,"Stanton, Nebraska",Nebraska,United States,,,,mtbproject_trailhead,difficulty=greenBlue
mtb-7013613,mtbproject,https://www.mtbproject.com/trail/7013613/little-dipper,Little Dipper,41.8041,-94.6425,point_trailhead,41.8041,-94.6425,,,,1.9,5.0,mtbproject_avg,,1,green,,"Coon Rapids, Iowa",Iowa,United States,,,,mtbproject_trailhead,difficulty=green
mtb-7014378,mtbproject,https://www.mtbproject.com/trail/7014378/sunrise-trail,Sunrise Trail,41.8419,-94.6664,point_trailhead,41.8419,-94.6664,,,,0.6,5.0,mtbproject_avg,,1,greenBlue,,"Coon Rapids, Iowa",Iowa,United States,,,,mtbproject_trailhead,difficulty=greenBlue
mtb-7013719,mtbproject,https://www.mtbproject.com/trail/7013719/riverside-trail,Riverside Trail,41.8169,-94.6479,point_trailhead,41.8169,-94.6479,,,,0.9,4.0,mtbproject_avg,,2,green,,"Coon Rapids, Iowa",Iowa,United States,,,,mtbproject_trailhead,difficulty=green
mtb-7002484,mtbproject,https://www.mtbproject.com/trail/7002484/sycamore-trail,Sycamore Trail,41.68,-93.6722,point_trailhead,41.68,-93.6722,,,,15.4,3.8,mtbproject_avg,,6,greenBlue,,"Johnston, Iowa",Iowa,United States,,,,mtbproject_trailhead,difficulty=greenBlue
mtb-7002519,mtbproject,https://www.mtbproject.com/trail/7002519/lake-loop-this-winds-around-a-small-lake-along-a-levy-then-drops-off-the-levy-th,Lake Loop - This winds around a small lake along a levy then drops off the levy through some small hills.,41.6571,-93.6712,point_trailhead,41.6571,-93.6712,,,,0.8,4.0,mtbproject_avg,,1,greenBlue,,"Johnston, Iowa",Iowa,United States,,,,mtbproject_trailhead,difficulty=greenBlue
mtb-4488434,mtbproject,https://www.mtbproject.com/trail/4488434/xx-a-short-experts-only-loop,"XX - a short, experts-only loop.",41.9386,-91.7035,point_trailhead,41.9386,-91.7035,,,,0.1,5.0,mtbproject_avg,,1,dblack,,"Fairfax, Iowa",Iowa,United States,,,,mtbproject_trailhead,difficulty=dblack
mtb-4465980,mtbproject,https://www.mtbproject.com/trail/4465980/trail-8-ditch-digger-wiggle-through-this-descent-extra-fast-with-its-tidy-little,Trail 8 - Ditch Digger - Wiggle through this descent extra fast with its tidy little berms.,41.9377,-91.7102,point_trailhead,41.9377,-91.7102,,,,0.3,5.0,mtbproject_avg,,1,blue,,"Fairfax, Iowa",Iowa,United States,,,,mtbproject_trailhead,mtbproject type=Connector
mtb-7028556,mtbproject,https://www.mtbproject.com/trail/7028556/red-cedar,Red Cedar,42.0108,-91.5751,point_trailhead,42.0108,-91.5751,,,,1.9,4.7,mtbproject_avg,,3,greenBlue,,"Marion, Iowa",Iowa,United States,,,,mtbproject_trailhead,difficulty=greenBlue
mtb-4472744,mtbproject,https://www.mtbproject.com/trail/4472744/frontside,Frontside,41.9416,-91.7037,point_trailhead,41.9416,-91.7037,,,,0.9,4.0,mtbproject_avg,,3,greenBlue,,"Fairfax, Iowa",Iowa,United States,,,,mtbproject_trailhead,difficulty=greenBlue
mtb-7013435,mtbproject,https://www.mtbproject.com/trail/7013435/sac-fox-singletrack-cedar-river-segment-1,Sac & Fox Singletrack - Cedar River Segment 1,41.9463,-91.6205,point_trailhead,41.9463,-91.6205,,,,1.5,4.0,mtbproject_avg,,1,green,,"Cedar Rapids, Iowa",Iowa,United States,,,,mtbproject_trailhead,difficulty=green
mtb-7013438,mtbproject,https://www.mtbproject.com/trail/7013438/sac-fox-singletrack-cedar-river-segment-2,Sac & Fox Singletrack - Cedar River segment 2,41.9569,-91.5986,point_trailhead,41.9569,-91.5986,,,,1.2,4.0,mtbproject_avg,,1,green,,"Marion, Iowa",Iowa,United States,,,,mtbproject_trailhead,difficulty=green
mtb-4607932,mtbproject,https://www.mtbproject.com/trail/4607932/101x-cyclocross-hill,101x Cyclocross Hill,41.7623,-91.5504,point_trailhead,41.7623,-91.5504,,,,0.1,4.0,mtbproject_avg,,1,dblack,,"North Liberty, Iowa",Iowa,United States,,,,mtbproject_trailhead,difficulty=dblack
mtb-4613602,mtbproject,https://www.mtbproject.com/trail/4613602/101,101,41.759,-91.5539,point_trailhead,41.759,-91.5539,,,,2.3,4.0,mtbproject_avg,,1,green,,"North Liberty, Iowa",Iowa,United States,,,,mtbproject_trailhead,difficulty=green
mtb-4605688,mtbproject,https://www.mtbproject.com/trail/4605688/201,201,41.7583,-91.5441,point_trailhead,41.7583,-91.5441,,,,1.3,4.0,mtbproject_avg,,1,green,,"North Liberty, Iowa",Iowa,United States,,,,mtbproject_trailhead,difficulty=green
mtb-4612447,mtbproject,https://www.mtbproject.com/trail/4612447/301,301,41.7531,-91.5519,point_trailhead,41.7531,-91.5519,,,,1.1,4.0,mtbproject_avg,,1,green,,"North Liberty, Iowa",Iowa,United States,,,,mtbproject_trailhead,difficulty=green
mtb-7008001,mtbproject,https://www.mtbproject.com/trail/7008001/bullwhip,Bullwhip,41.7047,-87.8942,point_trailhead,41.7047,-87.8942,,,,1.0,4.3,mtbproject_avg,,6,greenBlue,,"Willow Springs, Illinois",Illinois,United States,,,,mtbproject_trailhead,difficulty=greenBlue
mtb-7007973,mtbproject,https://www.mtbproject.com/trail/7007973/cemetery-hill-loop,Cemetery Hill Loop,41.7172,-87.8821,point_trailhead,41.7172,-87.8821,,,,1.8,4.0,mtbproject_avg,,5,greenBlue,,"Willow Springs, Illinois",Illinois,United States,,,,mtbproject_trailhead,difficulty=greenBlue
mtb-7007998,mtbproject,https://www.mtbproject.com/trail/7007998/hickory-smoked,Hickory Smoked,41.7137,-87.8848,point_trailhead,41.7137,-87.8848,,,,0.4,3.8,mtbproject_avg,,5,greenBlue,,"Willow Springs, Illinois",Illinois,United States,,,,mtbproject_trailhead,difficulty=greenBlue
mtb-7008542,mtbproject,https://www.mtbproject.com/trail/7008542/xx-alternate-descent-line,XX Alternate Descent Line,41.6969,-87.9326,point_trailhead,41.6969,-87.9326,,,,,4.0,mtbproject_avg,,1,black,,"Burr Ridge, Illinois",Illinois,United States,,,,mtbproject_trailhead,mtbproject type=Connector
mtb-7020582,mtbproject,https://www.mtbproject.com/trail/7020582/main-line,Main Line,41.9417,-87.6936,point_trailhead,41.9417,-87.6936,,,,0.1,5.0,mtbproject_avg,,1,black,,"Lincolnwood, Illinois",Illinois,United States,,,,mtbproject_trailhead,mtbproject type=Connector
mtb-7011405,mtbproject,https://www.mtbproject.com/trail/7011405/chicago-lakefront-trail,Chicago Lakefront Trail,41.9874,-87.6552,point_trailhead,41.9874,-87.6552,,,,18.4,4.3,mtbproject_avg,,3,green,,"Lincolnwood, Illinois",Illinois,United States,,,,mtbproject_trailhead,difficulty=green
mtb-7028303,mtbproject,https://www.mtbproject.com/trail/7028303/bendix-woods-county-park-bike-trail,Bendix Woods County Park Bike Trail,41.6701,-86.4939,point_trailhead,41.6701,-86.4939,,,,5.8,4.0,mtbproject_avg,,1,greenBlue,,"New Carlisle, Indiana",Indiana,United States,,,,mtbproject_trailhead,difficulty=greenBlue
mtb-7028302,mtbproject,https://www.mtbproject.com/trail/7028302/rum-village-mtb-trail,Rum Village MTB Trail,41.6467,-86.2732,point_trailhead,41.6467,-86.2732,,,,5.5,4.5,mtbproject_avg,,2,greenBlue,,"South Bend, Indiana",Indiana,United States,,,,mtbproject_trailhead,difficulty=greenBlue
mtb-7028870,mtbproject,https://www.mtbproject.com/trail/7028870/blue-loop,Blue Loop,41.6467,-86.2732,point_trailhead,41.6467,-86.2732,,,,2.6,4.0,mtbproject_avg,,1,greenBlue,,"South Bend, Indiana",Indiana,United States,,,,mtbproject_trailhead,difficulty=greenBlue
mtb-7011018,mtbproject,https://www.mtbproject.com/trail/7011018/red-loop,Red Loop,41.9322,-83.994,point_trailhead,41.9322,-83.994,,,,2.5,5.0,mtbproject_avg,,2,greenBlue,,"Adrian, Michigan",Michigan,United States,,,,mtbproject_trailhead,difficulty=greenBlue
mtb-7011020,mtbproject,https://www.mtbproject.com/trail/7011020/yellow-loop,Yellow Loop,41.9322,-83.994,point_trailhead,41.9322,-83.994,,,,1.9,4.0,mtbproject_avg,,1,greenBlue,,"Adrian, Michigan",Michigan,United States,,,,mtbproject_trailhead,difficulty=greenBlue
mtb-5938229,mtbproject,https://www.mtbproject.com/trail/5938229/north-clayton-loop,North Clayton Loop,40.4391,-79.9012,point_trailhead,40.4391,-79.9012,,,,0.4,4.0,mtbproject_avg,,1,green,,"Wilkinsburg, Pennsylvania",Pennsylvania,United States,,,,mtbproject_trailhead,difficulty=green
mtb-5938177,mtbproject,https://www.mtbproject.com/trail/5938177/south-clayton-loop,South Clayton Loop,40.4369,-79.9072,point_trailhead,40.4369,-79.9072,,,,0.7,4.0,mtbproject_avg,,1,green,,"Wilkinsburg, Pennsylvania",Pennsylvania,United States,,,,mtbproject_trailhead,difficulty=green
mtb-7010085,mtbproject,https://www.mtbproject.com/trail/7010085/perfectly-good-3,Perfectly Good #3,40.5715,-79.9236,point_trailhead,40.5715,-79.9236,,,,0.6,4.0,mtbproject_avg,,1,greenBlue,,"Allison Park, Pennsylvania",Pennsylvania,United States,,,,mtbproject_trailhead,difficulty=greenBlue
mtb-5594546,mtbproject,https://www.mtbproject.com/trail/5594546/bob-harvey-trail,Bob Harvey Trail,40.4845,-80.0203,point_trailhead,40.4845,-80.0203,,,,0.8,4.0,mtbproject_avg,,1,green,,"Bellevue, Pennsylvania",Pennsylvania,United States,,,,mtbproject_trailhead,difficulty=green
mtb-7010626,mtbproject,https://www.mtbproject.com/trail/7010626/orange-loop,Orange Loop,40.6188,-79.8151,point_trailhead,40.6188,-79.8151,,,,1.5,4.0,mtbproject_avg,,1,greenBlue,,"Russellton, Pennsylvania",Pennsylvania,United States,,,,mtbproject_trailhead,difficulty=greenBlue
mtb-5938013,mtbproject,https://www.mtbproject.com/trail/5938013/homewood-trail,Homewood Trail,40.4447,-79.8999,point_trailhead,40.4447,-79.8999,,,,0.7,4.0,mtbproject_avg,,1,green,,"Wilkinsburg, Pennsylvania",Pennsylvania,United States,,,,mtbproject_trailhead,difficulty=green
mtb-5576519,mtbproject,https://www.mtbproject.com/trail/5576519/kilbuck-trail,Kilbuck Trail,40.4834,-80.0144,point_trailhead,40.4834,-80.0144,,,,0.6,4.0,mtbproject_avg,,1,green,,"Millvale, Pennsylvania",Pennsylvania,United States,,,,mtbproject_trailhead,difficulty=green
mtb-5575035,mtbproject,https://www.mtbproject.com/trail/5575035/snyders-point-loop-trail,Snyder's Point Loop Trail,40.4794,-80.0209,point_trailhead,40.4794,-80.0209,,,,0.7,4.0,mtbproject_avg,,1,green,,"Millvale, Pennsylvania",Pennsylvania,United States,,,,mtbproject_trailhead,difficulty=green
mtb-7015761,mtbproject,https://www.mtbproject.com/trail/7015761/roaring-run-trail,Roaring Run Trail,40.5639,-79.5592,point_trailhead,40.5639,-79.5592,,,,4.8,4.0,mtbproject_avg,,1,green,,"Apollo, Pennsylvania",Pennsylvania,United States,,,,mtbproject_trailhead,difficulty=green
mtb-7018320,mtbproject,https://www.mtbproject.com/trail/7018320/big-loop,Big Loop,41.8464,-78.981,point_trailhead,41.8464,-78.981,,,,11.1,4.7,mtbproject_avg,,17,greenBlue,,"Warren, Pennsylvania",Pennsylvania,United States,,,,mtbproject_trailhead,difficulty=greenBlue
mtb-7018160,mtbproject,https://www.mtbproject.com/trail/7018160/jakes-rocks-true-green-loop,Jake's Rocks True Green Loop,41.8464,-78.981,point_trailhead,41.8464,-78.981,,,,4.2,4.8,mtbproject_avg,,12,green,,"Warren, Pennsylvania",Pennsylvania,United States,,,,mtbproject_trailhead,difficulty=green
mtb-7018162,mtbproject,https://www.mtbproject.com/trail/7018162/g-trail,G Trail,41.8461,-78.9763,point_trailhead,41.8461,-78.9763,,,,1.9,5.0,mtbproject_avg,,4,greenBlue,,"Warren, Pennsylvania",Pennsylvania,United States,,,,mtbproject_trailhead,difficulty=greenBlue
mtb-7018166,mtbproject,https://www.mtbproject.com/trail/7018166/h-trail,H Trail,41.8307,-78.9755,point_trailhead,41.8307,-78.9755,,,,2.3,4.8,mtbproject_avg,,4,greenBlue,,"Warren, Pennsylvania",Pennsylvania,United States,,,,mtbproject_trailhead,difficulty=greenBlue
mtb-7018161,mtbproject,https://www.mtbproject.com/trail/7018161/f-trail,F Trail,41.8464,-78.981,point_trailhead,41.8464,-78.981,,,,2.0,4.8,mtbproject_avg,,4,green,,"Warren, Pennsylvania",Pennsylvania,United States,,,,mtbproject_trailhead,difficulty=green
mtb-7018167,mtbproject,https://www.mtbproject.com/trail/7018167/a-trail,A Trail,41.8536,-78.9728,point_trailhead,41.8536,-78.9728,,,,1.0,4.5,mtbproject_avg,,4,greenBlue,,"Warren, Pennsylvania",Pennsylvania,United States,,,,mtbproject_trailhead,difficulty=greenBlue
mtb-7007578,mtbproject,https://www.mtbproject.com/trail/7007578/darling-trail,Darling Trail,41.7988,-77.4297,point_trailhead,41.7988,-77.4297,,,,2.6,5.0,mtbproject_avg,,2,dblack,,"Wellsboro, Pennsylvania",Pennsylvania,United States,,,,mtbproject_trailhead,difficulty=dblack
mtb-7007574,mtbproject,https://www.mtbproject.com/trail/7007574/deer-trail,Deer Trail,41.8088,-77.3966,point_trailhead,41.8088,-77.3966,,,,1.3,4.5,mtbproject_avg,,2,dblack,,"Wellsboro, Pennsylvania",Pennsylvania,United States,,,,mtbproject_trailhead,difficulty=dblack
mtb-7031103,mtbproject,https://www.mtbproject.com/trail/7031103/chimney-trail,Chimney Trail,42.0107,-75.9773,point_trailhead,42.0107,-75.9773,,,,0.3,5.0,mtbproject_avg,,1,greenBlue,,"Johnson City, New York",New York,United States,,,,mtbproject_trailhead,difficulty=greenBlue
mtb-7011877,mtbproject,https://www.mtbproject.com/trail/7011877/wallkill-valley-rail-trail,Wallkill Valley Rail Trail,41.6467,-74.1645,point_trailhead,41.6467,-74.1645,,,,22.2,5.0,mtbproject_avg,,3,green,,"Wallkill, New York",New York,United States,,,,mtbproject_trailhead,difficulty=green
mtb-7030059,mtbproject,https://www.mtbproject.com/trail/7030059/mercury,Mercury,41.7458,-73.7675,point_trailhead,41.7458,-73.7675,,,,0.8,4.5,mtbproject_avg,,2,greenBlue,,"Pleasant Valley, New York",New York,United States,,,,mtbproject_trailhead,difficulty=greenBlue
mtb-7029310,mtbproject,https://www.mtbproject.com/trail/7029310/farmington-canal-heritage-trail-northern-connecticut-section,Farmington Canal Heritage Trail: Northern Connecticut Section,42.0027,-72.7704,point_trailhead,42.0027,-72.7704,,,,22.8,4.5,mtbproject_avg,,2,green,,"North Granby, Connecticut",Connecticut,United States,,,,mtbproject_trailhead,difficulty=green
mtb-4016074,mtbproject,https://www.mtbproject.com/trail/4016074/overcliff-carriage-trail,Overcliff Carriage Trail,41.7583,-74.1656,point_trailhead,41.7583,-74.1656,,,,2.4,4.0,mtbproject_avg,,1,green,,"New Paltz, New York",New York,United States,,,,mtbproject_trailhead,difficulty=green
mtb-7029031,mtbproject,https://www.mtbproject.com/trail/7029031/white-trail,White Trail,41.7201,-72.4398,point_trailhead,41.7201,-72.4398,,,,2.5,4.0,mtbproject_avg,,2,greenBlue,,"Terramuggus, Connecticut",Connecticut,United States,,,,mtbproject_trailhead,difficulty=greenBlue
mtb-3887912,mtbproject,https://www.mtbproject.com/trail/3887912/undercliff-carriage-trail,Undercliff Carriage Trail,41.7583,-74.1656,point_trailhead,41.7583,-74.1656,,,,2.4,4.0,mtbproject_avg,,1,green,,"New Paltz, New York",New York,United States,,,,mtbproject_trailhead,difficulty=green
mtb-7007775,mtbproject,https://www.mtbproject.com/trail/7007775/red-loop,Red Loop,41.7488,-72.7881,point_trailhead,41.7488,-72.7881,,,,3.5,4.0,mtbproject_avg,,1,green,,"West Hartford, Connecticut",Connecticut,United States,,,,mtbproject_trailhead,difficulty=green
mtb-7026874,mtbproject,https://www.mtbproject.com/trail/7026874/red-trail,Red Trail,41.7498,-72.9446,point_trailhead,41.7498,-72.9446,,,,2.6,4.0,mtbproject_avg,,1,greenBlue,,"Collinsville, Connecticut",Connecticut,United States,,,,mtbproject_trailhead,difficulty=greenBlue
mtb-7007934,mtbproject,https://www.mtbproject.com/trail/7007934/northern-curves-a-flat-flowing-and-fun-section-of-trail,"Northern Curves - A flat, flowing, and fun section of trail.",41.7788,-72.7993,point_trailhead,41.7788,-72.7993,,,,0.5,4.0,mtbproject_avg,,1,greenBlue,,"West Hartford, Connecticut",Connecticut,United States,,,,mtbproject_trailhead,difficulty=greenBlue
mtb-7026871,mtbproject,https://www.mtbproject.com/trail/7026871/green-loop,Green Loop,41.7446,-72.9462,point_trailhead,41.7446,-72.9462,,,,1.5,4.0,mtbproject_avg,,1,greenBlue,,"Bristol, Connecticut",Connecticut,United States,,,,mtbproject_trailhead,difficulty=greenBlue
mtb-7021650,mtbproject,https://www.mtbproject.com/trail/7021650/bugbee-trail,Bugbee Trail,41.7769,-72.7537,point_trailhead,41.7769,-72.7537,,,,0.2,4.0,mtbproject_avg,,1,blue,,"West Hartford, Connecticut",Connecticut,United States,,,,mtbproject_trailhead,mtbproject type=Connector
mtb-7029695,mtbproject,https://www.mtbproject.com/trail/7029695/creek-trail,Creek Trail,42.0091,-75.9921,point_trailhead,42.0091,-75.9921,,,,0.7,4.0,mtbproject_avg,,1,greenBlue,,"Endwell, New York",New York,United States,,,,mtbproject_trailhead,difficulty=greenBlue
mtb-7030867,mtbproject,https://www.mtbproject.com/trail/7030867/crescent-lake,Crescent Lake,41.6467,-72.8429,point_trailhead,41.6467,-72.8429,,,,4.1,4.0,mtbproject_avg,,1,greenBlue,,"Plainville, Connecticut",Connecticut,United States,,,,mtbproject_trailhead,difficulty=greenBlue
mtb-7031100,mtbproject,https://www.mtbproject.com/trail/7031100/main-street-trail,Main Street Trail,42.0114,-75.9828,point_trailhead,42.0114,-75.9828,,,,0.3,4.0,mtbproject_avg,,1,greenBlue,,"Johnson City, New York",New York,United States,,,,mtbproject_trailhead,difficulty=greenBlue
mtb-7007935,mtbproject,https://www.mtbproject.com/trail/7007935/southern-curves-a-flat-and-flowing-section-of-trail,Southern Curves - A flat and flowing section of trail.,41.7753,-72.7984,point_trailhead,41.7753,-72.7984,,,,0.6,4.0,mtbproject_avg,,1,greenBlue,,"West Hartford, Connecticut",Connecticut,United States,,,,mtbproject_trailhead,difficulty=greenBlue
mtb-7014108,mtbproject,https://www.mtbproject.com/trail/7014108/moose-alley,Moose Alley,41.6845,-70.5901,point_trailhead,41.6845,-70.5901,,,,1.2,5.0,mtbproject_avg,,1,greenBlue,,"Pocasset, Massachusetts",Massachusetts,United States,,,,mtbproject_trailhead,difficulty=greenBlue
mtb-7014008,mtbproject,https://www.mtbproject.com/trail/7014008/spinnah,Spinnah,41.644,-70.5859,point_trailhead,41.644,-70.5859,,,,0.5,5.0,mtbproject_avg,,1,greenBlue,,"North Falmouth, Massachusetts",Massachusetts,United States,,,,mtbproject_trailhead,difficulty=greenBlue
mtb-7003087,mtbproject,https://www.mtbproject.com/trail/7003087/pine-trail,Pine Trail,41.6968,-70.5995,point_trailhead,41.6968,-70.5995,,,,3.3,4.3,mtbproject_avg,,3,greenBlue,,"Pocasset, Massachusetts",Massachusetts,United States,,,,mtbproject_trailhead,difficulty=greenBlue
mtb-7003002,mtbproject,https://www.mtbproject.com/trail/7003002/big-ring,Big Ring,41.6859,-70.429,point_trailhead,41.6859,-70.429,,,,1.4,4.0,mtbproject_avg,,1,green,,"Marstons Mills, Massachusetts",Massachusetts,United States,,,,mtbproject_trailhead,difficulty=green
mtb-7014188,mtbproject,https://www.mtbproject.com/trail/7014188/zippity-doo-dah,Zippity Doo-Dah,41.6437,-70.5901,point_trailhead,41.6437,-70.5901,,,,0.3,4.0,mtbproject_avg,,1,greenBlue,,"North Falmouth, Massachusetts",Massachusetts,United States,,,,mtbproject_trailhead,difficulty=greenBlue
mtb-7005851,mtbproject,https://www.mtbproject.com/trail/7005851/automile,Automile,41.6857,-70.2679,point_trailhead,41.6857,-70.2679,,,,0.9,4.0,mtbproject_avg,,1,greenBlue,,"Yarmouth Port, Massachusetts",Massachusetts,United States,,,,mtbproject_trailhead,difficulty=greenBlue
mtb-7014117,mtbproject,https://www.mtbproject.com/trail/7014117/deer-trail,Deer Trail,41.6454,-70.5842,point_trailhead,41.6454,-70.5842,,,,0.4,4.0,mtbproject_avg,,1,greenBlue,,"North Falmouth, Massachusetts",Massachusetts,United States,,,,mtbproject_trailhead,difficulty=greenBlue
mtb-7014155,mtbproject,https://www.mtbproject.com/trail/7014155/fire-road-connector,Fire Road Connector,41.6578,-70.5921,point_trailhead,41.6578,-70.5921,,,,0.7,4.0,mtbproject_avg,,1,blue,,"North Falmouth, Massachusetts",Massachusetts,United States,,,,mtbproject_trailhead,mtbproject type=Connector
mtb-7014217,mtbproject,https://www.mtbproject.com/trail/7014217/highway-trail-connector,Highway Trail Connector,41.6586,-70.6005,point_trailhead,41.6586,-70.6005,,,,0.3,4.0,mtbproject_avg,,1,greenBlue,,"North Falmouth, Massachusetts",Massachusetts,United States,,,,mtbproject_trailhead,difficulty=greenBlue
mtb-7014247,mtbproject,https://www.mtbproject.com/trail/7014247/nickerson-state-park-from-freemans-field,Nickerson State Park From Freemans Field,41.7392,-70.0213,point_trailhead,41.7392,-70.0213,,,,17.3,4.5,mtbproject_avg,,2,greenBlue,,"East Harwich, Massachusetts",Massachusetts,United States,,,,mtbproject_trailhead,difficulty=greenBlue
mtb-7001390,mtbproject,https://www.mtbproject.com/trail/7001390/britt-woods,Britt Woods,42.314,-122.9732,point_trailhead,42.314,-122.9732,,,,5.1,4.0,mtbproject_avg,,3,greenBlue,,"Jacksonville, Oregon",Oregon,United States,,,,mtbproject_trailhead,difficulty=greenBlue
mtb-7032657,mtbproject,https://www.mtbproject.com/trail/7032657/east-applegate-ridge-trail-art,East Applegate Ridge Trail (ART),42.2704,-123.0241,point_trailhead,42.2704,-123.0241,,,,5.6,5.0,mtbproject_avg,,1,greenBlue,,"Jacksonville, Oregon",Oregon,United States,,,,mtbproject_trailhead,difficulty=greenBlue
mtb-7006382,mtbproject,https://www.mtbproject.com/trail/7006382/pay-dirt,Pay Dirt,42.4179,-123.1494,point_trailhead,42.4179,-123.1494,,,,1.5,4.8,mtbproject_avg,,4,greenBlue,,"Rogue River, Oregon",Oregon,United States,,,,mtbproject_trailhead,difficulty=greenBlue
mtb-5993034,mtbproject,https://www.mtbproject.com/trail/5993034/canyon-vista,Canyon Vista,42.3242,-123.0163,point_trailhead,42.3242,-123.0163,,,,1.4,4.0,mtbproject_avg,,1,greenBlue,,"Jacksonville, Oregon",Oregon,United States,,,,mtbproject_trailhead,difficulty=greenBlue
mtb-7001392,mtbproject,https://www.mtbproject.com/trail/7001392/panorama-point,Panorama Point,42.3123,-122.9805,point_trailhead,42.3123,-122.9805,,,,0.3,4.0,mtbproject_avg,,1,green,,"Jacksonville, Oregon",Oregon,United States,,,,mtbproject_trailhead,difficulty=green
mtb-7001391,mtbproject,https://www.mtbproject.com/trail/7001391/britt-canyon,Britt Canyon,42.314,-122.9732,point_trailhead,42.314,-122.9732,,,,0.4,4.0,mtbproject_avg,,1,green,,"Jacksonville, Oregon",Oregon,United States,,,,mtbproject_trailhead,difficulty=green
mtb-7001399,mtbproject,https://www.mtbproject.com/trail/7001399/sarah-zigler-interpretive-trail,Sarah Zigler Interpretive Trail,42.3155,-122.9824,point_trailhead,42.3155,-122.9824,,,,0.6,4.0,mtbproject_avg,,1,green,,"Jacksonville, Oregon",Oregon,United States,,,,mtbproject_trailhead,difficulty=green
mtb-7001834,mtbproject,https://www.mtbproject.com/trail/7001834/sugar-pine,Sugar Pine,42.3093,-122.9876,point_trailhead,42.3093,-122.9876,,,,0.3,4.0,mtbproject_avg,,1,greenBlue,,"Jacksonville, Oregon",Oregon,United States,,,,mtbproject_trailhead,difficulty=greenBlue
mtb-7001395,mtbproject,https://www.mtbproject.com/trail/7001395/britt-ridge,Britt Ridge,42.3136,-122.9807,point_trailhead,42.3136,-122.9807,,,,0.6,4.0,mtbproject_avg,,1,green,,"Jacksonville, Oregon",Oregon,United States,,,,mtbproject_trailhead,difficulty=green
mtb-7001832,mtbproject,https://www.mtbproject.com/trail/7001832/white-oak,White Oak,42.3102,-122.9843,point_trailhead,42.3102,-122.9843,,,,0.4,4.0,mtbproject_avg,,1,green,,"Jacksonville, Oregon",Oregon,United States,,,,mtbproject_trailhead,difficulty=green
mtb-5683664,mtbproject,https://www.mtbproject.com/trail/5683664/high-lakes-trail,High Lakes Trail,42.3949,-122.3169,point_trailhead,42.3949,-122.3169,,,,9.3,4.0,mtbproject_avg,,2,greenBlue,,"Eagle Point, Oregon",Oregon,United States,,,,mtbproject_trailhead,difficulty=greenBlue
mtb-7009772,mtbproject,https://www.mtbproject.com/trail/7009772/ridge-trail,Ridge Trail,42.2205,-121.8105,point_trailhead,42.2205,-121.8105,,,,0.5,5.0,mtbproject_avg,,2,dblack,,"Klamath Falls, Oregon",Oregon,United States,,,,mtbproject_trailhead,difficulty=dblack
mtb-7026688,mtbproject,https://www.mtbproject.com/trail/7026688/mazama,Mazama,42.3796,-121.9703,point_trailhead,42.3796,-121.9703,,,,5.1,5.0,mtbproject_avg,,1,green,,"Klamath Falls, Oregon",Oregon,United States,,,,mtbproject_trailhead,difficulty=green
mtb-7009768,mtbproject,https://www.mtbproject.com/trail/7009768/powerline,Powerline,42.2203,-121.7968,point_trailhead,42.2203,-121.7968,,,,1.3,4.0,mtbproject_avg,,1,greenBlue,,"Klamath Falls, Oregon",Oregon,United States,,,,mtbproject_trailhead,difficulty=greenBlue
mtb-7009773,mtbproject,https://www.mtbproject.com/trail/7009773/lindas-trail,Linda's Trail,42.2211,-121.8083,point_trailhead,42.2211,-121.8083,,,,0.4,4.0,mtbproject_avg,,1,green,,"Klamath Falls, Oregon",Oregon,United States,,,,mtbproject_trailhead,difficulty=green
mtb-7020807,mtbproject,https://www.mtbproject.com/trail/7020807/chewaucan-river-loop,Chewaucan River Loop,42.6938,-120.546,point_trailhead,42.6938,-120.546,,,,35.4,4.0,mtbproject_avg,,1,greenBlue,,"Lakeview, Oregon",Oregon,United States,,,,mtbproject_trailhead,difficulty=greenBlue
mtb-7020808,mtbproject,https://www.mtbproject.com/trail/7020808/fremont-national-recreation-trail-160-chewaucan-descent,Fremont National Recreation Trail #160 - Chewaucan Descent,42.5411,-120.5446,point_trailhead,42.5411,-120.5446,,,,9.9,4.0,mtbproject_avg,,2,greenBlue,,"Lakeview, Oregon",Oregon,United States,,,,mtbproject_trailhead,difficulty=greenBlue
mtb-5628811,mtbproject,https://www.mtbproject.com/trail/5628811/bluffs-loop,Bluffs Loop,40.4814,-106.8342,point_trailhead,40.4814,-106.8342,,,,2.2,3.8,mtbproject_avg,,10,greenBlue,,"Steamboat Springs, Colorado",Colorado,United States,,,,mtbproject_trailhead,difficulty=greenBlue
mtb-5198858,mtbproject,https://www.mtbproject.com/trail/5198858/buffalo-run,Buffalo Run,42.4692,-104.9597,point_trailhead,42.4692,-104.9597,,,,1.9,5.0,mtbproject_avg,,1,greenBlue,,"Glendo, Wyoming",Wyoming,United States,,,,mtbproject_trailhead,difficulty=greenBlue
mtb-5195228,mtbproject,https://www.mtbproject.com/trail/5195228/rocky-river,Rocky River,42.4673,-104.9461,point_trailhead,42.4673,-104.9461,,,,1.1,5.0,mtbproject_avg,,1,blue,,"Glendo, Wyoming",Wyoming,United States,,,,mtbproject_trailhead,mtbproject type=Connector
mtb-4377072,mtbproject,https://www.mtbproject.com/trail/4377072/bacon-creek-trail,Bacon Creek Trail,42.492,-96.3387,point_trailhead,42.492,-96.3387,,,,6.4,4.4,mtbproject_avg,,18,greenBlue,,"Sioux City, Iowa",Iowa,United States,,,,mtbproject_trailhead,difficulty=greenBlue
mtb-7020284,mtbproject,https://www.mtbproject.com/trail/7020284/full-supper,Full Supper,42.1785,-92.0115,point_trailhead,42.1785,-92.0115,,,,0.6,5.0,mtbproject_avg,,4,green,,"Vinton, Iowa",Iowa,United States,,,,mtbproject_trailhead,difficulty=green
mtb-7020286,mtbproject,https://www.mtbproject.com/trail/7020286/lunchtime,Lunchtime,42.177,-92.0139,point_trailhead,42.177,-92.0139,,,,0.6,4.5,mtbproject_avg,,2,green,,"Vinton, Iowa",Iowa,United States,,,,mtbproject_trailhead,difficulty=green
mtb-7026485,mtbproject,https://www.mtbproject.com/trail/7026485/tmbr-ridge,TMBR Ridge,42.52,-90.7648,point_trailhead,42.52,-90.7648,,,,0.8,4.0,mtbproject_avg,,4,greenBlue,,"Asbury, Iowa",Iowa,United States,,,,mtbproject_trailhead,difficulty=greenBlue
mtb-3861598,mtbproject,https://www.mtbproject.com/trail/3861598/unnamed-side-loop-a-quick-tour-through-praire-grass-and-trees-off-sticks-and-sto,Unnamed Side Loop - a quick tour through praire grass and trees off Sticks and Stones trail.,42.4747,-90.7263,point_trailhead,42.4747,-90.7263,,,,0.3,4.0,mtbproject_avg,,1,blue,,"Asbury, Iowa",Iowa,United States,,,,mtbproject_trailhead,mtbproject type=Connector
mtb-7026487,mtbproject,https://www.mtbproject.com/trail/7026487/rise-n-shine,Rise-n-Shine,42.52,-90.767,point_trailhead,42.52,-90.767,,,,0.7,3.8,mtbproject_avg,,4,greenBlue,,"Asbury, Iowa",Iowa,United States,,,,mtbproject_trailhead,difficulty=greenBlue
mtb-7026486,mtbproject,https://www.mtbproject.com/trail/7026486/southside,Southside,42.5198,-90.7671,point_trailhead,42.5198,-90.7671,,,,0.5,3.8,mtbproject_avg,,4,greenBlue,,"Asbury, Iowa",Iowa,United States,,,,mtbproject_trailhead,difficulty=greenBlue
mtb-7017766,mtbproject,https://www.mtbproject.com/trail/7017766/little-monza,Little Monza,42.1205,-88.301,point_trailhead,42.1205,-88.301,,,,0.9,5.0,mtbproject_avg,,2,green,,"Sleepy Hollow, Illinois",Illinois,United States,,,,mtbproject_trailhead,difficulty=green
mtb-7017767,mtbproject,https://www.mtbproject.com/trail/7017767/corkscrew,Corkscrew,42.1214,-88.3022,point_trailhead,42.1214,-88.3022,,,,0.3,5.0,mtbproject_avg,,1,greenBlue,,"Sleepy Hollow, Illinois",Illinois,United States,,,,mtbproject_trailhead,difficulty=greenBlue
mtb-7020449,mtbproject,https://www.mtbproject.com/trail/7020449/loop-4,Loop 4,42.1183,-88.303,point_trailhead,42.1183,-88.303,,,,1.4,4.5,mtbproject_avg,,2,greenBlue,,"Sleepy Hollow, Illinois",Illinois,United States,,,,mtbproject_trailhead,difficulty=greenBlue
mtb-7017768,mtbproject,https://www.mtbproject.com/trail/7017768/meadowdale,Meadowdale,42.1204,-88.301,point_trailhead,42.1204,-88.301,,,,0.7,4.0,mtbproject_avg,,2,greenBlue,,"Sleepy Hollow, Illinois",Illinois,United States,,,,mtbproject_trailhead,difficulty=greenBlue
mtb-7010327,mtbproject,https://www.mtbproject.com/trail/7010327/inner-mile-orange-loop,Inner Mile (Orange Loop),42.4624,-87.8338,point_trailhead,42.4624,-87.8338,,,,1.0,4.0,mtbproject_avg,,2,greenBlue,,"Zion, Illinois",Illinois,United States,,,,mtbproject_trailhead,difficulty=greenBlue
mtb-7010326,mtbproject,https://www.mtbproject.com/trail/7010326/outer-west-purple-loop,Outer West (Purple Loop),42.4623,-87.8338,point_trailhead,42.4623,-87.8338,,,,1.0,4.0,mtbproject_avg,,2,greenBlue,,"Zion, Illinois",Illinois,United States,,,,mtbproject_trailhead,difficulty=greenBlue
mtb-7033106,mtbproject,https://www.mtbproject.com/trail/7033106/yellow-loop,Yellow Loop,42.1433,-88.0642,point_trailhead,42.1433,-88.0642,,,,5.7,4.0,mtbproject_avg,,2,greenBlue,,"Deer Park, Illinois",Illinois,United States,,,,mtbproject_trailhead,difficulty=greenBlue
mtb-7010331,mtbproject,https://www.mtbproject.com/trail/7010331/one-way-feature-lines,One-Way Feature Lines,42.4633,-87.8309,point_trailhead,42.4633,-87.8309,,,,0.3,4.0,mtbproject_avg,,1,blue,,"Zion, Illinois",Illinois,United States,,,,mtbproject_trailhead,mtbproject type=Connector
mtb-7004478,mtbproject,https://www.mtbproject.com/trail/7004478/appleton-lake-loop,Appleton Lake Loop,42.5006,-83.8341,point_trailhead,42.5006,-83.8341,,,,2.0,4.2,mtbproject_avg,,5,green,,"Brighton, Michigan",Michigan,United States,,,,mtbproject_trailhead,difficulty=green
mtb-7004499,mtbproject,https://www.mtbproject.com/trail/7004499/silver-lake-trail,Silver Lake Trail,42.4148,-83.9648,point_trailhead,42.4148,-83.9648,,,,2.3,4.0,mtbproject_avg,,1,greenBlue,,"Pinckney, Michigan",Michigan,United States,,,,mtbproject_trailhead,difficulty=greenBlue
mtb-2974534,mtbproject,https://www.mtbproject.com/trail/2974534/island-lake-recreation-area-blue-yellow-loops,Island Lake Recreation Area - Blue & Yellow Loops,42.5086,-83.7083,point_trailhead,42.5086,-83.7083,,,,14.5,4.0,mtbproject_avg,,46,greenBlue,,"Brighton, Michigan",Michigan,United States,,,,mtbproject_trailhead,difficulty=greenBlue
mtb-5511021,mtbproject,https://www.mtbproject.com/trail/5511021/lakeshore-park-tree-farm,Lakeshore Park (Tree Farm),42.5106,-83.486,point_trailhead,42.5106,-83.486,,,,8.9,4.3,mtbproject_avg,,35,greenBlue,,"Walled Lake, Michigan",Michigan,United States,,,,mtbproject_trailhead,difficulty=greenBlue
mtb-7000042,mtbproject,https://www.mtbproject.com/trail/7000042/milford-trail,Milford Trail,42.5887,-83.6091,point_trailhead,42.5887,-83.6091,,,,4.4,4.1,mtbproject_avg,,13,greenBlue,,"Milford, Michigan",Michigan,United States,,,,mtbproject_trailhead,difficulty=greenBlue
mtb-7030878,mtbproject,https://www.mtbproject.com/trail/7030878/paved-hike-bike-trail,Paved Hike-Bike Trail,42.5342,-83.6396,point_trailhead,42.5342,-83.6396,,,,8.8,4.5,mtbproject_avg,,2,green,,"South Lyon, Michigan",Michigan,United States,,,,mtbproject_trailhead,difficulty=green
mtb-5355711,mtbproject,https://www.mtbproject.com/trail/5355711/harborcreek-township-project-70-ball-fields,Harborcreek Township - Project 70 Ball Fields,42.1577,-79.9736,point_trailhead,42.1577,-79.9736,,,,2.4,5.0,mtbproject_avg,,1,greenBlue,,"Northwest Harborcreek, Pennsylvania",Pennsylvania,United States,,,,mtbproject_trailhead,difficulty=greenBlue
mtb-5355659,mtbproject,https://www.mtbproject.com/trail/5355659/whitford-park,Whitford Park,42.1581,-79.9835,point_trailhead,42.1581,-79.9835,,,,1.3,4.0,mtbproject_avg,,1,greenBlue,,"Northwest Harborcreek, Pennsylvania",Pennsylvania,United States,,,,mtbproject_trailhead,difficulty=greenBlue
mtb-7025292,mtbproject,https://www.mtbproject.com/trail/7025292/the-pines,The Pines,38.9539,-80.2407,point_trailhead,38.9539,-80.2407,,,,0.4,4.0,mtbproject_avg,,1,greenBlue,,"Buckhannon, West Virginia",West Virginia,United States,,,,mtbproject_trailhead,difficulty=greenBlue
mtb-5938115,mtbproject,https://www.mtbproject.com/trail/5938115/nature-trail,Nature Trail,40.4344,-79.9078,point_trailhead,40.4344,-79.9078,,,,0.6,4.0,mtbproject_avg,,1,green,,"Edgewood, Pennsylvania",Pennsylvania,United States,,,,mtbproject_trailhead,difficulty=green
mtb-7004942,mtbproject,https://www.mtbproject.com/trail/7004942/reservoir-ski-trail,Reservoir Ski Trail,39.653,-79.7926,point_trailhead,39.653,-79.7926,,,,1.1,4.0,mtbproject_avg,,1,greenBlue,,"Cheat Lake, West Virginia",West Virginia,United States,,,,mtbproject_trailhead,difficulty=greenBlue
mtb-7019695,mtbproject,https://www.mtbproject.com/trail/7019695/rabbit-trail,Rabbit Trail,40.5043,-80.0426,point_trailhead,40.5043,-80.0426,,,,0.1,4.0,mtbproject_avg,,1,blueBlack,,"Bellevue, Pennsylvania",Pennsylvania,United States,,,,mtbproject_trailhead,mtbproject type=Connector
mtb-5576506,mtbproject,https://www.mtbproject.com/trail/5576506/highwood-trail,Highwood Trail,40.4776,-80.0181,point_trailhead,40.4776,-80.0181,,,,0.2,4.0,mtbproject_avg,,1,green,,"Millvale, Pennsylvania",Pennsylvania,United States,,,,mtbproject_trailhead,difficulty=green
mtb-5575071,mtbproject,https://www.mtbproject.com/trail/5575071/overlook-trail,Overlook Trail,40.4831,-80.0183,point_trailhead,40.4831,-80.0183,,,,0.6,4.0,mtbproject_avg,,1,green,,"Millvale, Pennsylvania",Pennsylvania,United States,,,,mtbproject_trailhead,difficulty=green
mtb-7016701,mtbproject,https://www.mtbproject.com/trail/7016701/maroon-mile,Maroon mile,40.5595,-80.1737,point_trailhead,40.5595,-80.1737,,,,0.5,4.0,mtbproject_avg,,1,greenBlue,,"Edgeworth, Pennsylvania",Pennsylvania,United States,,,,mtbproject_trailhead,difficulty=greenBlue
mtb-7018376,mtbproject,https://www.mtbproject.com/trail/7018376/8-white-loop-connector,#8 White Loop Connector,40.5731,-79.9097,point_trailhead,40.5731,-79.9097,,,,0.1,4.0,mtbproject_avg,,1,blue,,"Allison Park, Pennsylvania",Pennsylvania,United States,,,,mtbproject_trailhead,mtbproject type=Connector
mtb-7013450,mtbproject,https://www.mtbproject.com/trail/7013450/sprague-brook-loop,Sprague Brook Loop,42.5873,-78.6382,point_trailhead,42.5873,-78.6382,,,,10.0,4.3,mtbproject_avg,,6,greenBlue,,"Springville, New York",New York,United States,,,,mtbproject_trailhead,difficulty=greenBlue
mtb-589356,mtbproject,https://www.mtbproject.com/trail/589356/mesa-trail,Mesa Trail,42.2413,-78.6597,point_trailhead,42.2413,-78.6597,,,,1.6,5.0,mtbproject_avg,,2,green,,"Little Valley, New York",New York,United States,,,,mtbproject_trailhead,difficulty=green
mtb-793675,mtbproject,https://www.mtbproject.com/trail/793675/outer-loop,Outer Loop,42.5837,-78.6197,point_trailhead,42.5837,-78.6197,,,,0.5,5.0,mtbproject_avg,,2,greenBlue,,"Springville, New York",New York,United States,,,,mtbproject_trailhead,difficulty=greenBlue
mtb-588863,mtbproject,https://www.mtbproject.com/trail/588863/rockys-run,Rocky's Run,42.2365,-78.6973,point_trailhead,42.2365,-78.6973,,,,1.6,5.0,mtbproject_avg,,1,green,,"Salamanca, New York",New York,United States,,,,mtbproject_trailhead,difficulty=green
mtb-615523,mtbproject,https://www.mtbproject.com/trail/615523/buzzards-breath,Buzzards' Breath,42.2266,-78.6866,point_trailhead,42.2266,-78.6866,,,,0.4,5.0,mtbproject_avg,,1,green,,"Salamanca, New York",New York,United States,,,,mtbproject_trailhead,difficulty=green
mtb-615682,mtbproject,https://www.mtbproject.com/trail/615682/dead-dog-loop,Dead Dog Loop,42.2344,-78.664,point_trailhead,42.2344,-78.664,,,,1.1,4.5,mtbproject_avg,,2,green,,"Salamanca, New York",New York,United States,,,,mtbproject_trailhead,difficulty=green
mtb-793650,mtbproject,https://www.mtbproject.com/trail/793650/inner-loop,Inner Loop,42.5838,-78.6192,point_trailhead,42.5838,-78.6192,,,,0.4,4.5,mtbproject_avg,,2,green,,"Springville, New York",New York,United States,,,,mtbproject_trailhead,difficulty=green
mtb-575487,mtbproject,https://www.mtbproject.com/trail/575487/black-trail,Black Trail,42.2561,-78.6951,point_trailhead,42.2561,-78.6951,,,,1.9,4.0,mtbproject_avg,,2,dblack,,"Little Valley, New York",New York,United States,,,,mtbproject_trailhead,difficulty=dblack
mtb-7032595,mtbproject,https://www.mtbproject.com/trail/7032595/page-brook-loop,Page Brook Loop,42.2037,-75.8365,point_trailhead,42.2037,-75.8365,,,,6.5,4.0,mtbproject_avg,,1,greenBlue,,"Chenango Bridge, New York",New York,United States,,,,mtbproject_trailhead,difficulty=greenBlue
mtb-7010798,mtbproject,https://www.mtbproject.com/trail/7010798/yellow-1-y1,Yellow 1 (Y1),42.1689,-76.1616,point_trailhead,42.1689,-76.1616,,,,1.9,5.0,mtbproject_avg,,1,green,,"Apalachin, New York",New York,United States,,,,mtbproject_trailhead,difficulty=green
mtb-7021280,mtbproject,https://www.mtbproject.com/trail/7021280/whaupaunaucau-state-forest,Whaupaunaucau State Forest,42.6083,-75.4621,point_trailhead,42.6083,-75.4621,,,,10.3,5.0,mtbproject_avg,,1,greenBlue,,"Sherburne, New York",New York,United States,,,,mtbproject_trailhead,difficulty=greenBlue
mtb-7034200,mtbproject,https://www.mtbproject.com/trail/7034200/plymouth-reservoir-trail-2,Plymouth Reservoir Trail 2,42.5777,-75.6378,point_trailhead,42.5777,-75.6378,,,,1.1,5.0,mtbproject_avg,,1,greenBlue,,"Norwich, New York",New York,United States,,,,mtbproject_trailhead,difficulty=greenBlue
mtb-7034196,mtbproject,https://www.mtbproject.com/trail/7034196/9-mile-truck-trail,9-Mile Truck Trail,42.6007,-75.7455,point_trailhead,42.6007,-75.7455,,,,9.0,5.0,mtbproject_avg,,1,greenBlue,,"Norwich, New York",New York,United States,,,,mtbproject_trailhead,difficulty=greenBlue
mtb-7033717,mtbproject,https://www.mtbproject.com/trail/7033717/pharsalia-thruway,Pharsalia Thruway,42.5772,-75.601,point_trailhead,42.5772,-75.601,,,,0.9,5.0,mtbproject_avg,,1,greenBlue,,"Norwich, New York",New York,United States,,,,mtbproject_trailhead,difficulty=greenBlue
mtb-7033656,mtbproject,https://www.mtbproject.com/trail/7033656/citizens-downhill,Citizens Downhill,42.2848,-74.2629,point_trailhead,42.2848,-74.2629,,,,1.3,5.0,mtbproject_avg,,1,dblack,,"Cairo, New York",New York,United States,,,,mtbproject_trailhead,difficulty=dblack
mtb-7034068,mtbproject,https://www.mtbproject.com/trail/7034068/orc,ORC,42.3389,-73.4737,point_trailhead,42.3389,-73.4737,,,,0.6,5.0,mtbproject_avg,,2,greenBlue,,"Austerlitz, New York",New York,United States,,,,mtbproject_trailhead,difficulty=greenBlue
mtb-7034908,mtbproject,https://www.mtbproject.com/trail/7034908/ninja-test,Ninja Test,42.3303,-73.4401,point_trailhead,42.3303,-73.4401,,,,0.5,5.0,mtbproject_avg,,1,greenBlue,,"Austerlitz, New York",New York,United States,,,,mtbproject_trailhead,difficulty=greenBlue
mtb-7034848,mtbproject,https://www.mtbproject.com/trail/7034848/shelter,Shelter,42.3382,-73.475,point_trailhead,42.3382,-73.475,,,,0.5,5.0,mtbproject_avg,,1,green,,"Austerlitz, New York",New York,United States,,,,mtbproject_trailhead,difficulty=green
mtb-7034847,mtbproject,https://www.mtbproject.com/trail/7034847/rocco,Rocco,42.3354,-73.4759,point_trailhead,42.3354,-73.4759,,,,0.1,5.0,mtbproject_avg,,1,greenBlue,,"Austerlitz, New York",New York,United States,,,,mtbproject_trailhead,difficulty=greenBlue
mtb-7034777,mtbproject,https://www.mtbproject.com/trail/7034777/tango,Tango,42.335,-73.4714,point_trailhead,42.335,-73.4714,,,,0.6,5.0,mtbproject_avg,,1,greenBlue,,"Austerlitz, New York",New York,United States,,,,mtbproject_trailhead,difficulty=greenBlue
mtb-7033478,mtbproject,https://www.mtbproject.com/trail/7033478/bear-brook,Bear Brook,42.3332,-73.458,point_trailhead,42.3332,-73.458,,,,0.7,5.0,mtbproject_avg,,1,greenBlue,,"Austerlitz, New York",New York,United States,,,,mtbproject_trailhead,difficulty=greenBlue
mtb-6188807,mtbproject,https://www.mtbproject.com/trail/6188807/robinson-state-park-basic-loop,Robinson State Park - Basic Loop,42.0909,-72.6418,point_trailhead,42.0909,-72.6418,,,,7.3,4.5,mtbproject_avg,,4,greenBlue,,"West Springfield, Massachusetts",Massachusetts,United States,,,,mtbproject_trailhead,difficulty=greenBlue
mtb-7021334,mtbproject,https://www.mtbproject.com/trail/7021334/jacobs-ladder,Jacob's Ladder,42.2993,-72.5208,point_trailhead,42.2993,-72.5208,,,,1.0,5.0,mtbproject_avg,,1,dblack,,"Granby, Massachusetts",Massachusetts,United States,,,,mtbproject_trailhead,difficulty=dblack
mtb-6241802,mtbproject,https://www.mtbproject.com/trail/6241802/general-tso-chicken-loop,General Tso Chicken Loop,42.0962,-72.6535,point_trailhead,42.0962,-72.6535,,,,1.8,5.0,mtbproject_avg,,1,greenBlue,,"West Springfield, Massachusetts",Massachusetts,United States,,,,mtbproject_trailhead,difficulty=greenBlue
mtb-3767779,mtbproject,https://www.mtbproject.com/trail/3767779/bears-den-road-doubletrack,Bear's Den Road doubletrack,42.583,-72.5866,point_trailhead,42.583,-72.5866,,,,1.0,5.0,mtbproject_avg,,1,green,,"Greenfield, Massachusetts",Massachusetts,United States,,,,mtbproject_trailhead,difficulty=green
mtb-6240698,mtbproject,https://www.mtbproject.com/trail/6240698/octomom,Octomom,42.0934,-72.6434,point_trailhead,42.0934,-72.6434,,,,1.2,5.0,mtbproject_avg,,1,green,,"West Springfield, Massachusetts",Massachusetts,United States,,,,mtbproject_trailhead,difficulty=green
mtb-7010024,mtbproject,https://www.mtbproject.com/trail/7010024/bridges,Bridges,42.5483,-72.5935,point_trailhead,42.5483,-72.5935,,,,0.8,5.0,mtbproject_avg,,1,blue,,"Greenfield, Massachusetts",Massachusetts,United States,,,,mtbproject_trailhead,mtbproject type=Connector
mtb-6018143,mtbproject,https://www.mtbproject.com/trail/6018143/outer-loop-network,Outer Loop Network,42.3769,-71.8323,point_trailhead,42.3769,-71.8323,,,,6.5,4.0,mtbproject_avg,,2,greenBlue,,"West Boylston, Massachusetts",Massachusetts,United States,,,,mtbproject_trailhead,difficulty=greenBlue
mtb-7014223,mtbproject,https://www.mtbproject.com/trail/7014223/bruise-cruise,Bruise Cruise,42.5188,-71.8291,point_trailhead,42.5188,-71.8291,,,,0.2,5.0,mtbproject_avg,,1,black,,"Leominster, Massachusetts",Massachusetts,United States,,,,mtbproject_trailhead,mtbproject type=Connector
mtb-7028519,mtbproject,https://www.mtbproject.com/trail/7028519/catharine-valley-trail,Catharine Valley Trail,42.1899,-76.8326,point_trailhead,42.1899,-76.8326,,,,15.5,4.0,mtbproject_avg,,1,green,,"Horseheads North, New York",New York,United States,,,,mtbproject_trailhead,difficulty=green
mtb-7026286,mtbproject,https://www.mtbproject.com/trail/7026286/morses-pond-trail,Morses Pond Trail,42.2973,-71.3097,point_trailhead,42.2973,-71.3097,,,,1.1,5.0,mtbproject_avg,,1,greenBlue,,"Wellesley, Massachusetts",Massachusetts,United States,,,,mtbproject_trailhead,difficulty=greenBlue
mtb-4121517,mtbproject,https://www.mtbproject.com/trail/4121517/wild-turkey,Wild Turkey,42.5749,-71.3271,point_trailhead,42.5749,-71.3271,,,,0.3,4.4,mtbproject_avg,,5,greenBlue,,"Chelmsford, Massachusetts",Massachusetts,United States,,,,mtbproject_trailhead,difficulty=greenBlue
mtb-7028835,mtbproject,https://www.mtbproject.com/trail/7028835/litchfield-loop,Litchfield Loop,42.5583,-71.3483,point_trailhead,42.5583,-71.3483,,,,0.9,4.0,mtbproject_avg,,1,green,,"Carlisle, Massachusetts",Massachusetts,United States,,,,mtbproject_trailhead,difficulty=green
mtb-7021834,mtbproject,https://www.mtbproject.com/trail/7021834/estabrook-road,Estabrook Road,42.4809,-71.3586,point_trailhead,42.4809,-71.3586,,,,1.7,4.0,mtbproject_avg,,1,green,,"Concord, Massachusetts",Massachusetts,United States,,,,mtbproject_trailhead,difficulty=green
mtb-7014957,mtbproject,https://www.mtbproject.com/trail/7014957/little-moab,Little Moab,42.1641,-71.4992,point_trailhead,42.1641,-71.4992,,,,0.2,4.0,mtbproject_avg,,1,blueBlack,,"Milford, Massachusetts",Massachusetts,United States,,,,mtbproject_trailhead,mtbproject type=Connector
mtb-7030865,mtbproject,https://www.mtbproject.com/trail/7030865/wicked-hard-trail-surf-city,Wicked Hard Trail / Surf City,42.5001,-70.9943,point_trailhead,42.5001,-70.9943,,,,0.5,5.0,mtbproject_avg,,1,dblack,,"South Peabody, Massachusetts",Massachusetts,United States,,,,mtbproject_trailhead,difficulty=dblack
mtb-7030753,mtbproject,https://www.mtbproject.com/trail/7030753/awesome-sauce-trail,Awesome-Sauce Trail,42.4997,-70.9989,point_trailhead,42.4997,-70.9989,,,,0.4,5.0,mtbproject_avg,,1,dblack,,"Saugus, Massachusetts",Massachusetts,United States,,,,mtbproject_trailhead,difficulty=dblack
mtb-7007354,mtbproject,https://www.mtbproject.com/trail/7007354/blue-heron-loop,Blue Heron Loop,42.2958,-71.2126,point_trailhead,42.2958,-71.2126,,,,8.4,4.5,mtbproject_avg,,4,greenBlue,,"Needham, Massachusetts",Massachusetts,United States,,,,mtbproject_trailhead,difficulty=greenBlue
mtb-7030861,mtbproject,https://www.mtbproject.com/trail/7030861/kelly-high-jump-line,Kelly High Jump Line,42.5086,-71.0032,point_trailhead,42.5086,-71.0032,,,,0.3,4.0,mtbproject_avg,,1,dblack,,"South Peabody, Massachusetts",Massachusetts,United States,,,,mtbproject_trailhead,difficulty=dblack
mtb-7021835,mtbproject,https://www.mtbproject.com/trail/7021835/north-trail,North Trail,42.4344,-71.2079,point_trailhead,42.4344,-71.2079,,,,0.8,4.0,mtbproject_avg,,1,greenBlue,,"Lexington, Massachusetts",Massachusetts,United States,,,,mtbproject_trailhead,difficulty=greenBlue
mtb-7026157,mtbproject,https://www.mtbproject.com/trail/7026157/centennial-reservation-trail,Centennial Reservation Trail,42.3069,-71.2612,point_trailhead,42.3069,-71.2612,,,,1.7,4.0,mtbproject_avg,,1,green,,"Wellesley, Massachusetts",Massachusetts,United States,,,,mtbproject_trailhead,difficulty=green
mtb-7028982,mtbproject,https://www.mtbproject.com/trail/7028982/perley-brook-loop-trail,Perley Brook Loop Trail,42.5893,-72.0056,point_trailhead,42.5893,-72.0056,,,,1.9,4.0,mtbproject_avg,,1,green,,"Gardner, Massachusetts",Massachusetts,United States,,,,mtbproject_trailhead,difficulty=green
mtb-7014593,mtbproject,https://www.mtbproject.com/trail/7014593/main-trail-fire-road,Main Trail Fire Road,42.1671,-71.5058,point_trailhead,42.1671,-71.5058,,,,1.3,4.0,mtbproject_avg,,1,greenBlue,,"Milford, Massachusetts",Massachusetts,United States,,,,mtbproject_trailhead,difficulty=greenBlue
mtb-7031208,mtbproject,https://www.mtbproject.com/trail/7031208/tomahawk-bridge-trail,Tomahawk Bridge Trail,42.5059,-71.0014,point_trailhead,42.5059,-71.0014,,,,0.1,4.0,mtbproject_avg,,1,dblack,,"South Peabody, Massachusetts",Massachusetts,United States,,,,mtbproject_trailhead,difficulty=dblack
mtb-7021518,mtbproject,https://www.mtbproject.com/trail/7021518/serpent-god,Serpent God,42.2955,-72.5068,point_trailhead,42.2955,-72.5068,,,,0.8,4.0,mtbproject_avg,,1,dblack,,"Granby, Massachusetts",Massachusetts,United States,,,,mtbproject_trailhead,difficulty=dblack
mtb-4450108,mtbproject,https://www.mtbproject.com/trail/4450108/acorn,Acorn,42.5563,-71.3536,point_trailhead,42.5563,-71.3536,,,,1.4,4.0,mtbproject_avg,,1,green,,"Carlisle, Massachusetts",Massachusetts,United States,,,,mtbproject_trailhead,difficulty=green
mtb-6242279,mtbproject,https://www.mtbproject.com/trail/6242279/ghost,Ghost,42.0938,-72.6515,point_trailhead,42.0938,-72.6515,,,,2.2,4.0,mtbproject_avg,,1,greenBlue,,"West Springfield, Massachusetts",Massachusetts,United States,,,,mtbproject_trailhead,difficulty=greenBlue
mtb-7029317,mtbproject,https://www.mtbproject.com/trail/7029317/deer-run,Deer Run,42.5556,-71.3358,point_trailhead,42.5556,-71.3358,,,,0.8,4.0,mtbproject_avg,,1,greenBlue,,"Carlisle, Massachusetts",Massachusetts,United States,,,,mtbproject_trailhead,difficulty=greenBlue
mtb-7007537,mtbproject,https://www.mtbproject.com/trail/7007537/right-turn-clyde,Right Turn Clyde,42.177,-71.4912,point_trailhead,42.177,-71.4912,,,,0.6,4.0,mtbproject_avg,,1,greenBlue,,"Milford, Massachusetts",Massachusetts,United States,,,,mtbproject_trailhead,difficulty=greenBlue
mtb-7025092,mtbproject,https://www.mtbproject.com/trail/7025092/devine-trail,Devine Trail,42.3768,-71.6585,point_trailhead,42.3768,-71.6585,,,,0.6,4.0,mtbproject_avg,,1,greenBlue,,"Berlin, Massachusetts",Massachusetts,United States,,,,mtbproject_trailhead,difficulty=greenBlue
mtb-7021519,mtbproject,https://www.mtbproject.com/trail/7021519/entrance-exam,Entrance Exam,42.2859,-72.5169,point_trailhead,42.2859,-72.5169,,,,0.5,4.0,mtbproject_avg,,1,dblack,,"Granby, Massachusetts",Massachusetts,United States,,,,mtbproject_trailhead,difficulty=dblack
mtb-7014730,mtbproject,https://www.mtbproject.com/trail/7014730/rubber-stamp,Rubber Stamp,42.168,-71.5011,point_trailhead,42.168,-71.5011,,,,0.2,4.0,mtbproject_avg,,1,blueBlack,,"Milford, Massachusetts",Massachusetts,United States,,,,mtbproject_trailhead,mtbproject type=Connector
mtb-5811696,mtbproject,https://www.mtbproject.com/trail/5811696/oak-hill-ln-to-pine-plain-rd-downhill,Oak Hill Ln to Pine Plain Rd Downhill,42.3848,-72.0079,point_trailhead,42.3848,-72.0079,,,,0.7,4.0,mtbproject_avg,,1,greenBlue,,"Rutland, Massachusetts",Massachusetts,United States,,,,mtbproject_trailhead,difficulty=greenBlue
mtb-7024537,mtbproject,https://www.mtbproject.com/trail/7024537/south-ridge-loop,South Ridge Loop,42.3493,-71.6654,point_trailhead,42.3493,-71.6654,,,,0.5,4.0,mtbproject_avg,,1,greenBlue,,"Northborough, Massachusetts",Massachusetts,United States,,,,mtbproject_trailhead,difficulty=greenBlue
mtb-6241322,mtbproject,https://www.mtbproject.com/trail/6241322/roots,Roots,42.0974,-72.6467,point_trailhead,42.0974,-72.6467,,,,0.6,4.0,mtbproject_avg,,1,greenBlue,,"West Springfield, Massachusetts",Massachusetts,United States,,,,mtbproject_trailhead,difficulty=greenBlue
mtb-520057,mtbproject,https://www.mtbproject.com/trail/520057/coco-ridge-direct-fun-way-off-the-dam,Coco Ridge Direct - fun way off the dam!,42.3159,-71.4674,point_trailhead,42.3159,-71.4674,,,,0.1,4.0,mtbproject_avg,,1,black,,"Framingham Center, Massachusetts",Massachusetts,United States,,,,mtbproject_trailhead,mtbproject type=Connector
mtb-7024236,mtbproject,https://www.mtbproject.com/trail/7024236/fisher-trail,Fisher Trail,42.3525,-71.6619,point_trailhead,42.3525,-71.6619,,,,0.4,4.0,mtbproject_avg,,1,blue,,"Berlin, Massachusetts",Massachusetts,United States,,,,mtbproject_trailhead,mtbproject type=Connector
mtb-7033151,mtbproject,https://www.mtbproject.com/trail/7033151/s17-s18,S17 - S18,42.1967,-70.8466,point_trailhead,42.1967,-70.8466,,,,0.2,4.0,mtbproject_avg,,1,greenBlue,,"North Scituate, Massachusetts",Massachusetts,United States,,,,mtbproject_trailhead,difficulty=greenBlue
mtb-7031668,mtbproject,https://www.mtbproject.com/trail/7031668/blacklock-floras-loop,Blacklock Floras Loop,42.8568,-124.5198,point_trailhead,42.8568,-124.5198,,,,7.6,4.0,mtbproject_avg,,2,greenBlue,,"Port Orford, Oregon",Oregon,United States,,,,mtbproject_trailhead,difficulty=greenBlue
mtb-7031672,mtbproject,https://www.mtbproject.com/trail/7031672/blacklock-point,Blacklock Point,42.8567,-124.5204,point_trailhead,42.8567,-124.5204,,,,1.8,4.0,mtbproject_avg,,1,greenBlue,,"Port Orford, Oregon",Oregon,United States,,,,mtbproject_trailhead,difficulty=greenBlue
mtb-5584172,mtbproject,https://www.mtbproject.com/trail/5584172/lower-and-upper-city-creek,Lower and Upper City Creek,42.8534,-112.4498,point_trailhead,42.8534,-112.4498,,,,5.8,4.9,mtbproject_avg,,8,greenBlue,,"Pocatello, Idaho",Idaho,United States,,,,mtbproject_trailhead,difficulty=greenBlue
mtb-5905989,mtbproject,https://www.mtbproject.com/trail/5905989/sulivans,Sulivan's,42.8334,-112.462,point_trailhead,42.8334,-112.462,,,,1.4,5.0,mtbproject_avg,,5,greenBlue,,"Pocatello, Idaho",Idaho,United States,,,,mtbproject_trailhead,difficulty=greenBlue
mtb-6451099,mtbproject,https://www.mtbproject.com/trail/6451099/head-trauma,Head Trauma,42.8487,-112.473,point_trailhead,42.8487,-112.473,,,,0.7,4.0,mtbproject_avg,,2,dblack,,"Pocatello, Idaho",Idaho,United States,,,,mtbproject_trailhead,difficulty=dblack
mtb-5666494,mtbproject,https://www.mtbproject.com/trail/5666494/crystal-springs,Crystal Springs,42.7457,-112.4716,point_trailhead,42.7457,-112.4716,,,,3.7,4.0,mtbproject_avg,,2,greenBlue,,"Pocatello, Idaho",Idaho,United States,,,,mtbproject_trailhead,difficulty=greenBlue
mtb-7004435,mtbproject,https://www.mtbproject.com/trail/7004435/amikirkham-trail,AMI/Kirkham Trail,42.8427,-112.417,point_trailhead,42.8427,-112.417,,,,1.2,4.0,mtbproject_avg,,2,green,,"Pocatello, Idaho",Idaho,United States,,,,mtbproject_trailhead,difficulty=green
mtb-6215015,mtbproject,https://www.mtbproject.com/trail/6215015/windago,Windago,42.6815,-112.3823,point_trailhead,42.6815,-112.3823,,,,2.3,4.0,mtbproject_avg,,1,greenBlue,,"Pocatello, Idaho",Idaho,United States,,,,mtbproject_trailhead,difficulty=greenBlue
mtb-5716721,mtbproject,https://www.mtbproject.com/trail/5716721/prison,Prison,42.8388,-112.4515,point_trailhead,42.8388,-112.4515,,,,0.7,4.0,mtbproject_avg,,1,greenBlue,,"Pocatello, Idaho",Idaho,United States,,,,mtbproject_trailhead,difficulty=greenBlue
mtb-7005103,mtbproject,https://www.mtbproject.com/trail/7005103/south-fork-inman-creek-canyon-trail,South Fork Inman Creek Canyon Trail,42.806,-112.1262,point_trailhead,42.806,-112.1262,,,,3.3,4.0,mtbproject_avg,,1,greenBlue,,"Pocatello, Idaho",Idaho,United States,,,,mtbproject_trailhead,difficulty=greenBlue
mtb-3398178,mtbproject,https://www.mtbproject.com/trail/3398178/middle-fork-trail,Middle Fork Trail,42.7002,-108.932,point_trailhead,42.7002,-108.932,,,,8.6,4.8,mtbproject_avg,,5,dblack,,"Lander, Wyoming",Wyoming,United States,,,,mtbproject_trailhead,difficulty=dblack
mtb-7002916,mtbproject,https://www.mtbproject.com/trail/7002916/the-catalyst-downhill,The Catalyst Downhill,42.7289,-108.8245,point_trailhead,42.7289,-108.8245,,,,1.1,4.5,mtbproject_avg,,2,dblack,,"Lander, Wyoming",Wyoming,United States,,,,mtbproject_trailhead,difficulty=dblack
mtb-5349213,mtbproject,https://www.mtbproject.com/trail/5349213/blue-ridge-lookout-trail-a-short-spur-option-to-the-blue-ridge-lookout,Blue Ridge Lookout trail - A short spur option to the Blue Ridge lookout,42.6471,-108.8768,point_trailhead,42.6471,-108.8768,,,,0.9,4.0,mtbproject_avg,,1,blue,,"Lander, Wyoming",Wyoming,United States,,,,mtbproject_trailhead,mtbproject type=Connector
mtb-368280,mtbproject,https://www.mtbproject.com/trail/368280/johnny-draw,Johnny Draw,42.6955,-108.5443,point_trailhead,42.6955,-108.5443,,,,2.3,3.8,mtbproject_avg,,6,greenBlue,,"Lander, Wyoming",Wyoming,United States,,,,mtbproject_trailhead,difficulty=greenBlue
mtb-5238124,mtbproject,https://www.mtbproject.com/trail/5238124/south-porcupine,South Porcupine,39.3441,-107.1595,point_trailhead,39.3441,-107.1595,,,,1.2,4.0,mtbproject_avg,,2,greenBlue,,"Carbondale, Colorado",Colorado,United States,,,,mtbproject_trailhead,difficulty=greenBlue
mtb-7006474,mtbproject,https://www.mtbproject.com/trail/7006474/eadsville-trail,Eadsville Trail,42.738,-106.3165,point_trailhead,42.738,-106.3165,,,,3.8,4.0,mtbproject_avg,,4,greenBlue,,"Casper, Wyoming",Wyoming,United States,,,,mtbproject_trailhead,difficulty=greenBlue
mtb-3906303,mtbproject,https://www.mtbproject.com/trail/3906303/tenderfoot,Tenderfoot,40.4533,-106.7725,point_trailhead,40.4533,-106.7725,,,,3.9,4.0,mtbproject_avg,,4,greenBlue,,"Steamboat Springs, Colorado",Colorado,United States,,,,mtbproject_trailhead,difficulty=greenBlue
mtb-7004481,mtbproject,https://www.mtbproject.com/trail/7004481/stranger,Stranger,40.039,-105.8919,point_trailhead,40.039,-105.8919,,,,0.6,4.0,mtbproject_avg,,1,dblack,,"Granby, Colorado",Colorado,United States,,,,mtbproject_trailhead,difficulty=dblack
mtb-4333733,mtbproject,https://www.mtbproject.com/trail/4333733/ingawanis-woodlands,Ingawanis Woodlands,42.6718,-92.4212,point_trailhead,42.6718,-92.4212,,,,6.9,4.2,mtbproject_avg,,5,greenBlue,,"Denver, Iowa",Iowa,United States,,,,mtbproject_trailhead,difficulty=greenBlue
mtb-4356410,mtbproject,https://www.mtbproject.com/trail/4356410/no-name,No Name,42.6718,-92.4212,point_trailhead,42.6718,-92.4212,,,,4.0,4.0,mtbproject_avg,,1,greenBlue,,"Denver, Iowa",Iowa,United States,,,,mtbproject_trailhead,difficulty=greenBlue
mtb-4342757,mtbproject,https://www.mtbproject.com/trail/4342757/numbers,Numbers,42.6758,-92.4189,point_trailhead,42.6758,-92.4189,,,,1.7,4.0,mtbproject_avg,,1,greenBlue,,"Denver, Iowa",Iowa,United States,,,,mtbproject_trailhead,difficulty=greenBlue
mtb-5368213,mtbproject,https://www.mtbproject.com/trail/5368213/dizzy,Dizzy,43.0034,-89.4817,point_trailhead,43.0034,-89.4817,,,,1.1,5.0,mtbproject_avg,,3,green,,"Verona, Wisconsin",Wisconsin,United States,,,,mtbproject_trailhead,difficulty=green
mtb-4040118,mtbproject,https://www.mtbproject.com/trail/4040118/tunnel-trail,Tunnel Trail,43.0059,-89.477,point_trailhead,43.0059,-89.477,,,,0.1,5.0,mtbproject_avg,,1,black,,"Fitchburg, Wisconsin",Wisconsin,United States,,,,mtbproject_trailhead,mtbproject type=Connector
mtb-4038862,mtbproject,https://www.mtbproject.com/trail/4038862/three-sisters,Three Sisters,43.0062,-89.4757,point_trailhead,43.0062,-89.4757,,,,0.2,5.0,mtbproject_avg,,1,black,,"Fitchburg, Wisconsin",Wisconsin,United States,,,,mtbproject_trailhead,mtbproject type=Connector
mtb-7011495,mtbproject,https://www.mtbproject.com/trail/7011495/outer-loop,Outer Loop,43.0208,-89.455,point_trailhead,43.0208,-89.455,,,,1.5,4.0,mtbproject_avg,,6,green,,"Shorewood Hills, Wisconsin",Wisconsin,United States,,,,mtbproject_trailhead,difficulty=green
mtb-6503923,mtbproject,https://www.mtbproject.com/trail/6503923/corp-connector-two-way-trail,Corp Connector Two-Way Trail,43.0018,-89.0189,point_trailhead,43.0018,-89.0189,,,,1.7,5.0,mtbproject_avg,,2,green,,"Cambridge, Wisconsin",Wisconsin,United States,,,,mtbproject_trailhead,difficulty=green
mtb-4012915,mtbproject,https://www.mtbproject.com/trail/4012915/cannonsburg-state-game-area-egypt-valley,Cannonsburg State Game Area (Egypt Valley),43.0281,-85.5035,point_trailhead,43.0281,-85.5035,,,,7.1,3.9,mtbproject_avg,,15,greenBlue,,"Forest Hills, Michigan",Michigan,United States,,,,mtbproject_trailhead,difficulty=greenBlue
mtb-7020626,mtbproject,https://www.mtbproject.com/trail/7020626/fulton-park-mid-loop,Fulton Park (Mid Loop),42.6935,-84.6136,point_trailhead,42.6935,-84.6136,,,,0.9,5.0,mtbproject_avg,,1,greenBlue,,"Waverly, Michigan",Michigan,United States,,,,mtbproject_trailhead,difficulty=greenBlue
mtb-7020552,mtbproject,https://www.mtbproject.com/trail/7020552/hunters-ridge-south-loop,Hunters Ridge (South Loop),42.6985,-84.6105,point_trailhead,42.6985,-84.6105,,,,0.9,5.0,mtbproject_avg,,1,greenBlue,,"Waverly, Michigan",Michigan,United States,,,,mtbproject_trailhead,difficulty=greenBlue
mtb-7000865,mtbproject,https://www.mtbproject.com/trail/7000865/red-loop,Red Loop,42.6956,-84.6222,point_trailhead,42.6956,-84.6222,,,,1.9,3.8,mtbproject_avg,,6,greenBlue,,"Waverly, Michigan",Michigan,United States,,,,mtbproject_trailhead,difficulty=greenBlue
mtb-7000862,mtbproject,https://www.mtbproject.com/trail/7000862/green-loop,Green Loop,42.6929,-84.6223,point_trailhead,42.6929,-84.6223,,,,1.5,3.8,mtbproject_avg,,5,greenBlue,,"Waverly, Michigan",Michigan,United States,,,,mtbproject_trailhead,difficulty=greenBlue
mtb-6287519,mtbproject,https://www.mtbproject.com/trail/6287519/river-bends-park,River Bends Park,42.651,-83.0536,point_trailhead,42.651,-83.0536,,,,5.1,4.4,mtbproject_avg,,25,greenBlue,,"Shelby, Michigan",Michigan,United States,,,,mtbproject_trailhead,difficulty=greenBlue
mtb-6287205,mtbproject,https://www.mtbproject.com/trail/6287205/blue-loop,Blue Loop,42.6368,-83.045,point_trailhead,42.6368,-83.045,,,,1.0,5.0,mtbproject_avg,,1,greenBlue,,"Utica, Michigan",Michigan,United States,,,,mtbproject_trailhead,difficulty=greenBlue
mtb-6287321,mtbproject,https://www.mtbproject.com/trail/6287321/yellow-loop,Yellow Loop,42.6509,-83.0534,point_trailhead,42.6509,-83.0534,,,,3.5,4.7,mtbproject_avg,,3,greenBlue,,"Shelby, Michigan",Michigan,United States,,,,mtbproject_trailhead,difficulty=greenBlue
mtb-7003396,mtbproject,https://www.mtbproject.com/trail/7003396/the-pines,The Pines,42.7142,-83.1245,point_trailhead,42.7142,-83.1245,,,,1.0,4.0,mtbproject_avg,,5,greenBlue,,"Rochester, Michigan",Michigan,United States,,,,mtbproject_trailhead,difficulty=greenBlue
mtb-7029105,mtbproject,https://www.mtbproject.com/trail/7029105/fulton,Fulton,40.6279,-79.1633,point_trailhead,40.6279,-79.1633,,,,1.3,4.0,mtbproject_avg,,1,greenBlue,,"Indiana, Pennsylvania",Pennsylvania,United States,,,,mtbproject_trailhead,difficulty=greenBlue
mtb-814806,mtbproject,https://www.mtbproject.com/trail/814806/upper-hunters-creek-trail,Upper Hunters Creek Trail,42.737,-78.5512,point_trailhead,42.737,-78.5512,,,,0.6,5.0,mtbproject_avg,,1,green,,"East Aurora, New York",New York,United States,,,,mtbproject_trailhead,difficulty=green
mtb-814722,mtbproject,https://www.mtbproject.com/trail/814722/upper-north-red,Upper North Red,42.7451,-78.5504,point_trailhead,42.7451,-78.5504,,,,0.3,5.0,mtbproject_avg,,1,green,,"East Aurora, New York",New York,United States,,,,mtbproject_trailhead,difficulty=green
mtb-625064,mtbproject,https://www.mtbproject.com/trail/625064/golden-hill-red-loop,Golden Hill Red Loop,42.2459,-78.5346,point_trailhead,42.2459,-78.5346,,,,4.1,4.0,mtbproject_avg,,1,green,,"Franklinville, New York",New York,United States,,,,mtbproject_trailhead,difficulty=green
mtb-7024319,mtbproject,https://www.mtbproject.com/trail/7024319/trail-5,Trail #5,42.8269,-78.1483,point_trailhead,42.8269,-78.1483,,,,2.0,5.0,mtbproject_avg,,1,greenBlue,,"Warsaw, New York",New York,United States,,,,mtbproject_trailhead,difficulty=greenBlue
mtb-7024355,mtbproject,https://www.mtbproject.com/trail/7024355/trail-3,Trail #3,42.8295,-78.1492,point_trailhead,42.8295,-78.1492,,,,1.5,5.0,mtbproject_avg,,1,greenBlue,,"Warsaw, New York",New York,United States,,,,mtbproject_trailhead,difficulty=greenBlue
mtb-7034375,mtbproject,https://www.mtbproject.com/trail/7034375/schist,Schist,42.6147,-72.8691,point_trailhead,42.6147,-72.8691,,,,0.7,5.0,mtbproject_avg,,1,dblack,,"Charlemont, Massachusetts",Massachusetts,United States,,,,mtbproject_trailhead,difficulty=dblack
mtb-7034373,mtbproject,https://www.mtbproject.com/trail/7034373/juggernaut,Juggernaut,42.6145,-72.869,point_trailhead,42.6145,-72.869,,,,0.7,5.0,mtbproject_avg,,1,dblack,,"Charlemont, Massachusetts",Massachusetts,United States,,,,mtbproject_trailhead,difficulty=dblack
mtb-7028358,mtbproject,https://www.mtbproject.com/trail/7028358/b1,B1,42.7868,-75.996,point_trailhead,42.7868,-75.996,,,,0.9,4.0,mtbproject_avg,,2,greenBlue,,"Manlius, New York",New York,United States,,,,mtbproject_trailhead,difficulty=greenBlue
mtb-7017285,mtbproject,https://www.mtbproject.com/trail/7017285/sugar-line,Sugar Line,42.6142,-72.8702,point_trailhead,42.6142,-72.8702,,,,3.3,4.0,mtbproject_avg,,2,green,,"Charlemont, Massachusetts",Massachusetts,United States,,,,mtbproject_trailhead,difficulty=green
mtb-7011599,mtbproject,https://www.mtbproject.com/trail/7011599/salamander,Salamander,42.7143,-71.5118,point_trailhead,42.7143,-71.5118,,,,0.5,4.6,mtbproject_avg,,5,greenBlue,,"Nashua, New Hampshire",New Hampshire,United States,,,,mtbproject_trailhead,difficulty=greenBlue
mtb-7011606,mtbproject,https://www.mtbproject.com/trail/7011606/wormhole,Wormhole,42.7163,-71.5221,point_trailhead,42.7163,-71.5221,,,,0.5,4.5,mtbproject_avg,,4,greenBlue,,"Hollis, New Hampshire",New Hampshire,United States,,,,mtbproject_trailhead,difficulty=greenBlue
mtb-7011600,mtbproject,https://www.mtbproject.com/trail/7011600/windigo,Windigo,42.7152,-71.5241,point_trailhead,42.7152,-71.5241,,,,0.8,4.5,mtbproject_avg,,4,greenBlue,,"Hollis, New Hampshire",New Hampshire,United States,,,,mtbproject_trailhead,difficulty=greenBlue
mtb-7006457,mtbproject,https://www.mtbproject.com/trail/7006457/woodpecker,Woodpecker,43.0161,-71.3427,point_trailhead,43.0161,-71.3427,,,,0.6,4.0,mtbproject_avg,,2,greenBlue,,"Auburn, New Hampshire",New Hampshire,United States,,,,mtbproject_trailhead,difficulty=greenBlue
mtb-7026131,mtbproject,https://www.mtbproject.com/trail/7026131/denison-trail-connector,Denison Trail Connector,42.6478,-70.6615,point_trailhead,42.6478,-70.6615,,,,1.1,4.5,mtbproject_avg,,2,dblack,,"Gloucester, Massachusetts",Massachusetts,United States,,,,mtbproject_trailhead,difficulty=dblack
mtb-7026855,mtbproject,https://www.mtbproject.com/trail/7026855/davis-mine-loop-trail,Davis Mine Loop Trail,42.6988,-72.8728,point_trailhead,42.6988,-72.8728,,,,1.9,4.0,mtbproject_avg,,1,green,,"Charlemont, Massachusetts",Massachusetts,United States,,,,mtbproject_trailhead,difficulty=green
mtb-7018717,mtbproject,https://www.mtbproject.com/trail/7018717/maple-trail,Maple Trail,42.8645,-71.189,point_trailhead,42.8645,-71.189,,,,0.7,4.0,mtbproject_avg,,1,greenBlue,,"Hampstead, New Hampshire",New Hampshire,United States,,,,mtbproject_trailhead,difficulty=greenBlue
mtb-7032655,mtbproject,https://www.mtbproject.com/trail/7032655/hollerback-trail,Hollerback Trail,43.2204,-124.3468,point_trailhead,43.2204,-124.3468,,,,1.7,5.0,mtbproject_avg,,1,green,,"Bandon, Oregon",Oregon,United States,,,,mtbproject_trailhead,difficulty=green
mtb-7032664,mtbproject,https://www.mtbproject.com/trail/7032664/dirty-dishes,Dirty Dishes,43.2203,-124.3468,point_trailhead,43.2203,-124.3468,,,,1.0,5.0,mtbproject_avg,,1,greenBlue,,"Bandon, Oregon",Oregon,United States,,,,mtbproject_trailhead,difficulty=greenBlue
mtb-7032658,mtbproject,https://www.mtbproject.com/trail/7032658/bootlegger,Bootlegger,43.2267,-124.337,point_trailhead,43.2267,-124.337,,,,0.8,5.0,mtbproject_avg,,1,greenBlue,,"Barview, Oregon",Oregon,United States,,,,mtbproject_trailhead,difficulty=greenBlue
mtb-7032672,mtbproject,https://www.mtbproject.com/trail/7032672/captain-blacklock,Captain Blacklock,43.2161,-124.3551,point_trailhead,43.2161,-124.3551,,,,0.3,5.0,mtbproject_avg,,1,green,,"Bandon, Oregon",Oregon,United States,,,,mtbproject_trailhead,difficulty=green
mtb-7032656,mtbproject,https://www.mtbproject.com/trail/7032656/sour-mash,Sour Mash,43.2272,-124.3355,point_trailhead,43.2272,-124.3355,,,,0.7,5.0,mtbproject_avg,,1,greenBlue,,"Barview, Oregon",Oregon,United States,,,,mtbproject_trailhead,difficulty=greenBlue
mtb-7030235,mtbproject,https://www.mtbproject.com/trail/7030235/south-umpqua-riverfront-trail,South Umpqua Riverfront Trail,43.2172,-123.3719,point_trailhead,43.2172,-123.3719,,,,3.1,5.0,mtbproject_avg,,1,green,,"Roseburg, Oregon",Oregon,United States,,,,mtbproject_trailhead,difficulty=green
mtb-7009158,mtbproject,https://www.mtbproject.com/trail/7009158/cooper-creek-reservoir-trail,Cooper Creek Reservoir Trail,43.3805,-123.282,point_trailhead,43.3805,-123.282,,,,5.6,4.4,mtbproject_avg,,5,greenBlue,,"Sutherlin, Oregon",Oregon,United States,,,,mtbproject_trailhead,difficulty=greenBlue
mtb-7009679,mtbproject,https://www.mtbproject.com/trail/7009679/summit-lake-meek-lake-loop,Summit Lake-Meek Lake Loop,43.4629,-122.1339,point_trailhead,43.4629,-122.1339,,,,10.4,4.0,mtbproject_avg,,1,greenBlue,,"Oakridge, Oregon",Oregon,United States,,,,mtbproject_trailhead,difficulty=greenBlue
mtb-7009682,mtbproject,https://www.mtbproject.com/trail/7009682/meek-lake-trail-43,Meek Lake Trail #43,43.4697,-122.0866,point_trailhead,43.4697,-122.0866,,,,2.9,4.0,mtbproject_avg,,1,greenBlue,,"Oakridge, Oregon",Oregon,United States,,,,mtbproject_trailhead,difficulty=greenBlue
mtb-7020852,mtbproject,https://www.mtbproject.com/trail/7020852/watson-trail,Watson Trail,43.3035,-117.4361,point_trailhead,43.3035,-117.4361,,,,7.6,5.0,mtbproject_avg,,1,greenBlue,,"Vale, Oregon",Oregon,United States,,,,mtbproject_trailhead,difficulty=greenBlue
mtb-7020851,mtbproject,https://www.mtbproject.com/trail/7020851/school-house-gulch,School House Gulch,43.2704,-117.3296,point_trailhead,43.2704,-117.3296,,,,2.8,5.0,mtbproject_avg,,1,greenBlue,,"Vale, Oregon",Oregon,United States,,,,mtbproject_trailhead,difficulty=greenBlue
mtb-7020849,mtbproject,https://www.mtbproject.com/trail/7020849/hon-gulch-trail,Hon Gulch Trail,43.2561,-117.2722,point_trailhead,43.2561,-117.2722,,,,4.2,5.0,mtbproject_avg,,1,green,,"Murphy, Idaho",Idaho,United States,,,,mtbproject_trailhead,difficulty=green
mtb-7020687,mtbproject,https://www.mtbproject.com/trail/7020687/dago-gulch-road,Dago Gulch Road,43.2935,-117.2542,point_trailhead,43.2935,-117.2542,,,,3.7,5.0,mtbproject_avg,,1,greenBlue,,"Vale, Oregon",Oregon,United States,,,,mtbproject_trailhead,difficulty=greenBlue
mtb-7020680,mtbproject,https://www.mtbproject.com/trail/7020680/three-fingers-gulch-road,Three Fingers Gulch Road,43.4099,-117.2383,point_trailhead,43.4099,-117.2383,,,,8.2,5.0,mtbproject_avg,,1,greenBlue,,"Vale, Oregon",Oregon,United States,,,,mtbproject_trailhead,difficulty=greenBlue
mtb-7020685,mtbproject,https://www.mtbproject.com/trail/7020685/rodger-spring-cutoff,Rodger Spring Cutoff,43.405,-117.1629,point_trailhead,43.405,-117.1629,,,,2.3,5.0,mtbproject_avg,,1,green,,"Nyssa, Oregon",Oregon,United States,,,,mtbproject_trailhead,difficulty=green
mtb-7020679,mtbproject,https://www.mtbproject.com/trail/7020679/mcintyre-spring-road,McIntyre Spring Road,43.4053,-117.1242,point_trailhead,43.4053,-117.1242,,,,8.7,4.0,mtbproject_avg,,1,greenBlue,,"Nyssa, Oregon",Oregon,United States,,,,mtbproject_trailhead,difficulty=greenBlue
mtb-7032620,mtbproject,https://www.mtbproject.com/trail/7032620/ho-chi-minh-connecter,Ho Chi Minh Connecter,43.3256,-116.6839,point_trailhead,43.3256,-116.6839,,,,0.5,5.0,mtbproject_avg,,1,greenBlue,,"Murphy, Idaho",Idaho,United States,,,,mtbproject_trailhead,difficulty=greenBlue
mtb-7032521,mtbproject,https://www.mtbproject.com/trail/7032521/pigeon-road-37154,Pigeon Road 37154,43.3583,-116.6803,point_trailhead,43.3583,-116.6803,,,,8.0,5.0,mtbproject_avg,,1,green,,"Murphy, Idaho",Idaho,United States,,,,mtbproject_trailhead,difficulty=green
mtb-7032524,mtbproject,https://www.mtbproject.com/trail/7032524/blm-road-37156,BLM Road 37156,43.3426,-116.7169,point_trailhead,43.3426,-116.7169,,,,1.8,5.0,mtbproject_avg,,1,green,,"Murphy, Idaho",Idaho,United States,,,,mtbproject_trailhead,difficulty=green
mtb-7032519,mtbproject,https://www.mtbproject.com/trail/7032519/blm-road-37164,BLM Road 37164,43.3262,-116.7005,point_trailhead,43.3262,-116.7005,,,,1.1,5.0,mtbproject_avg,,1,green,,"Murphy, Idaho",Idaho,United States,,,,mtbproject_trailhead,difficulty=green
mtb-7032527,mtbproject,https://www.mtbproject.com/trail/7032527/w301,W301,43.35,-116.7094,point_trailhead,43.35,-116.7094,,,,0.7,5.0,mtbproject_avg,,1,green,,"Murphy, Idaho",Idaho,United States,,,,mtbproject_trailhead,difficulty=green
mtb-7032526,mtbproject,https://www.mtbproject.com/trail/7032526/w311,W311,43.3323,-116.6929,point_trailhead,43.3323,-116.6929,,,,1.6,5.0,mtbproject_avg,,1,green,,"Murphy, Idaho",Idaho,United States,,,,mtbproject_trailhead,difficulty=green
mtb-7032523,mtbproject,https://www.mtbproject.com/trail/7032523/w400,W400,43.3488,-116.7138,point_trailhead,43.3488,-116.7138,,,,1.5,5.0,mtbproject_avg,,1,greenBlue,,"Murphy, Idaho",Idaho,United States,,,,mtbproject_trailhead,difficulty=greenBlue
mtb-7032520,mtbproject,https://www.mtbproject.com/trail/7032520/blm-road-37165,BLM Road 37165,43.3184,-116.7071,point_trailhead,43.3184,-116.7071,,,,0.5,5.0,mtbproject_avg,,1,green,,"Murphy, Idaho",Idaho,United States,,,,mtbproject_trailhead,difficulty=green
mtb-7034444,mtbproject,https://www.mtbproject.com/trail/7034444/kingfisher-trail,Kingfisher Trail,43.5136,-116.5832,point_trailhead,43.5136,-116.5832,,,,5.4,5.0,mtbproject_avg,,1,green,,"Nampa, Idaho",Idaho,United States,,,,mtbproject_trailhead,difficulty=green
mtb-7001477,mtbproject,https://www.mtbproject.com/trail/7001477/w250,W250,43.359,-116.7386,point_trailhead,43.359,-116.7386,,,,0.7,4.0,mtbproject_avg,,1,dblack,,"Marsing, Idaho",Idaho,United States,,,,mtbproject_trailhead,difficulty=dblack
mtb-7032488,mtbproject,https://www.mtbproject.com/trail/7032488/w410,W410,43.3352,-116.7251,point_trailhead,43.3352,-116.7251,,,,2.5,4.0,mtbproject_avg,,1,greenBlue,,"Murphy, Idaho",Idaho,United States,,,,mtbproject_trailhead,difficulty=greenBlue
mtb-7032619,mtbproject,https://www.mtbproject.com/trail/7032619/h600,H600,43.3095,-116.6558,point_trailhead,43.3095,-116.6558,,,,2.4,4.0,mtbproject_avg,,1,green,,"Murphy, Idaho",Idaho,United States,,,,mtbproject_trailhead,difficulty=green
mtb-7002075,mtbproject,https://www.mtbproject.com/trail/7002075/danskins-burned-up-loop,Danskins Burned Up Loop,43.4343,-115.7389,point_trailhead,43.4343,-115.7389,,,,34.5,4.0,mtbproject_avg,,1,dblack,,"Mountain Home, Idaho",Idaho,United States,,,,mtbproject_trailhead,difficulty=dblack
mtb-7025845,mtbproject,https://www.mtbproject.com/trail/7025845/lydle-gulch,Lydle Gulch,43.5204,-116.0564,point_trailhead,43.5204,-116.0564,,,,2.9,5.0,mtbproject_avg,,1,green,,"Boise, Idaho",Idaho,United States,,,,mtbproject_trailhead,difficulty=green
mtb-7025846,mtbproject,https://www.mtbproject.com/trail/7025846/south-lucky-peak-trail,South Lucky Peak Trail,43.5182,-116.0573,point_trailhead,43.5182,-116.0573,,,,1.7,5.0,mtbproject_avg,,1,greenBlue,,"Boise, Idaho",Idaho,United States,,,,mtbproject_trailhead,difficulty=greenBlue
mtb-7020210,mtbproject,https://www.mtbproject.com/trail/7020210/jack-creek-trail-520,Jack Creek Trail (#520),43.4893,-115.8828,point_trailhead,43.4893,-115.8828,,,,2.7,5.0,mtbproject_avg,,1,green,,"Boise, Idaho",Idaho,United States,,,,mtbproject_trailhead,difficulty=green
mtb-7020209,mtbproject,https://www.mtbproject.com/trail/7020209/jack-bender-ridge-512,Jack Bender Ridge (#512),43.4934,-115.8878,point_trailhead,43.4934,-115.8878,,,,2.7,5.0,mtbproject_avg,,1,greenBlue,,"Boise, Idaho",Idaho,United States,,,,mtbproject_trailhead,difficulty=greenBlue
mtb-7020001,mtbproject,https://www.mtbproject.com/trail/7020001/trail-542,Trail #542,43.4812,-115.8187,point_trailhead,43.4812,-115.8187,,,,1.0,5.0,mtbproject_avg,,1,blue,,"Idaho City, Idaho",Idaho,United States,,,,mtbproject_trailhead,mtbproject type=Connector
mtb-7020003,mtbproject,https://www.mtbproject.com/trail/7020003/trail-550,Trail #550,43.4774,-115.8153,point_trailhead,43.4774,-115.8153,,,,2.6,5.0,mtbproject_avg,,1,green,,"Idaho City, Idaho",Idaho,United States,,,,mtbproject_trailhead,difficulty=green
mtb-7020002,mtbproject,https://www.mtbproject.com/trail/7020002/trail-540,Trail #540,43.4829,-115.8232,point_trailhead,43.4829,-115.8232,,,,0.7,5.0,mtbproject_avg,,1,green,,"Idaho City, Idaho",Idaho,United States,,,,mtbproject_trailhead,difficulty=green
mtb-7019246,mtbproject,https://www.mtbproject.com/trail/7019246/oregon-trail-bonneville-point,Oregon Trail (Bonneville Point),43.5422,-116.1097,point_trailhead,43.5422,-116.1097,,,,6.7,4.5,mtbproject_avg,,2,green,,"Boise, Idaho",Idaho,United States,,,,mtbproject_trailhead,difficulty=green
mtb-7002116,mtbproject,https://www.mtbproject.com/trail/7002116/lower-willow-creek-trail-400,Lower Willow Creek Trail (#400),43.4965,-115.7809,point_trailhead,43.4965,-115.7809,,,,4.0,4.0,mtbproject_avg,,1,dblack,,"Idaho City, Idaho",Idaho,United States,,,,mtbproject_trailhead,difficulty=dblack
mtb-7025844,mtbproject,https://www.mtbproject.com/trail/7025844/foote-park-trail,Foote Park Trail,43.5229,-116.0619,point_trailhead,43.5229,-116.0619,,,,0.9,4.0,mtbproject_avg,,1,greenBlue,,"Boise, Idaho",Idaho,United States,,,,mtbproject_trailhead,difficulty=greenBlue
mtb-7002127,mtbproject,https://www.mtbproject.com/trail/7002127/beaver-creek-316,Beaver Creek (#316),43.4755,-115.7909,point_trailhead,43.4755,-115.7909,,,,5.4,4.0,mtbproject_avg,,1,dblack,,"Idaho City, Idaho",Idaho,United States,,,,mtbproject_trailhead,difficulty=dblack
mtb-7020214,mtbproject,https://www.mtbproject.com/trail/7020214/danskin-trail-340,Danskin Trail #340,43.4463,-115.691,point_trailhead,43.4463,-115.691,,,,6.1,5.0,mtbproject_avg,,1,green,,"Mountain Home, Idaho",Idaho,United States,,,,mtbproject_trailhead,difficulty=green
mtb-7020216,mtbproject,https://www.mtbproject.com/trail/7020216/old-danskin-lookout-road,Old Danskin Lookout Road,43.4618,-115.6574,point_trailhead,43.4618,-115.6574,,,,2.2,5.0,mtbproject_avg,,1,green,,"Mountain Home, Idaho",Idaho,United States,,,,mtbproject_trailhead,difficulty=green
mtb-7019270,mtbproject,https://www.mtbproject.com/trail/7019270/willow-creek-road-167e,Willow Creek Road #167E,43.4255,-115.7379,point_trailhead,43.4255,-115.7379,,,,2.8,5.0,mtbproject_avg,,1,green,,"Mountain Home, Idaho",Idaho,United States,,,,mtbproject_trailhead,difficulty=green
mtb-7019286,mtbproject,https://www.mtbproject.com/trail/7019286/trail-325,Trail #325,43.4463,-115.691,point_trailhead,43.4463,-115.691,,,,2.6,5.0,mtbproject_avg,,1,greenBlue,,"Mountain Home, Idaho",Idaho,United States,,,,mtbproject_trailhead,difficulty=greenBlue
mtb-7020215,mtbproject,https://www.mtbproject.com/trail/7020215/ballinger-flat-trail,Ballinger Flat Trail,43.4634,-115.6589,point_trailhead,43.4634,-115.6589,,,,0.6,5.0,mtbproject_avg,,1,green,,"Mountain Home, Idaho",Idaho,United States,,,,mtbproject_trailhead,difficulty=green
mtb-7019285,mtbproject,https://www.mtbproject.com/trail/7019285/trail-323,Trail #323,43.4704,-115.7268,point_trailhead,43.4704,-115.7268,,,,0.8,5.0,mtbproject_avg,,1,blueBlack,,"Mountain Home, Idaho",Idaho,United States,,,,mtbproject_trailhead,mtbproject type=Connector
mtb-7019292,mtbproject,https://www.mtbproject.com/trail/7019292/trail-332,Trail #332,43.4955,-115.6982,point_trailhead,43.4955,-115.6982,,,,0.7,5.0,mtbproject_avg,,1,green,,"Mountain Home, Idaho",Idaho,United States,,,,mtbproject_trailhead,difficulty=green
mtb-7019290,mtbproject,https://www.mtbproject.com/trail/7019290/trail-333,Trail #333,43.4821,-115.7001,point_trailhead,43.4821,-115.7001,,,,0.6,5.0,mtbproject_avg,,1,green,,"Mountain Home, Idaho",Idaho,United States,,,,mtbproject_trailhead,difficulty=green
mtb-7002115,mtbproject,https://www.mtbproject.com/trail/7002115/upper-willow-creek-trail-400,Upper Willow Creek Trail (#400),43.4593,-115.7518,point_trailhead,43.4593,-115.7518,,,,2.7,4.0,mtbproject_avg,,1,dblack,,"Mountain Home, Idaho",Idaho,United States,,,,mtbproject_trailhead,difficulty=dblack
mtb-7019365,mtbproject,https://www.mtbproject.com/trail/7019365/trail-420,Trail #420,43.4868,-115.7594,point_trailhead,43.4868,-115.7594,,,,1.4,4.0,mtbproject_avg,,1,greenBlue,,"Idaho City, Idaho",Idaho,United States,,,,mtbproject_trailhead,difficulty=greenBlue
mtb-7002158,mtbproject,https://www.mtbproject.com/trail/7002158/lime-creek-loop,Lime Creek Loop,43.4243,-115.1328,point_trailhead,43.4243,-115.1328,,,,27.4,5.0,mtbproject_avg,,1,dblack,,"Fairfield, Idaho",Idaho,United States,,,,mtbproject_trailhead,difficulty=dblack
mtb-7002170,mtbproject,https://www.mtbproject.com/trail/7002170/north-fork-lime-creek-trail,North Fork Lime Creek Trail,43.5575,-115.1529,point_trailhead,43.5575,-115.1529,,,,13.5,5.0,mtbproject_avg,,1,dblack,,"Fairfield, Idaho",Idaho,United States,,,,mtbproject_trailhead,difficulty=dblack
mtb-7002244,mtbproject,https://www.mtbproject.com/trail/7002244/boardman-driveway,Boardman Driveway,43.4616,-114.9882,point_trailhead,43.4616,-114.9882,,,,6.6,5.0,mtbproject_avg,,1,dblack,,"Fairfield, Idaho",Idaho,United States,,,,mtbproject_trailhead,difficulty=dblack
mtb-7002162,mtbproject,https://www.mtbproject.com/trail/7002162/middle-fork-lime-creek-trail,Middle Fork Lime Creek Trail,43.4542,-115.1256,point_trailhead,43.4542,-115.1256,,,,7.2,5.0,mtbproject_avg,,1,dblack,,"Fairfield, Idaho",Idaho,United States,,,,mtbproject_trailhead,difficulty=dblack
mtb-7005383,mtbproject,https://www.mtbproject.com/trail/7005383/wilson-gulch,Wilson Gulch,43.5008,-114.3775,point_trailhead,43.5008,-114.3775,,,,0.8,5.0,mtbproject_avg,,1,green,,"Hailey, Idaho",Idaho,United States,,,,mtbproject_trailhead,difficulty=green
mtb-851663,mtbproject,https://www.mtbproject.com/trail/851663/munger-mountain-loop,Munger Mountain Loop,43.3728,-110.8342,point_trailhead,43.3728,-110.8342,,,,8.4,4.2,mtbproject_avg,,6,greenBlue,,"Rafter J Ranch, Wyoming",Wyoming,United States,,,,mtbproject_trailhead,difficulty=greenBlue
mtb-7005130,mtbproject,https://www.mtbproject.com/trail/7005130/lithium,Lithium,43.4785,-110.9517,point_trailhead,43.4785,-110.9517,,,,3.5,4.8,mtbproject_avg,,9,dblack,,"Wilson, Wyoming",Wyoming,United States,,,,mtbproject_trailhead,difficulty=dblack
mtb-7018006,mtbproject,https://www.mtbproject.com/trail/7018006/parallel-trail,Parallel Trail,43.4976,-110.9283,point_trailhead,43.4976,-110.9283,,,,1.5,5.0,mtbproject_avg,,4,dblack,,"Wilson, Wyoming",Wyoming,United States,,,,mtbproject_trailhead,difficulty=dblack
mtb-7017998,mtbproject,https://www.mtbproject.com/trail/7017998/fuzzy-bunny,Fuzzy Bunny,43.497,-110.9492,point_trailhead,43.497,-110.9492,,,,1.3,5.0,mtbproject_avg,,2,dblack,,"Wilson, Wyoming",Wyoming,United States,,,,mtbproject_trailhead,difficulty=dblack
mtb-7018005,mtbproject,https://www.mtbproject.com/trail/7018005/powerline-jumps,Powerline Jumps,43.4958,-110.9355,point_trailhead,43.4958,-110.9355,,,,0.6,5.0,mtbproject_avg,,2,dblack,,"Wilson, Wyoming",Wyoming,United States,,,,mtbproject_trailhead,difficulty=dblack
mtb-6291089,mtbproject,https://www.mtbproject.com/trail/6291089/arrow-trail,Arrow Trail,43.5054,-110.9273,point_trailhead,43.5054,-110.9273,,,,4.8,4.5,mtbproject_avg,,4,greenBlue,,"Wilson, Wyoming",Wyoming,United States,,,,mtbproject_trailhead,difficulty=greenBlue
mtb-6291264,mtbproject,https://www.mtbproject.com/trail/6291264/snotel,Snotel,43.5164,-110.9036,point_trailhead,43.5164,-110.9036,,,,1.1,4.0,mtbproject_avg,,2,greenBlue,,"Wilson, Wyoming",Wyoming,United States,,,,mtbproject_trailhead,difficulty=greenBlue
mtb-3796408,mtbproject,https://www.mtbproject.com/trail/3796408/putt-putt-trail,Putt Putt Trail,43.4497,-110.6965,point_trailhead,43.4497,-110.6965,,,,3.2,4.0,mtbproject_avg,,2,greenBlue,,"Jackson, Wyoming",Wyoming,United States,,,,mtbproject_trailhead,difficulty=greenBlue
mtb-5628890,mtbproject,https://www.mtbproject.com/trail/5628890/howelsen-meadows,Howelsen Meadows,40.4725,-106.8363,point_trailhead,40.4725,-106.8363,,,,0.5,4.0,mtbproject_avg,,1,green,,"Steamboat Springs, Colorado",Colorado,United States,,,,mtbproject_trailhead,difficulty=green
mtb-7014176,mtbproject,https://www.mtbproject.com/trail/7014176/red-canyon-trail-1933,Red Canyon Trail #1933,39.2967,-106.9149,point_trailhead,39.2967,-106.9149,,,,1.7,4.0,mtbproject_avg,,1,greenBlue,,"Snowmass Village, Colorado",Colorado,United States,,,,mtbproject_trailhead,difficulty=greenBlue
mtb-7032169,mtbproject,https://www.mtbproject.com/trail/7032169/prince-creek-trail,Prince Creek Trail,39.3612,-107.1884,point_trailhead,39.3612,-107.1884,,,,1.4,4.0,mtbproject_avg,,1,green,,"Carbondale, Colorado",Colorado,United States,,,,mtbproject_trailhead,difficulty=green
mtb-6530345,mtbproject,https://www.mtbproject.com/trail/6530345/south-rim-connector-trail-new-trail-october-2014-allows-for-huge-continuous-sing,South Rim Connector trail. New trail October 2014. Allows for huge continuous singletrack rides in throughout Snowmass.,39.2091,-106.9571,point_trailhead,39.2091,-106.9571,,,,0.4,4.0,mtbproject_avg,,1,blue,,"Snowmass Village, Colorado",Colorado,United States,,,,mtbproject_trailhead,mtbproject type=Connector
mtb-7032550,mtbproject,https://www.mtbproject.com/trail/7032550/carbondale-connector-trail,Carbondale Connector Trail,39.4042,-107.2157,point_trailhead,39.4042,-107.2157,,,,0.5,4.0,mtbproject_avg,,1,greenBlue,,"Carbondale, Colorado",Colorado,United States,,,,mtbproject_trailhead,difficulty=greenBlue
mtb-7016930,mtbproject,https://www.mtbproject.com/trail/7016930/elk-drop-lower,Elk Drop Lower,39.6201,-106.8687,point_trailhead,39.6201,-106.8687,,,,0.9,4.0,mtbproject_avg,,1,greenBlue,,"Eagle, Colorado",Colorado,United States,,,,mtbproject_trailhead,difficulty=greenBlue
mtb-7029250,mtbproject,https://www.mtbproject.com/trail/7029250/fanny-hill-trail,Fanny Hill Trail,39.206,-106.952,point_trailhead,39.206,-106.952,,,,0.4,4.0,mtbproject_avg,,1,green,,"Snowmass Village, Colorado",Colorado,United States,,,,mtbproject_trailhead,difficulty=green
mtb-7029976,mtbproject,https://www.mtbproject.com/trail/7029976/lasso,Lasso,40.464,-106.7863,point_trailhead,40.464,-106.7863,,,,1.6,4.0,mtbproject_avg,,1,greenBlue,,"Steamboat Springs, Colorado",Colorado,United States,,,,mtbproject_trailhead,difficulty=greenBlue
mtb-4161930,mtbproject,https://www.mtbproject.com/trail/4161930/hunter-valley-north,Hunter Valley North,39.2088,-106.782,point_trailhead,39.2088,-106.782,,,,0.9,4.0,mtbproject_avg,,1,green,,"Aspen, Colorado",Colorado,United States,,,,mtbproject_trailhead,difficulty=green
mtb-4162724,mtbproject,https://www.mtbproject.com/trail/4162724/hunter-valley-south,Hunter Valley South,39.2051,-106.7957,point_trailhead,39.2051,-106.7957,,,,0.9,4.0,mtbproject_avg,,1,green,,"Aspen, Colorado",Colorado,United States,,,,mtbproject_trailhead,difficulty=green
mtb-7009199,mtbproject,https://www.mtbproject.com/trail/7009199/burlingame-connector,Burlingame Connector,39.2176,-106.8548,point_trailhead,39.2176,-106.8548,,,,0.6,4.0,mtbproject_avg,,1,greenBlue,,"Aspen, Colorado",Colorado,United States,,,,mtbproject_trailhead,difficulty=greenBlue
mtb-3496983,mtbproject,https://www.mtbproject.com/trail/3496983/21862-arbaney-spur,2186.2-Arbaney Spur,39.3128,-106.7904,point_trailhead,39.3128,-106.7904,,,,0.9,4.0,mtbproject_avg,,1,black,,"Aspen, Colorado",Colorado,United States,,,,mtbproject_trailhead,mtbproject type=Connector
mtb-7028613,mtbproject,https://www.mtbproject.com/trail/7028613/maze,Maze,42.7384,-106.3187,point_trailhead,42.7384,-106.3187,,,,1.0,4.0,mtbproject_avg,,1,green,,"Casper, Wyoming",Wyoming,United States,,,,mtbproject_trailhead,difficulty=green
mtb-7016104,mtbproject,https://www.mtbproject.com/trail/7016104/extra-credit,Extra Credit,39.6384,-106.7885,point_trailhead,39.6384,-106.7885,,,,0.9,3.8,mtbproject_avg,,5,green,,"Eagle, Colorado",Colorado,United States,,,,mtbproject_trailhead,difficulty=green
mtb-6177171,mtbproject,https://www.mtbproject.com/trail/6177171/swans-nest,Swan's Nest,39.5403,-106.0355,point_trailhead,39.5403,-106.0355,,,,0.9,4.0,mtbproject_avg,,2,green,,"Breckenridge, Colorado",Colorado,United States,,,,mtbproject_trailhead,difficulty=green
mtb-6545901,mtbproject,https://www.mtbproject.com/trail/6545901/whirl,Whirl,39.4757,-106.0678,point_trailhead,39.4757,-106.0678,,,,0.7,4.0,mtbproject_avg,,2,green,,"Breckenridge, Colorado",Colorado,United States,,,,mtbproject_trailhead,difficulty=green
mtb-7017915,mtbproject,https://www.mtbproject.com/trail/7017915/mickelson-deadwood-to-edgemont,Mickelson: Deadwood to Edgemont,44.3707,-103.7282,point_trailhead,44.3707,-103.7282,,,,113.3,4.0,mtbproject_avg,,1,greenBlue,,"Deadwood, South Dakota",South Dakota,United States,,,,mtbproject_trailhead,difficulty=greenBlue
mtb-7005129,mtbproject,https://www.mtbproject.com/trail/7005129/dillon-dam-recreation-path,Dillon Dam Recreation Path,39.5771,-106.0909,point_trailhead,39.5771,-106.0909,,,,6.3,3.8,mtbproject_avg,,5,green,,"Frisco, Colorado",Colorado,United States,,,,mtbproject_trailhead,difficulty=green
mtb-7020314,mtbproject,https://www.mtbproject.com/trail/7020314/yankton-trail-park-singletrack,Yankton Trail Park Singletrack,43.5078,-96.7321,point_trailhead,43.5078,-96.7321,,,,0.9,4.0,mtbproject_avg,,2,green,,"Sioux Falls, South Dakota",South Dakota,United States,,,,mtbproject_trailhead,difficulty=green
mtb-7016019,mtbproject,https://www.mtbproject.com/trail/7016019/stairway-to-heaven,Stairway to Heaven,43.312,-91.7805,point_trailhead,43.312,-91.7805,,,,0.4,5.0,mtbproject_avg,,2,missing,,"Decorah, Iowa",Iowa,United States,,,,mtbproject_trailhead,difficulty=missing
mtb-7003885,mtbproject,https://www.mtbproject.com/trail/7003885/upper-palisades,Upper Palisades,43.3001,-91.7656,point_trailhead,43.3001,-91.7656,,,,0.5,5.0,mtbproject_avg,,1,greenBlue,,"Decorah, Iowa",Iowa,United States,,,,mtbproject_trailhead,difficulty=greenBlue
mtb-7003131,mtbproject,https://www.mtbproject.com/trail/7003131/new-randys,New Randy's,43.313,-91.7785,point_trailhead,43.313,-91.7785,,,,0.3,5.0,mtbproject_avg,,1,greenBlue,,"Decorah, Iowa",Iowa,United States,,,,mtbproject_trailhead,difficulty=greenBlue
mtb-7003252,mtbproject,https://www.mtbproject.com/trail/7003252/river-trail,River Trail,43.3093,-91.7754,point_trailhead,43.3093,-91.7754,,,,0.9,4.0,mtbproject_avg,,1,green,,"Decorah, Iowa",Iowa,United States,,,,mtbproject_trailhead,difficulty=green
mtb-7003167,mtbproject,https://www.mtbproject.com/trail/7003167/upper-ice-cave,Upper Ice Cave,43.3113,-91.7785,point_trailhead,43.3113,-91.7785,,,,1.0,4.0,mtbproject_avg,,1,greenBlue,,"Decorah, Iowa",Iowa,United States,,,,mtbproject_trailhead,difficulty=greenBlue
mtb-7002796,mtbproject,https://www.mtbproject.com/trail/7002796/pines-east,Pines East,43.3158,-91.774,point_trailhead,43.3158,-91.774,,,,0.4,4.0,mtbproject_avg,,1,green,,"Decorah, Iowa",Iowa,United States,,,,mtbproject_trailhead,difficulty=green
mtb-7003251,mtbproject,https://www.mtbproject.com/trail/7003251/river-trail-north,River Trail North,43.3109,-91.7811,point_trailhead,43.3109,-91.7811,,,,0.6,4.0,mtbproject_avg,,1,greenBlue,,"Decorah, Iowa",Iowa,United States,,,,mtbproject_trailhead,difficulty=greenBlue
mtb-7007366,mtbproject,https://www.mtbproject.com/trail/7007366/lees-loop,Lee's Loop,43.3055,-91.7689,point_trailhead,43.3055,-91.7689,,,,0.3,4.0,mtbproject_avg,,1,greenBlue,,"Decorah, Iowa",Iowa,United States,,,,mtbproject_trailhead,difficulty=greenBlue
mtb-7002728,mtbproject,https://www.mtbproject.com/trail/7002728/pines-west,Pines West,43.3157,-91.775,point_trailhead,43.3157,-91.775,,,,0.3,4.0,mtbproject_avg,,1,green,,"Decorah, Iowa",Iowa,United States,,,,mtbproject_trailhead,difficulty=green
mtb-7003126,mtbproject,https://www.mtbproject.com/trail/7003126/captains,Captain's,43.3113,-91.7785,point_trailhead,43.3113,-91.7785,,,,0.3,4.0,mtbproject_avg,,1,greenBlue,,"Decorah, Iowa",Iowa,United States,,,,mtbproject_trailhead,difficulty=greenBlue
mtb-4181591,mtbproject,https://www.mtbproject.com/trail/4181591/pleasant-view-trail,Pleasant View Trail,43.0889,-89.543,point_trailhead,43.0889,-89.543,,,,1.3,4.0,mtbproject_avg,,3,greenBlue,,"Middleton, Wisconsin",Wisconsin,United States,,,,mtbproject_trailhead,difficulty=greenBlue
mtb-7026796,mtbproject,https://www.mtbproject.com/trail/7026796/beginner-loop-e-machine,Beginner Loop (E-Machine),43.3963,-87.8669,point_trailhead,43.3963,-87.8669,,,,0.2,5.0,mtbproject_avg,,1,green,,"Port Washington, Wisconsin",Wisconsin,United States,,,,mtbproject_trailhead,difficulty=green
mtb-7007594,mtbproject,https://www.mtbproject.com/trail/7007594/pleasant-valley-beginner-loop,Pleasant Valley Beginner Loop,43.3523,-87.9747,point_trailhead,43.3523,-87.9747,,,,1.1,4.3,mtbproject_avg,,4,green,,"Grafton, Wisconsin",Wisconsin,United States,,,,mtbproject_trailhead,difficulty=green
mtb-5361578,mtbproject,https://www.mtbproject.com/trail/5361578/easiest-loop,Easiest Loop,43.4356,-86.2366,point_trailhead,43.4356,-86.2366,,,,4.0,5.0,mtbproject_avg,,2,green,,"Lakewood Club, Michigan",Michigan,United States,,,,mtbproject_trailhead,difficulty=green
mtb-7023746,mtbproject,https://www.mtbproject.com/trail/7023746/alma-mountain-bike-trail,Alma Mountain Bike Trail,43.3704,-84.6712,point_trailhead,43.3704,-84.6712,,,,2.9,4.5,mtbproject_avg,,2,greenBlue,,"Alma, Michigan",Michigan,United States,,,,mtbproject_trailhead,difficulty=greenBlue
mtb-7015024,mtbproject,https://www.mtbproject.com/trail/7015024/rexis-branch,Rexis Branch,40.484,-78.9262,point_trailhead,40.484,-78.9262,,,,4.3,4.0,mtbproject_avg,,1,green,,"Nanty Glo, Pennsylvania",Pennsylvania,United States,,,,mtbproject_trailhead,difficulty=green
mtb-7015084,mtbproject,https://www.mtbproject.com/trail/7015084/hoodlebug-trail,Hoodlebug Trail,40.4771,-79.1864,point_trailhead,40.4771,-79.1864,,,,10.8,4.0,mtbproject_avg,,1,green,,"Black Lick, Pennsylvania",Pennsylvania,United States,,,,mtbproject_trailhead,difficulty=green
mtb-7029438,mtbproject,https://www.mtbproject.com/trail/7029438/stephenson,Stephenson,40.6379,-79.1664,point_trailhead,40.6379,-79.1664,,,,0.6,4.0,mtbproject_avg,,1,greenBlue,,"Chevy Chase Heights, Pennsylvania",Pennsylvania,United States,,,,mtbproject_trailhead,difficulty=greenBlue
mtb-7027673,mtbproject,https://www.mtbproject.com/trail/7027673/green-trail,Green Trail,43.2507,-77.4738,point_trailhead,43.2507,-77.4738,,,,1.4,4.0,mtbproject_avg,,3,greenBlue,,"Webster, New York",New York,United States,,,,mtbproject_trailhead,difficulty=greenBlue
mtb-7027654,mtbproject,https://www.mtbproject.com/trail/7027654/orange-trail,Orange Trail,43.2457,-77.4709,point_trailhead,43.2457,-77.4709,,,,1.5,4.0,mtbproject_avg,,2,greenBlue,,"Webster, New York",New York,United States,,,,mtbproject_trailhead,difficulty=greenBlue
mtb-7028558,mtbproject,https://www.mtbproject.com/trail/7028558/black-trail,Black Trail,43.2438,-77.4704,point_trailhead,43.2438,-77.4704,,,,0.3,4.0,mtbproject_avg,,2,green,,"Webster, New York",New York,United States,,,,mtbproject_trailhead,difficulty=green
mtb-7027655,mtbproject,https://www.mtbproject.com/trail/7027655/brown-trail,Brown Trail,43.2495,-77.4715,point_trailhead,43.2495,-77.4715,,,,0.5,4.0,mtbproject_avg,,2,green,,"Webster, New York",New York,United States,,,,mtbproject_trailhead,difficulty=green
mtb-7016987,mtbproject,https://www.mtbproject.com/trail/7016987/race-course,Race Course,43.3699,-73.7037,point_trailhead,43.3699,-73.7037,,,,0.7,4.4,mtbproject_avg,,5,greenBlue,,"Glens Falls North, New York",New York,United States,,,,mtbproject_trailhead,difficulty=greenBlue
mtb-7026676,mtbproject,https://www.mtbproject.com/trail/7026676/dh-rail-trail-northern-segment-southern-leg,D&H Rail Trail: Northern Segment - Southern Leg,43.5191,-73.2359,point_trailhead,43.5191,-73.2359,,,,3.1,5.0,mtbproject_avg,,1,green,,"Poultney, Vermont",Vermont,United States,,,,mtbproject_trailhead,difficulty=green
mtb-7003849,mtbproject,https://www.mtbproject.com/trail/7003849/home-again,Home Again,43.4653,-72.4686,point_trailhead,43.4653,-72.4686,,,,1.4,4.0,mtbproject_avg,,2,greenBlue,,"Windsor, Vermont",Vermont,United States,,,,mtbproject_trailhead,difficulty=greenBlue
mtb-7028946,mtbproject,https://www.mtbproject.com/trail/7028946/falls-from-grace,Falls from Grace,43.4522,-72.4722,point_trailhead,43.4522,-72.4722,,,,0.4,4.0,mtbproject_avg,,2,dblack,,"Windsor, Vermont",Vermont,United States,,,,mtbproject_trailhead,difficulty=dblack
mtb-6311478,mtbproject,https://www.mtbproject.com/trail/6311478/bear-brook-beginner-loop,Bear Brook Beginner Loop,43.144,-71.3567,point_trailhead,43.144,-71.3567,,,,5.3,4.0,mtbproject_avg,,1,greenBlue,,"Allenstown Elementary School, New Hampshire",New Hampshire,United States,,,,mtbproject_trailhead,difficulty=greenBlue
mtb-7019822,mtbproject,https://www.mtbproject.com/trail/7019822/south-ridge-trail,South Ridge Trail,43.0997,-71.1904,point_trailhead,43.0997,-71.1904,,,,1.9,4.0,mtbproject_avg,,1,dblack,,"Raymond, New Hampshire",New Hampshire,United States,,,,mtbproject_trailhead,difficulty=dblack
mtb-7009946,mtbproject,https://www.mtbproject.com/trail/7009946/steele-trail,Steele Trail,43.4187,-70.4634,point_trailhead,43.4187,-70.4634,,,,3.5,4.0,mtbproject_avg,,1,greenBlue,,"Arundel, Maine",Maine,United States,,,,mtbproject_trailhead,difficulty=greenBlue
mtb-7010109,mtbproject,https://www.mtbproject.com/trail/7010109/fox-den,Fox Den,43.4257,-70.4663,point_trailhead,43.4257,-70.4663,,,,0.8,4.0,mtbproject_avg,,1,green,,"Arundel, Maine",Maine,United States,,,,mtbproject_trailhead,difficulty=green
mtb-7003138,mtbproject,https://www.mtbproject.com/trail/7003138/solstice-way,Solstice Way,43.1069,-72.895,point_trailhead,43.1069,-72.895,,,,0.8,4.0,mtbproject_avg,,1,green,,"Manchester Center, Vermont",Vermont,United States,,,,mtbproject_trailhead,difficulty=green
mtb-7028941,mtbproject,https://www.mtbproject.com/trail/7028941/wind-up,Wind Up,43.4615,-72.4643,point_trailhead,43.4615,-72.4643,,,,0.6,4.0,mtbproject_avg,,1,greenBlue,,"Windsor, Vermont",Vermont,United States,,,,mtbproject_trailhead,difficulty=greenBlue
mtb-7003150,mtbproject,https://www.mtbproject.com/trail/7003150/lower-wanderer,Lower Wanderer,43.1115,-72.9165,point_trailhead,43.1115,-72.9165,,,,0.5,4.0,mtbproject_avg,,1,green,,"Manchester Center, Vermont",Vermont,United States,,,,mtbproject_trailhead,difficulty=green
mtb-7003146,mtbproject,https://www.mtbproject.com/trail/7003146/tamarack-pond-to-base,Tamarack Pond to Base,43.109,-72.9016,point_trailhead,43.109,-72.9016,,,,0.5,4.0,mtbproject_avg,,1,greenBlue,,"Manchester Center, Vermont",Vermont,United States,,,,mtbproject_trailhead,difficulty=greenBlue
mtb-7003144,mtbproject,https://www.mtbproject.com/trail/7003144/pedestrian-gravelway-ii,Pedestrian Gravelway II,43.1137,-72.9043,point_trailhead,43.1137,-72.9043,,,,0.4,4.0,mtbproject_avg,,1,green,,"Manchester Center, Vermont",Vermont,United States,,,,mtbproject_trailhead,difficulty=green
mtb-7003143,mtbproject,https://www.mtbproject.com/trail/7003143/ober-tal-to-base,Ober Tal to Base,43.1118,-72.9024,point_trailhead,43.1118,-72.9024,,,,0.3,4.0,mtbproject_avg,,1,greenBlue,,"Manchester Center, Vermont",Vermont,United States,,,,mtbproject_trailhead,difficulty=greenBlue
mtb-7003142,mtbproject,https://www.mtbproject.com/trail/7003142/pedestrian-gravelway,Pedestrian Gravelway,43.1136,-72.9043,point_trailhead,43.1136,-72.9043,,,,0.5,4.0,mtbproject_avg,,1,green,,"Manchester Center, Vermont",Vermont,United States,,,,mtbproject_trailhead,difficulty=green
mtb-5542187,mtbproject,https://www.mtbproject.com/trail/5542187/northridge,Northridge,43.8154,-123.268,point_trailhead,43.8154,-123.268,,,,0.6,5.0,mtbproject_avg,,1,blue,,"Cottage Grove, Oregon",Oregon,United States,,,,mtbproject_trailhead,mtbproject type=Connector
mtb-5542164,mtbproject,https://www.mtbproject.com/trail/5542164/bloody-stump,Bloody Stump,43.8009,-123.2747,point_trailhead,43.8009,-123.2747,,,,0.7,5.0,mtbproject_avg,,1,blue,,"Cottage Grove, Oregon",Oregon,United States,,,,mtbproject_trailhead,mtbproject type=Connector
mtb-5695469,mtbproject,https://www.mtbproject.com/trail/5695469/moto-alley,Moto Alley,43.8085,-123.2667,point_trailhead,43.8085,-123.2667,,,,0.4,4.0,mtbproject_avg,,1,blue,,"Cottage Grove, Oregon",Oregon,United States,,,,mtbproject_trailhead,mtbproject type=Connector
mtb-7023785,mtbproject,https://www.mtbproject.com/trail/7023785/row-river-trail,Row River Trail,43.7974,-123.0579,point_trailhead,43.7974,-123.0579,,,,16.7,4.0,mtbproject_avg,,2,greenBlue,,"Cottage Grove, Oregon",Oregon,United States,,,,mtbproject_trailhead,difficulty=greenBlue
mtb-5792894,mtbproject,https://www.mtbproject.com/trail/5792894/deception-butte,Deception Butte,43.744,-122.5846,point_trailhead,43.744,-122.5846,,,,4.9,4.0,mtbproject_avg,,1,dblack,,"Oakridge, Oregon",Oregon,United States,,,,mtbproject_trailhead,difficulty=dblack
mtb-3844224,mtbproject,https://www.mtbproject.com/trail/3844224/lemish-lake-trail,Lemish Lake Trail,43.7941,-121.9028,point_trailhead,43.7941,-121.9028,,,,0.6,4.0,mtbproject_avg,,1,green,,"Three Rivers, Oregon",Oregon,United States,,,,mtbproject_trailhead,difficulty=green
mtb-20372,mtbproject,https://www.mtbproject.com/trail/20372/north-fork-to-mrazek,North Fork to Mrazek,44.0321,-121.5666,point_trailhead,44.0321,-121.5666,,,,20.0,4.4,mtbproject_avg,,23,greenBlue,,"Deschutes River Woods, Oregon",Oregon,United States,,,,mtbproject_trailhead,difficulty=greenBlue
mtb-4365858,mtbproject,https://www.mtbproject.com/trail/4365858/kents-phils-loop,Kent's-Phil's Loop,44.0434,-121.3861,point_trailhead,44.0434,-121.3861,,,,5.6,4.4,mtbproject_avg,,16,greenBlue,,"Bend, Oregon",Oregon,United States,,,,mtbproject_trailhead,difficulty=greenBlue
mtb-26161,mtbproject,https://www.mtbproject.com/trail/26161/marvins-phils-kgb-loop,Marvin's-Phil's-KGB Loop,44.0434,-121.3856,point_trailhead,44.0434,-121.3856,,,,6.2,3.9,mtbproject_avg,,14,greenBlue,,"Bend, Oregon",Oregon,United States,,,,mtbproject_trailhead,difficulty=greenBlue
mtb-26847,mtbproject,https://www.mtbproject.com/trail/26847/phils,Phil's,44.0245,-121.4879,point_trailhead,44.0245,-121.4879,,,,7.7,4.3,mtbproject_avg,,29,greenBlue,,"Deschutes River Woods, Oregon",Oregon,United States,,,,mtbproject_trailhead,difficulty=greenBlue
mtb-26326,mtbproject,https://www.mtbproject.com/trail/26326/marvins-garden,Marvin's Garden,44.0434,-121.3856,point_trailhead,44.0434,-121.3856,,,,2.5,4.1,mtbproject_avg,,10,greenBlue,,"Bend, Oregon",Oregon,United States,,,,mtbproject_trailhead,difficulty=greenBlue
mtb-3800457,mtbproject,https://www.mtbproject.com/trail/3800457/sector-16,Sector 16,44.0154,-121.5476,point_trailhead,44.0154,-121.5476,,,,3.2,4.0,mtbproject_avg,,7,greenBlue,,"Deschutes River Woods, Oregon",Oregon,United States,,,,mtbproject_trailhead,difficulty=greenBlue
mtb-7028330,mtbproject,https://www.mtbproject.com/trail/7028330/duodenum,Duodenum,43.9432,-121.4888,point_trailhead,43.9432,-121.4888,,,,2.9,4.0,mtbproject_avg,,1,green,,"Sunriver, Oregon",Oregon,United States,,,,mtbproject_trailhead,difficulty=green
mtb-299615,mtbproject,https://www.mtbproject.com/trail/299615/grand-slam-bypass-an-easy-trail-allowing-a-bypass-of-the-very-technical-section-,"Grand Slam Bypass - An easy trail, allowing a bypass of the very technical section of lower GS.",44.0251,-121.3995,point_trailhead,44.0251,-121.3995,,,,0.5,4.0,mtbproject_avg,,1,green,,"Deschutes River Woods, Oregon",Oregon,United States,,,,mtbproject_trailhead,difficulty=green
mtb-299110,mtbproject,https://www.mtbproject.com/trail/299110/elv,E.L.V.,44.0149,-121.3967,point_trailhead,44.0149,-121.3967,,,,1.3,3.8,mtbproject_avg,,4,greenBlue,,"Deschutes River Woods, Oregon",Oregon,United States,,,,mtbproject_trailhead,difficulty=greenBlue
mtb-19421,mtbproject,https://www.mtbproject.com/trail/19421/coyote-loop,Coyote Loop,43.9742,-121.2295,point_trailhead,43.9742,-121.2295,,,,9.0,4.0,mtbproject_avg,,16,greenBlue,,"Deschutes River Woods, Oregon",Oregon,United States,,,,mtbproject_trailhead,difficulty=greenBlue
mtb-7019244,mtbproject,https://www.mtbproject.com/trail/7019244/sheep-rock-ridge-trail,Sheep Rock Ridge Trail,43.8347,-116.2452,point_trailhead,43.8347,-116.2452,,,,3.7,5.0,mtbproject_avg,,1,greenBlue,,"Garden City, Idaho",Idaho,United States,,,,mtbproject_trailhead,difficulty=greenBlue
mtb-7019429,mtbproject,https://www.mtbproject.com/trail/7019429/east-perimeter-trail,East Perimeter Trail,43.843,-116.4129,point_trailhead,43.843,-116.4129,,,,2.2,5.0,mtbproject_avg,,1,greenBlue,,"Emmett, Idaho",Idaho,United States,,,,mtbproject_trailhead,difficulty=greenBlue
mtb-7018953,mtbproject,https://www.mtbproject.com/trail/7018953/powerline-connecter-trail-3-north,Powerline Connecter Trail #3 (North),43.8117,-116.2406,point_trailhead,43.8117,-116.2406,,,,1.2,5.0,mtbproject_avg,,1,greenBlue,,"Garden City, Idaho",Idaho,United States,,,,mtbproject_trailhead,difficulty=greenBlue
mtb-7019938,mtbproject,https://www.mtbproject.com/trail/7019938/sand-hollow-trail,Sand Hollow Trail,43.8601,-116.4482,point_trailhead,43.8601,-116.4482,,,,1.5,5.0,mtbproject_avg,,1,green,,"Emmett, Idaho",Idaho,United States,,,,mtbproject_trailhead,difficulty=green
mtb-7020208,mtbproject,https://www.mtbproject.com/trail/7020208/the-wash-trail,The Wash Trail,43.8513,-116.4125,point_trailhead,43.8513,-116.4125,,,,1.6,5.0,mtbproject_avg,,1,green,,"Emmett, Idaho",Idaho,United States,,,,mtbproject_trailhead,difficulty=green
mtb-7019685,mtbproject,https://www.mtbproject.com/trail/7019685/jackass-ridge-trail,Jackass Ridge Trail,43.842,-116.4413,point_trailhead,43.842,-116.4413,,,,1.8,5.0,mtbproject_avg,,1,greenBlue,,"Emmett, Idaho",Idaho,United States,,,,mtbproject_trailhead,difficulty=greenBlue
mtb-7017325,mtbproject,https://www.mtbproject.com/trail/7017325/black-canyon-dam-canal-road,Black Canyon Dam Canal Road,43.9277,-116.4421,point_trailhead,43.9277,-116.4421,,,,28.9,4.0,mtbproject_avg,,3,green,,"Emmett, Idaho",Idaho,United States,,,,mtbproject_trailhead,difficulty=green
mtb-7019683,mtbproject,https://www.mtbproject.com/trail/7019683/jackass-gulch-trail,Jackass Gulch Trail,43.8344,-116.4505,point_trailhead,43.8344,-116.4505,,,,2.1,4.0,mtbproject_avg,,1,green,,"Emmett, Idaho",Idaho,United States,,,,mtbproject_trailhead,difficulty=green
mtb-7019937,mtbproject,https://www.mtbproject.com/trail/7019937/little-gem-service-road,Little Gem Service Road,43.8602,-116.4469,point_trailhead,43.8602,-116.4469,,,,2.0,4.0,mtbproject_avg,,1,greenBlue,,"Emmett, Idaho",Idaho,United States,,,,mtbproject_trailhead,difficulty=greenBlue
mtb-7007515,mtbproject,https://www.mtbproject.com/trail/7007515/red-tail-trail-71,Red Tail Trail #71,43.7253,-116.2471,point_trailhead,43.7253,-116.2471,,,,2.9,3.8,mtbproject_avg,,4,greenBlue,,"Eagle, Idaho",Idaho,United States,,,,mtbproject_trailhead,difficulty=greenBlue
mtb-7001983,mtbproject,https://www.mtbproject.com/trail/7001983/twisted-springs-connector,Twisted Springs Connector,43.7766,-116.2509,point_trailhead,43.7766,-116.2509,,,,0.7,3.8,mtbproject_avg,,4,greenBlue,,"Eagle, Idaho",Idaho,United States,,,,mtbproject_trailhead,difficulty=greenBlue
mtb-6570228,mtbproject,https://www.mtbproject.com/trail/6570228/showcase,Showcase,43.6339,-116.2025,point_trailhead,43.6339,-116.2025,,,,15.3,4.0,mtbproject_avg,,6,greenBlue,,"Boise, Idaho",Idaho,United States,,,,mtbproject_trailhead,difficulty=greenBlue
mtb-7004253,mtbproject,https://www.mtbproject.com/trail/7004253/central-ridge-trail-shanes-trail-ccw-three-bears-bucktail-loop,"Central Ridge Trail, Shane's Trail CCW, Three Bears, Bucktail Loop",43.6163,-116.1857,point_trailhead,43.6163,-116.1857,,,,7.6,4.0,mtbproject_avg,,6,greenBlue,,"Boise, Idaho",Idaho,United States,,,,mtbproject_trailhead,difficulty=greenBlue
mtb-7029575,mtbproject,https://www.mtbproject.com/trail/7029575/double-d-connector,Double D Connector,43.7488,-116.1656,point_trailhead,43.7488,-116.1656,,,,1.0,5.0,mtbproject_avg,,2,dblack,,"Boise, Idaho",Idaho,United States,,,,mtbproject_trailhead,difficulty=dblack
mtb-7018944,mtbproject,https://www.mtbproject.com/trail/7018944/8th-street-road-231,8th Street Road #231,43.6423,-116.1851,point_trailhead,43.6423,-116.1851,,,,7.3,5.0,mtbproject_avg,,1,greenBlue,,"Boise, Idaho",Idaho,United States,,,,mtbproject_trailhead,difficulty=greenBlue
mtb-7025843,mtbproject,https://www.mtbproject.com/trail/7025843/boise-diversion-dam-trail,Boise Diversion Dam Trail,43.5235,-116.0637,point_trailhead,43.5235,-116.0637,,,,1.8,5.0,mtbproject_avg,,1,dblack,,"Boise, Idaho",Idaho,United States,,,,mtbproject_trailhead,difficulty=dblack
mtb-7001879,mtbproject,https://www.mtbproject.com/trail/7001879/a-south-forked-willow,A South Forked Willow,43.5904,-115.8627,point_trailhead,43.5904,-115.8627,,,,7.1,5.0,mtbproject_avg,,1,dblack,,"Idaho City, Idaho",Idaho,United States,,,,mtbproject_trailhead,difficulty=dblack
mtb-7001878,mtbproject,https://www.mtbproject.com/trail/7001878/deadmans-cow,Deadman's Cow,43.5333,-115.8476,point_trailhead,43.5333,-115.8476,,,,4.9,5.0,mtbproject_avg,,1,dblack,,"Idaho City, Idaho",Idaho,United States,,,,mtbproject_trailhead,difficulty=dblack
mtb-7016909,mtbproject,https://www.mtbproject.com/trail/7016909/hornet-loop-9,Hornet Loop (#9),43.5881,-116.055,point_trailhead,43.5881,-116.055,,,,1.3,5.0,mtbproject_avg,,1,greenBlue,,"Boise, Idaho",Idaho,United States,,,,mtbproject_trailhead,difficulty=greenBlue
mtb-7025801,mtbproject,https://www.mtbproject.com/trail/7025801/oregon-trail-rim-route,Oregon Trail - Rim Route,43.5424,-116.1097,point_trailhead,43.5424,-116.1097,,,,1.7,5.0,mtbproject_avg,,1,green,,"Boise, Idaho",Idaho,United States,,,,mtbproject_trailhead,difficulty=green
mtb-7017421,mtbproject,https://www.mtbproject.com/trail/7017421/connie-to-dry-creek-connector,Connie to Dry Creek Connector,43.6914,-116.1822,point_trailhead,43.6914,-116.1822,,,,0.6,5.0,mtbproject_avg,,1,green,,"Boise, Idaho",Idaho,United States,,,,mtbproject_trailhead,difficulty=green
mtb-7001903,mtbproject,https://www.mtbproject.com/trail/7001903/table-rock-quarry-trail,Table Rock Quarry Trail,43.5938,-116.1402,point_trailhead,43.5938,-116.1402,,,,0.8,4.5,mtbproject_avg,,4,dblack,,"Boise, Idaho",Idaho,United States,,,,mtbproject_trailhead,difficulty=dblack
mtb-625575,mtbproject,https://www.mtbproject.com/trail/625575/sidewinder,Sidewinder,43.6433,-116.158,point_trailhead,43.6433,-116.158,,,,1.3,4.3,mtbproject_avg,,7,greenBlue,,"Boise, Idaho",Idaho,United States,,,,mtbproject_trailhead,difficulty=greenBlue
mtb-5876876,mtbproject,https://www.mtbproject.com/trail/5876876/deer-point-trail-91,Deer Point Trail (91),43.7635,-116.1032,point_trailhead,43.7635,-116.1032,,,,2.2,4.2,mtbproject_avg,,6,greenBlue,,"Boise, Idaho",Idaho,United States,,,,mtbproject_trailhead,difficulty=greenBlue
mtb-5836149,mtbproject,https://www.mtbproject.com/trail/5836149/morning-star-trail-97,Morning Star Trail (97),43.7711,-116.1021,point_trailhead,43.7711,-116.1021,,,,1.8,4.2,mtbproject_avg,,6,greenBlue,,"Boise, Idaho",Idaho,United States,,,,mtbproject_trailhead,difficulty=greenBlue
mtb-5402721,mtbproject,https://www.mtbproject.com/trail/5402721/bucktail-trail,Bucktail Trail,43.6269,-116.1535,point_trailhead,43.6269,-116.1535,,,,1.3,3.9,mtbproject_avg,,10,greenBlue,,"Boise, Idaho",Idaho,United States,,,,mtbproject_trailhead,difficulty=greenBlue
mtb-6571458,mtbproject,https://www.mtbproject.com/trail/6571458/16b-rock-island-trail-east,#16B Rock Island Trail (East),43.5919,-116.153,point_trailhead,43.5919,-116.153,,,,0.7,4.0,mtbproject_avg,,1,blue,,"Boise, Idaho",Idaho,United States,,,,mtbproject_trailhead,mtbproject type=Connector
mtb-7016091,mtbproject,https://www.mtbproject.com/trail/7016091/cabin-traverse-144,Cabin Traverse (144),43.7721,-116.0906,point_trailhead,43.7721,-116.0906,,,,0.8,4.0,mtbproject_avg,,1,green,,"Boise, Idaho",Idaho,United States,,,,mtbproject_trailhead,difficulty=green
mtb-7001619,mtbproject,https://www.mtbproject.com/trail/7001619/banner-ridge-trail,Banner Ridge Trail,44.0242,-115.6064,point_trailhead,44.0242,-115.6064,,,,4.5,4.0,mtbproject_avg,,1,green,,"Idaho City, Idaho",Idaho,United States,,,,mtbproject_trailhead,difficulty=green
mtb-4078524,mtbproject,https://www.mtbproject.com/trail/4078524/corbus-creek-trail-065,Corbus Creek - Trail 065,43.7609,-115.227,point_trailhead,43.7609,-115.227,,,,11.9,4.5,mtbproject_avg,,2,dblack,,"Idaho City, Idaho",Idaho,United States,,,,mtbproject_trailhead,difficulty=dblack
mtb-7002245,mtbproject,https://www.mtbproject.com/trail/7002245/boardman-creek,Boardman Creek,43.6126,-114.9388,point_trailhead,43.6126,-114.9388,,,,8.6,4.0,mtbproject_avg,,1,dblack,,"Fairfield, Idaho",Idaho,United States,,,,mtbproject_trailhead,difficulty=dblack
mtb-5103963,mtbproject,https://www.mtbproject.com/trail/5103963/corral-creek,Corral Creek,43.7232,-114.3254,point_trailhead,43.7232,-114.3254,,,,6.7,4.0,mtbproject_avg,,8,greenBlue,,"Sun Valley, Idaho",Idaho,United States,,,,mtbproject_trailhead,difficulty=greenBlue
mtb-7018284,mtbproject,https://www.mtbproject.com/trail/7018284/senate-meadows-loop,Senate Meadows Loop,43.8667,-114.6515,point_trailhead,43.8667,-114.6515,,,,4.1,4.6,mtbproject_avg,,5,greenBlue,,"Sun Valley, Idaho",Idaho,United States,,,,mtbproject_trailhead,difficulty=greenBlue
mtb-5883781,mtbproject,https://www.mtbproject.com/trail/5883781/broadway-saddle-trail,Broadway Saddle Trail,43.6602,-114.4061,point_trailhead,43.6602,-114.4061,,,,2.3,4.0,mtbproject_avg,,3,greenBlue,,"Ketchum, Idaho",Idaho,United States,,,,mtbproject_trailhead,difficulty=greenBlue
mtb-7002648,mtbproject,https://www.mtbproject.com/trail/7002648/baker-creek-norton-creek,Baker Creek - Norton Creek,43.6927,-114.6707,point_trailhead,43.6927,-114.6707,,,,3.0,4.0,mtbproject_avg,,1,dblack,,"Ketchum, Idaho",Idaho,United States,,,,mtbproject_trailhead,difficulty=dblack
mtb-7002200,mtbproject,https://www.mtbproject.com/trail/7002200/lost-river-expedition,Lost River Expedition,44.0222,-113.4881,point_trailhead,44.0222,-113.4881,,,,69.5,4.0,mtbproject_avg,,2,dblack,,"Arco, Idaho",Idaho,United States,,,,mtbproject_trailhead,difficulty=dblack
mtb-7003370,mtbproject,https://www.mtbproject.com/trail/7003370/long-lost-wet-creek,Long Lost-Wet Creek,44.0222,-113.4881,point_trailhead,44.0222,-113.4881,,,,8.1,4.0,mtbproject_avg,,1,dblack,,"Arco, Idaho",Idaho,United States,,,,mtbproject_trailhead,difficulty=dblack
mtb-7018326,mtbproject,https://www.mtbproject.com/trail/7018326/the-trails,The Trails,43.6438,-111.5953,point_trailhead,43.6438,-111.5953,,,,9.5,4.0,mtbproject_avg,,2,greenBlue,,"Rigby, Idaho",Idaho,United States,,,,mtbproject_trailhead,difficulty=greenBlue
mtb-5576228,mtbproject,https://www.mtbproject.com/trail/5576228/sharks-belly,Shark's Belly,43.7369,-111.2941,point_trailhead,43.7369,-111.2941,,,,1.5,5.0,mtbproject_avg,,4,greenBlue,,"Driggs, Idaho",Idaho,United States,,,,mtbproject_trailhead,difficulty=greenBlue
mtb-7018201,mtbproject,https://www.mtbproject.com/trail/7018201/upper-waterfall-canal,Upper Waterfall Canal,43.7097,-111.5853,point_trailhead,43.7097,-111.5853,,,,1.3,5.0,mtbproject_avg,,2,greenBlue,,"Rexburg, Idaho",Idaho,United States,,,,mtbproject_trailhead,difficulty=greenBlue
mtb-7017427,mtbproject,https://www.mtbproject.com/trail/7017427/kens-corner,Ken's Corner,43.6539,-111.6259,point_trailhead,43.6539,-111.6259,,,,1.5,5.0,mtbproject_avg,,2,greenBlue,,"Rigby, Idaho",Idaho,United States,,,,mtbproject_trailhead,difficulty=greenBlue
mtb-7033053,mtbproject,https://www.mtbproject.com/trail/7033053/yellowstone-grand-teton-rail-trail-ashton-to-tetonia,Yellowstone / Grand Teton Rail Trail - Ashton to Tetonia,44.0756,-111.4358,point_trailhead,44.0756,-111.4358,,,,30.8,5.0,mtbproject_avg,,1,green,,"Ashton, Idaho",Idaho,United States,,,,mtbproject_trailhead,difficulty=green
mtb-7020198,mtbproject,https://www.mtbproject.com/trail/7020198/tims-trail,Tim's Trail,43.6828,-111.5666,point_trailhead,43.6828,-111.5666,,,,1.1,5.0,mtbproject_avg,,1,greenBlue,,"Rexburg, Idaho",Idaho,United States,,,,mtbproject_trailhead,difficulty=greenBlue
mtb-5576275,mtbproject,https://www.mtbproject.com/trail/5576275/probation,Probation,43.7426,-111.3101,point_trailhead,43.7426,-111.3101,,,,0.8,5.0,mtbproject_avg,,1,greenBlue,,"Driggs, Idaho",Idaho,United States,,,,mtbproject_trailhead,difficulty=greenBlue
mtb-5576327,mtbproject,https://www.mtbproject.com/trail/5576327/codys,Cody's,43.7427,-111.3102,point_trailhead,43.7427,-111.3102,,,,1.1,4.3,mtbproject_avg,,4,greenBlue,,"Driggs, Idaho",Idaho,United States,,,,mtbproject_trailhead,difficulty=greenBlue
mtb-5576396,mtbproject,https://www.mtbproject.com/trail/5576396/southbound,Southbound,43.7384,-111.2816,point_trailhead,43.7384,-111.2816,,,,3.1,4.0,mtbproject_avg,,2,greenBlue,,"Driggs, Idaho",Idaho,United States,,,,mtbproject_trailhead,difficulty=greenBlue
mtb-7017431,mtbproject,https://www.mtbproject.com/trail/7017431/scenic-overlook-loop,Scenic Overlook Loop,43.6436,-111.595,point_trailhead,43.6436,-111.595,,,,0.8,4.0,mtbproject_avg,,2,greenBlue,,"Rigby, Idaho",Idaho,United States,,,,mtbproject_trailhead,difficulty=greenBlue
mtb-5576356,mtbproject,https://www.mtbproject.com/trail/5576356/sod-buster,Sod Buster,43.7379,-111.2994,point_trailhead,43.7379,-111.2994,,,,1.3,4.0,mtbproject_avg,,2,greenBlue,,"Driggs, Idaho",Idaho,United States,,,,mtbproject_trailhead,difficulty=greenBlue
mtb-7019561,mtbproject,https://www.mtbproject.com/trail/7019561/cold-springs-855,Cold Springs #855,43.6373,-111.5747,point_trailhead,43.6373,-111.5747,,,,1.1,4.0,mtbproject_avg,,1,greenBlue,,"Rigby, Idaho",Idaho,United States,,,,mtbproject_trailhead,difficulty=greenBlue
mtb-5615749,mtbproject,https://www.mtbproject.com/trail/5615749/rush-hour,Rush Hour,43.5636,-111.0679,point_trailhead,43.5636,-111.0679,,,,4.6,4.4,mtbproject_avg,,10,greenBlue,,"Victor, Idaho",Idaho,United States,,,,mtbproject_trailhead,difficulty=greenBlue
mtb-4461993,mtbproject,https://www.mtbproject.com/trail/4461993/otter-slide,Otter Slide,43.7895,-110.9517,point_trailhead,43.7895,-110.9517,,,,0.6,5.0,mtbproject_avg,,2,greenBlue,,"Moose Wilson Road, Wyoming",Wyoming,United States,,,,mtbproject_trailhead,difficulty=greenBlue
mtb-7029571,mtbproject,https://www.mtbproject.com/trail/7029571/yogi,Yogi,43.794,-110.9559,point_trailhead,43.794,-110.9559,,,,0.6,5.0,mtbproject_avg,,1,green,,"Alta, Wyoming",Wyoming,United States,,,,mtbproject_trailhead,difficulty=green
mtb-3689728,mtbproject,https://www.mtbproject.com/trail/3689728/ricks-basin-trail,Rick's Basin Trail,43.7963,-110.9565,point_trailhead,43.7963,-110.9565,,,,1.7,4.5,mtbproject_avg,,4,greenBlue,,"Alta, Wyoming",Wyoming,United States,,,,mtbproject_trailhead,difficulty=greenBlue
mtb-7013893,mtbproject,https://www.mtbproject.com/trail/7013893/action-jackson,Action Jackson,43.7886,-110.9575,point_trailhead,43.7886,-110.9575,,,,3.5,4.5,mtbproject_avg,,2,greenBlue,,"Moose Wilson Road, Wyoming",Wyoming,United States,,,,mtbproject_trailhead,difficulty=greenBlue
mtb-3689972,mtbproject,https://www.mtbproject.com/trail/3689972/andys,Andy's,43.7883,-110.9572,point_trailhead,43.7883,-110.9572,,,,1.7,4.3,mtbproject_avg,,4,greenBlue,,"Alta, Wyoming",Wyoming,United States,,,,mtbproject_trailhead,difficulty=greenBlue
mtb-4469130,mtbproject,https://www.mtbproject.com/trail/4469130/greenhorn-trail,Greenhorn Trail,43.7869,-110.9596,point_trailhead,43.7869,-110.9596,,,,1.1,4.0,mtbproject_avg,,2,green,,"Moose Wilson Road, Wyoming",Wyoming,United States,,,,mtbproject_trailhead,difficulty=green
mtb-7015236,mtbproject,https://www.mtbproject.com/trail/7015236/rocky-mountain-way,Rocky Mountain Way,43.7656,-110.9468,point_trailhead,43.7656,-110.9468,,,,2.1,4.0,mtbproject_avg,,1,greenBlue,,"Moose Wilson Road, Wyoming",Wyoming,United States,,,,mtbproject_trailhead,difficulty=greenBlue
mtb-4469536,mtbproject,https://www.mtbproject.com/trail/4469536/shoshone-trail,Shoshone trail,43.7933,-110.9517,point_trailhead,43.7933,-110.9517,,,,1.1,4.0,mtbproject_avg,,1,greenBlue,,"Moose Wilson Road, Wyoming",Wyoming,United States,,,,mtbproject_trailhead,difficulty=greenBlue
mtb-7029944,mtbproject,https://www.mtbproject.com/trail/7029944/lickety-split,Lickety Split,40.4579,-106.7894,point_trailhead,40.4579,-106.7894,,,,1.0,4.0,mtbproject_avg,,1,greenBlue,,"Steamboat Springs, Colorado",Colorado,United States,,,,mtbproject_trailhead,difficulty=greenBlue
mtb-7009031,mtbproject,https://www.mtbproject.com/trail/7009031/cambria,Cambria,43.9665,-104.1934,point_trailhead,43.9665,-104.1934,,,,0.8,4.0,mtbproject_avg,,1,greenBlue,,"Newcastle, Wyoming",Wyoming,United States,,,,mtbproject_trailhead,difficulty=greenBlue
mtb-7009042,mtbproject,https://www.mtbproject.com/trail/7009042/upcast,Upcast,43.9699,-104.1888,point_trailhead,43.9699,-104.1888,,,,0.2,4.0,mtbproject_avg,,1,greenBlue,,"Newcastle, Wyoming",Wyoming,United States,,,,mtbproject_trailhead,difficulty=greenBlue
mtb-7009035,mtbproject,https://www.mtbproject.com/trail/7009035/last-draw,Last Draw,43.9692,-104.195,point_trailhead,43.9692,-104.195,,,,0.3,4.0,mtbproject_avg,,1,greenBlue,,"Newcastle, Wyoming",Wyoming,United States,,,,mtbproject_trailhead,difficulty=greenBlue
mtb-7023733,mtbproject,https://www.mtbproject.com/trail/7023733/not-the-dragon,Not the Dragon,43.9452,-92.4317,point_trailhead,43.9452,-92.4317,,,,0.4,4.0,mtbproject_avg,,1,greenBlue,,"Rochester, Minnesota",Minnesota,United States,,,,mtbproject_trailhead,difficulty=greenBlue
mtb-7023752,mtbproject,https://www.mtbproject.com/trail/7023752/middle-gamehaven,Middle Gamehaven,43.9494,-92.429,point_trailhead,43.9494,-92.429,,,,0.9,4.0,mtbproject_avg,,1,greenBlue,,"Rochester, Minnesota",Minnesota,United States,,,,mtbproject_trailhead,difficulty=greenBlue
mtb-3977242,mtbproject,https://www.mtbproject.com/trail/3977242/quarry-trail,Quarry Trail,43.8257,-91.1945,point_trailhead,43.8257,-91.1945,,,,0.8,4.0,mtbproject_avg,,3,greenBlue,,"La Crosse, Wisconsin",Wisconsin,United States,,,,mtbproject_trailhead,difficulty=greenBlue
mtb-4918962,mtbproject,https://www.mtbproject.com/trail/4918962/the-pinery,The Pinery,43.5495,-90.8987,point_trailhead,43.5495,-90.8987,,,,0.4,4.0,mtbproject_avg,,2,green,,"Viroqua, Wisconsin",Wisconsin,United States,,,,mtbproject_trailhead,difficulty=green
mtb-4965319,mtbproject,https://www.mtbproject.com/trail/4965319/sidie-hollow-lake-loop,Sidie Hollow Lake Loop,43.5378,-90.951,point_trailhead,43.5378,-90.951,,,,1.9,4.0,mtbproject_avg,,1,green,,"Viroqua, Wisconsin",Wisconsin,United States,,,,mtbproject_trailhead,difficulty=green
mtb-7007264,mtbproject,https://www.mtbproject.com/trail/7007264/prairie-loop,Prairie Loop,43.8229,-91.1909,point_trailhead,43.8229,-91.1909,,,,1.2,4.0,mtbproject_avg,,1,greenBlue,,"La Crosse, Wisconsin",Wisconsin,United States,,,,mtbproject_trailhead,difficulty=greenBlue
mtb-4964894,mtbproject,https://www.mtbproject.com/trail/4964894/bake-sale,Bake Sale,43.5384,-90.967,point_trailhead,43.5384,-90.967,,,,0.2,4.0,mtbproject_avg,,1,greenBlue,,"Viroqua, Wisconsin",Wisconsin,United States,,,,mtbproject_trailhead,difficulty=greenBlue
mtb-4964940,mtbproject,https://www.mtbproject.com/trail/4964940/meadow-loop,Meadow Loop,43.698,-90.7905,point_trailhead,43.698,-90.7905,,,,0.3,4.0,mtbproject_avg,,1,green,,"Cashton, Wisconsin",Wisconsin,United States,,,,mtbproject_trailhead,difficulty=green
mtb-5835298,mtbproject,https://www.mtbproject.com/trail/5835298/new-fane-loops-1-4,New Fane - Loops 1-4,43.5438,-88.1756,point_trailhead,43.5438,-88.1756,,,,4.7,4.2,mtbproject_avg,,14,greenBlue,,"Kewaskum, Wisconsin",Wisconsin,United States,,,,mtbproject_trailhead,difficulty=greenBlue
mtb-7001757,mtbproject,https://www.mtbproject.com/trail/7001757/school-forest-trails,School Forest Trails,43.9635,-86.4293,point_trailhead,43.9635,-86.4293,,,,7.6,4.3,mtbproject_avg,,3,green,,"Ludington, Michigan",Michigan,United States,,,,mtbproject_trailhead,difficulty=green
mtb-7029279,mtbproject,https://www.mtbproject.com/trail/7029279/north-country-trail-m-20-trailhead-to-five-mile-road,North Country Trail: M-20 Trailhead to Five Mile Road,43.5678,-85.8264,point_trailhead,43.5678,-85.8264,,,,13.8,4.0,mtbproject_avg,,1,greenBlue,,"White Cloud, Michigan",Michigan,United States,,,,mtbproject_trailhead,difficulty=greenBlue
mtb-7030240,mtbproject,https://www.mtbproject.com/trail/7030240/nct-mi-segment-5-manistee-national-forest,NCT: MI Segment 5 - Manistee National Forest,43.5678,-85.8264,point_trailhead,43.5678,-85.8264,,,,20.8,4.0,mtbproject_avg,,1,green,,"Baldwin, Michigan",Michigan,United States,,,,mtbproject_trailhead,difficulty=green
mtb-741886,mtbproject,https://www.mtbproject.com/trail/741886/leonard-run,Leonard Run,42.1213,-78.6906,point_trailhead,42.1213,-78.6906,,,,2.9,4.0,mtbproject_avg,,1,green,,"Salamanca, New York",New York,United States,,,,mtbproject_trailhead,difficulty=green
mtb-575175,mtbproject,https://www.mtbproject.com/trail/575175/north-pale-ale-trail,North Pale Ale Trail,42.2355,-78.7002,point_trailhead,42.2355,-78.7002,,,,0.1,4.0,mtbproject_avg,,1,green,,"Salamanca, New York",New York,United States,,,,mtbproject_trailhead,difficulty=green
mtb-7007827,mtbproject,https://www.mtbproject.com/trail/7007827/short-trail,Short Trail,40.9332,-78.0406,point_trailhead,40.9332,-78.0406,,,,1.1,4.0,mtbproject_avg,,1,greenBlue,,"Troy, Pennsylvania",Pennsylvania,United States,,,,mtbproject_trailhead,difficulty=greenBlue
mtb-7007841,mtbproject,https://www.mtbproject.com/trail/7007841/snowmobile-trail,Snowmobile Trail,40.9101,-78.0407,point_trailhead,40.9101,-78.0407,,,,1.1,4.0,mtbproject_avg,,1,green,,"Stormstown, Pennsylvania",Pennsylvania,United States,,,,mtbproject_trailhead,difficulty=green
mtb-7024354,mtbproject,https://www.mtbproject.com/trail/7024354/trail-4a,Trail #4A,42.8282,-78.1444,point_trailhead,42.8282,-78.1444,,,,0.6,4.0,mtbproject_avg,,1,greenBlue,,"Warsaw, New York",New York,United States,,,,mtbproject_trailhead,difficulty=greenBlue
mtb-7027653,mtbproject,https://www.mtbproject.com/trail/7027653/blue-trail,Blue Trail,43.247,-77.469,point_trailhead,43.247,-77.469,,,,0.7,4.0,mtbproject_avg,,1,green,,"Webster, New York",New York,United States,,,,mtbproject_trailhead,difficulty=green
mtb-7035202,mtbproject,https://www.mtbproject.com/trail/7035202/gold-mine,Gold Mine,42.3114,-74.1877,point_trailhead,42.3114,-74.1877,,,,0.9,5.0,mtbproject_avg,,1,greenBlue,,"Cairo, New York",New York,United States,,,,mtbproject_trailhead,difficulty=greenBlue
mtb-7028889,mtbproject,https://www.mtbproject.com/trail/7028889/challenger,Challenger,43.6935,-74.9607,point_trailhead,43.6935,-74.9607,,,,0.7,4.0,mtbproject_avg,,1,greenBlue,,"Lowville, New York",New York,United States,,,,mtbproject_trailhead,difficulty=greenBlue
mtb-7026668,mtbproject,https://www.mtbproject.com/trail/7026668/dh-rail-trail-northern-segment-northern-leg,D&H Rail Trail: Northern segment - Northern Leg,43.5653,-73.221,point_trailhead,43.5653,-73.221,,,,4.4,5.0,mtbproject_avg,,1,green,,"Poultney, Vermont",Vermont,United States,,,,mtbproject_trailhead,difficulty=green
mtb-7008271,mtbproject,https://www.mtbproject.com/trail/7008271/redfield-trail-connector,Redfield Trail Connector,43.6234,-73.007,point_trailhead,43.6234,-73.007,,,,,5.0,mtbproject_avg,,1,blue,,"Rutland, Vermont",Vermont,United States,,,,mtbproject_trailhead,mtbproject type=Connector
mtb-7001012,mtbproject,https://www.mtbproject.com/trail/7001012/rembrandts-brush,Rembrandt's Brush,43.6144,-72.9999,point_trailhead,43.6144,-72.9999,,,,0.4,5.0,mtbproject_avg,,1,greenBlue,,"Rutland, Vermont",Vermont,United States,,,,mtbproject_trailhead,difficulty=greenBlue
mtb-7007749,mtbproject,https://www.mtbproject.com/trail/7007749/svelte-tiger,Svelte Tiger,43.6155,-72.994,point_trailhead,43.6155,-72.994,,,,0.5,5.0,mtbproject_avg,,1,greenBlue,,"Rutland, Vermont",Vermont,United States,,,,mtbproject_trailhead,difficulty=greenBlue
mtb-7001008,mtbproject,https://www.mtbproject.com/trail/7001008/pa4j,PA4J,43.6211,-73.0031,point_trailhead,43.6211,-73.0031,,,,0.6,5.0,mtbproject_avg,,1,greenBlue,,"Rutland, Vermont",Vermont,United States,,,,mtbproject_trailhead,difficulty=greenBlue
mtb-7029824,mtbproject,https://www.mtbproject.com/trail/7029824/jigsaw,Jigsaw,43.6185,-73.0008,point_trailhead,43.6185,-73.0008,,,,0.2,5.0,mtbproject_avg,,1,greenBlue,,"Rutland, Vermont",Vermont,United States,,,,mtbproject_trailhead,difficulty=greenBlue
mtb-7007746,mtbproject,https://www.mtbproject.com/trail/7007746/annex,Annex,43.6158,-73.0016,point_trailhead,43.6158,-73.0016,,,,0.1,5.0,mtbproject_avg,,1,greenBlue,,"Rutland, Vermont",Vermont,United States,,,,mtbproject_trailhead,difficulty=greenBlue
mtb-7001011,mtbproject,https://www.mtbproject.com/trail/7001011/lonely-rock,Lonely Rock,43.6146,-73.0046,point_trailhead,43.6146,-73.0046,,,,0.6,5.0,mtbproject_avg,,1,greenBlue,,"Rutland, Vermont",Vermont,United States,,,,mtbproject_trailhead,difficulty=greenBlue
mtb-7007798,mtbproject,https://www.mtbproject.com/trail/7007798/quartzite,Quartzite,43.6199,-72.9951,point_trailhead,43.6199,-72.9951,,,,0.1,5.0,mtbproject_avg,,1,greenBlue,,"Rutland, Vermont",Vermont,United States,,,,mtbproject_trailhead,difficulty=greenBlue
mtb-7007898,mtbproject,https://www.mtbproject.com/trail/7007898/salamander,Salamander,43.6213,-72.9998,point_trailhead,43.6213,-72.9998,,,,0.2,5.0,mtbproject_avg,,1,greenBlue,,"Rutland, Vermont",Vermont,United States,,,,mtbproject_trailhead,difficulty=greenBlue
mtb-7019031,mtbproject,https://www.mtbproject.com/trail/7019031/huntley-meadow-pump-track,Huntley Meadow Pump Track,43.7225,-72.3151,point_trailhead,43.7225,-72.3151,,,,,5.0,mtbproject_avg,,1,greenBlue,,"Hanover, New Hampshire",New Hampshire,United States,,,,mtbproject_trailhead,difficulty=greenBlue
mtb-7014803,mtbproject,https://www.mtbproject.com/trail/7014803/brookemeade-main-loop,Brookemeade Main Loop,43.7444,-72.3397,point_trailhead,43.7444,-72.3397,,,,1.9,4.3,mtbproject_avg,,3,greenBlue,,"Wilder, Vermont",Vermont,United States,,,,mtbproject_trailhead,difficulty=greenBlue
mtb-7017186,mtbproject,https://www.mtbproject.com/trail/7017186/west-side-trails,West Side Trails,44.0394,-71.1679,point_trailhead,44.0394,-71.1679,,,,6.3,5.0,mtbproject_avg,,1,greenBlue,,"North Conway, New Hampshire",New Hampshire,United States,,,,mtbproject_trailhead,difficulty=greenBlue
mtb-7017312,mtbproject,https://www.mtbproject.com/trail/7017312/electric-loop,Electric Loop,44.0394,-71.168,point_trailhead,44.0394,-71.168,,,,2.8,5.0,mtbproject_avg,,2,greenBlue,,"North Conway, New Hampshire",New Hampshire,United States,,,,mtbproject_trailhead,difficulty=greenBlue
mtb-7017442,mtbproject,https://www.mtbproject.com/trail/7017442/lagers-lane,Lager's Lane,44.0085,-71.1431,point_trailhead,44.0085,-71.1431,,,,1.3,4.0,mtbproject_avg,,2,greenBlue,,"Conway, New Hampshire",New Hampshire,United States,,,,mtbproject_trailhead,difficulty=greenBlue
mtb-7007082,mtbproject,https://www.mtbproject.com/trail/7007082/range-pond-single-track,Range Pond Single Track,44.0374,-70.3426,point_trailhead,44.0374,-70.3426,,,,5.6,4.3,mtbproject_avg,,3,greenBlue,,"Poland, Maine",Maine,United States,,,,mtbproject_trailhead,difficulty=greenBlue
mtb-7006288,mtbproject,https://www.mtbproject.com/trail/7006288/blue-trail,Blue Trail,43.7799,-70.3193,point_trailhead,43.7799,-70.3193,,,,0.9,5.0,mtbproject_avg,,1,greenBlue,,"Cumberland Center, Maine",Maine,United States,,,,mtbproject_trailhead,difficulty=greenBlue
mtb-7009932,mtbproject,https://www.mtbproject.com/trail/7009932/its-89-east-baldwin,ITS 89 - East Baldwin,43.8188,-70.6491,point_trailhead,43.8188,-70.6491,,,,4.2,4.0,mtbproject_avg,,1,green,,"Steep Falls, Maine",Maine,United States,,,,mtbproject_trailhead,difficulty=green
mtb-7006278,mtbproject,https://www.mtbproject.com/trail/7006278/presumpscot-river-trail-2,Presumpscot River Trail 2,43.7126,-70.2852,point_trailhead,43.7126,-70.2852,,,,5.4,4.0,mtbproject_avg,,1,greenBlue,,"Falmouth, Maine",Maine,United States,,,,mtbproject_trailhead,difficulty=greenBlue
mtb-7017425,mtbproject,https://www.mtbproject.com/trail/7017425/usfs-fire-road-379a,USFS Fire Road 379A,44.0361,-71.1662,point_trailhead,44.0361,-71.1662,,,,1.6,4.0,mtbproject_avg,,1,green,,"North Conway, New Hampshire",New Hampshire,United States,,,,mtbproject_trailhead,difficulty=green
mtb-7017324,mtbproject,https://www.mtbproject.com/trail/7017324/railroad-bed-trail,Railroad Bed Trail,44.0244,-71.1411,point_trailhead,44.0244,-71.1411,,,,0.7,4.0,mtbproject_avg,,1,green,,"North Conway, New Hampshire",New Hampshire,United States,,,,mtbproject_trailhead,difficulty=green
mtb-7009930,mtbproject,https://www.mtbproject.com/trail/7009930/stroudwater-trail,Stroudwater Trail,43.6566,-70.3157,point_trailhead,43.6566,-70.3157,,,,2.5,4.0,mtbproject_avg,,1,green,,"South Portland Gardens, Maine",Maine,United States,,,,mtbproject_trailhead,difficulty=green
mtb-7029087,mtbproject,https://www.mtbproject.com/trail/7029087/lemon-squeezer,Lemon Squeezer,44.0064,-71.1382,point_trailhead,44.0064,-71.1382,,,,0.7,4.0,mtbproject_avg,,1,greenBlue,,"Conway, New Hampshire",New Hampshire,United States,,,,mtbproject_trailhead,difficulty=greenBlue
mtb-4420455,mtbproject,https://www.mtbproject.com/trail/4420455/devils-throat,Devil's Throat,43.7611,-72.8039,point_trailhead,43.7611,-72.8039,,,,0.8,4.0,mtbproject_avg,,1,dblack,,"Pittsfield, Vermont",Vermont,United States,,,,mtbproject_trailhead,difficulty=dblack
mtb-7003831,mtbproject,https://www.mtbproject.com/trail/7003831/mcindoe-farm-parcel-5-connector,McIndoe Farm Parcel 5 Connector,43.7381,-72.3224,point_trailhead,43.7381,-72.3224,,,,0.8,4.0,mtbproject_avg,,1,greenBlue,,"Wilder, Vermont",Vermont,United States,,,,mtbproject_trailhead,difficulty=greenBlue
mtb-7023705,mtbproject,https://www.mtbproject.com/trail/7023705/the-horizon-trail,The Horizon Trail,43.9759,-69.9347,point_trailhead,43.9759,-69.9347,,,,0.5,4.0,mtbproject_avg,,1,greenBlue,,"Topsham, Maine",Maine,United States,,,,mtbproject_trailhead,difficulty=greenBlue
mtb-7006253,mtbproject,https://www.mtbproject.com/trail/7006253/moody-blues,Moody Blues,43.6575,-70.4492,point_trailhead,43.6575,-70.4492,,,,0.9,4.0,mtbproject_avg,,1,greenBlue,,"Gorham, Maine",Maine,United States,,,,mtbproject_trailhead,difficulty=greenBlue
mtb-7003572,mtbproject,https://www.mtbproject.com/trail/7003572/the-rollercoaster,The Rollercoaster,43.7206,-72.253,point_trailhead,43.7206,-72.253,,,,1.0,4.0,mtbproject_avg,,1,greenBlue,,"Hanover, New Hampshire",New Hampshire,United States,,,,mtbproject_trailhead,difficulty=greenBlue
mtb-7029431,mtbproject,https://www.mtbproject.com/trail/7029431/bay-park-trail,Bay Park Trail,43.931,-69.9385,point_trailhead,43.931,-69.9385,,,,2.6,4.0,mtbproject_avg,,1,green,,"Topsham, Maine",Maine,United States,,,,mtbproject_trailhead,difficulty=green
mtb-4445773,mtbproject,https://www.mtbproject.com/trail/4445773/green-trail,Green Trail,43.7575,-72.8017,point_trailhead,43.7575,-72.8017,,,,1.2,4.0,mtbproject_avg,,1,green,,"Pittsfield, Vermont",Vermont,United States,,,,mtbproject_trailhead,difficulty=green
mtb-7009988,mtbproject,https://www.mtbproject.com/trail/7009988/lanzo-trail,Lanzo Trail,43.8986,-70.176,point_trailhead,43.8986,-70.176,,,,0.6,4.0,mtbproject_avg,,1,greenBlue,,"Freeport, Maine",Maine,United States,,,,mtbproject_trailhead,difficulty=greenBlue
mtb-7003820,mtbproject,https://www.mtbproject.com/trail/7003820/frankenstiens-folly,Frankenstien's Folly,43.7285,-72.2576,point_trailhead,43.7285,-72.2576,,,,0.5,4.0,mtbproject_avg,,1,greenBlue,,"Hanover, New Hampshire",New Hampshire,United States,,,,mtbproject_trailhead,difficulty=greenBlue
mtb-7003330,mtbproject,https://www.mtbproject.com/trail/7003330/white-heat,White Heat,43.6558,-72.2866,point_trailhead,43.6558,-72.2866,,,,0.3,4.0,mtbproject_avg,,1,greenBlue,,"Lebanon, New Hampshire",New Hampshire,United States,,,,mtbproject_trailhead,difficulty=greenBlue
mtb-7003284,mtbproject,https://www.mtbproject.com/trail/7003284/screaming-downhill,Screaming Downhill,43.7287,-72.2503,point_trailhead,43.7287,-72.2503,,,,0.6,4.0,mtbproject_avg,,1,greenBlue,,"Hanover, New Hampshire",New Hampshire,United States,,,,mtbproject_trailhead,difficulty=greenBlue
mtb-7010100,mtbproject,https://www.mtbproject.com/trail/7010100/ragan,Ragan,43.9031,-70.1682,point_trailhead,43.9031,-70.1682,,,,0.9,4.0,mtbproject_avg,,1,greenBlue,,"Freeport, Maine",Maine,United States,,,,mtbproject_trailhead,difficulty=greenBlue
mtb-7009937,mtbproject,https://www.mtbproject.com/trail/7009937/fox-west,Fox West,43.9015,-70.1651,point_trailhead,43.9015,-70.1651,,,,1.0,4.0,mtbproject_avg,,1,greenBlue,,"Freeport, Maine",Maine,United States,,,,mtbproject_trailhead,difficulty=greenBlue
mtb-7003289,mtbproject,https://www.mtbproject.com/trail/7003289/craft-loop-east-rake-loop,Craft Loop East (Rake Loop),43.656,-72.2909,point_trailhead,43.656,-72.2909,,,,0.6,4.0,mtbproject_avg,,1,greenBlue,,"Lebanon, New Hampshire",New Hampshire,United States,,,,mtbproject_trailhead,difficulty=greenBlue
mtb-7003292,mtbproject,https://www.mtbproject.com/trail/7003292/explosions-in-the-sky,Explosions in the Sky,43.6579,-72.2957,point_trailhead,43.6579,-72.2957,,,,0.6,4.0,mtbproject_avg,,1,greenBlue,,"Lebanon, New Hampshire",New Hampshire,United States,,,,mtbproject_trailhead,difficulty=greenBlue
mtb-7003299,mtbproject,https://www.mtbproject.com/trail/7003299/eastline,Eastline,43.6651,-72.2669,point_trailhead,43.6651,-72.2669,,,,0.5,4.0,mtbproject_avg,,1,greenBlue,,"Lebanon, New Hampshire",New Hampshire,United States,,,,mtbproject_trailhead,difficulty=greenBlue
mtb-7014811,mtbproject,https://www.mtbproject.com/trail/7014811/tilden-hill-parcel-5-connector,Tilden Hill-Parcel 5 Connector,43.7331,-72.329,point_trailhead,43.7331,-72.329,,,,0.6,4.0,mtbproject_avg,,1,greenBlue,,"Wilder, Vermont",Vermont,United States,,,,mtbproject_trailhead,difficulty=greenBlue
mtb-7017970,mtbproject,https://www.mtbproject.com/trail/7017970/farnum-trail-fatr,Farnum Trail (FaTr),43.5527,-72.2824,point_trailhead,43.5527,-72.2824,,,,0.9,4.0,mtbproject_avg,,1,greenBlue,,"Lebanon, New Hampshire",New Hampshire,United States,,,,mtbproject_trailhead,difficulty=greenBlue
mtb-7003779,mtbproject,https://www.mtbproject.com/trail/7003779/connector-between-game-and-frankenstien,Connector between Game and Frankenstien,43.7312,-72.253,point_trailhead,43.7312,-72.253,,,,0.3,4.0,mtbproject_avg,,1,blue,,"Hanover, New Hampshire",New Hampshire,United States,,,,mtbproject_trailhead,mtbproject type=Connector
mtb-7017733,mtbproject,https://www.mtbproject.com/trail/7017733/farnum-lane-faln,Farnum Lane (FaLn),43.5509,-72.2813,point_trailhead,43.5509,-72.2813,,,,0.2,4.0,mtbproject_avg,,1,greenBlue,,"Lebanon, New Hampshire",New Hampshire,United States,,,,mtbproject_trailhead,difficulty=greenBlue
mtb-6021436,mtbproject,https://www.mtbproject.com/trail/6021436/springboard-trail,Springboard Trail,44.3162,-123.5058,point_trailhead,44.3162,-123.5058,,,,2.3,4.5,mtbproject_avg,,11,greenBlue,,"Monroe, Oregon",Oregon,United States,,,,mtbproject_trailhead,difficulty=greenBlue
mtb-7006701,mtbproject,https://www.mtbproject.com/trail/7006701/peterson-ridge-trail-outer-loop,Peterson Ridge Trail Outer Loop,44.2839,-121.5497,point_trailhead,44.2839,-121.5497,,,,18.4,4.6,mtbproject_avg,,16,greenBlue,,"Sisters, Oregon",Oregon,United States,,,,mtbproject_trailhead,difficulty=greenBlue
mtb-282993,mtbproject,https://www.mtbproject.com/trail/282993/maston-outer-loop,Maston Outer Loop,44.2121,-121.303,point_trailhead,44.2121,-121.303,,,,12.2,3.9,mtbproject_avg,,10,greenBlue,,"Redmond, Oregon",Oregon,United States,,,,mtbproject_trailhead,difficulty=greenBlue
mtb-17801,mtbproject,https://www.mtbproject.com/trail/17801/tumalo-creek-trail,Tumalo Creek Trail,44.0828,-121.3765,point_trailhead,44.0828,-121.3765,,,,2.6,4.7,mtbproject_avg,,3,green,,"Bend, Oregon",Oregon,United States,,,,mtbproject_trailhead,difficulty=green
mtb-7006753,mtbproject,https://www.mtbproject.com/trail/7006753/prt-east,PRT East,44.2839,-121.5497,point_trailhead,44.2839,-121.5497,,,,9.8,4.5,mtbproject_avg,,2,greenBlue,,"Sisters, Oregon",Oregon,United States,,,,mtbproject_trailhead,difficulty=greenBlue
mtb-188708,mtbproject,https://www.mtbproject.com/trail/188708/maston-rim-trail,Maston Rim Trail,44.2118,-121.3032,point_trailhead,44.2118,-121.3032,,,,8.3,4.2,mtbproject_avg,,6,greenBlue,,"Redmond, Oregon",Oregon,United States,,,,mtbproject_trailhead,difficulty=greenBlue
mtb-576882,mtbproject,https://www.mtbproject.com/trail/576882/phils-easy-pumptrack,Phils Easy Pumptrack,44.0437,-121.3864,point_trailhead,44.0437,-121.3864,,,,0.2,4.3,mtbproject_avg,,3,green,,"Bend, Oregon",Oregon,United States,,,,mtbproject_trailhead,difficulty=green
mtb-7001863,mtbproject,https://www.mtbproject.com/trail/7001863/cline-butte-1-downhill,Cline Butte #1 Downhill,44.253,-121.3025,point_trailhead,44.253,-121.3025,,,,0.6,4.0,mtbproject_avg,,2,dblack,,"Redmond, Oregon",Oregon,United States,,,,mtbproject_trailhead,difficulty=dblack
mtb-7028916,mtbproject,https://www.mtbproject.com/trail/7028916/wolf-tree-trail,Wolf Tree Trail,44.3725,-121.1316,point_trailhead,44.3725,-121.1316,,,,0.9,4.0,mtbproject_avg,,1,green,,"Terrebonne, Oregon",Oregon,United States,,,,mtbproject_trailhead,difficulty=green
mtb-7024296,mtbproject,https://www.mtbproject.com/trail/7024296/weiser-river-national-recreation-trail,Weiser River National Recreation Trail,44.9868,-116.3665,point_trailhead,44.9868,-116.3665,,,,87.3,5.0,mtbproject_avg,,1,green,,"McCall, Idaho",Idaho,United States,,,,mtbproject_trailhead,difficulty=green
mtb-7004279,mtbproject,https://www.mtbproject.com/trail/7004279/airline-loop,Airline Loop,44.1192,-115.8771,point_trailhead,44.1192,-115.8771,,,,22.1,4.0,mtbproject_avg,,2,dblack,,"Idaho City, Idaho",Idaho,United States,,,,mtbproject_trailhead,difficulty=dblack
mtb-7015903,mtbproject,https://www.mtbproject.com/trail/7015903/fool-creek-trail,Fool Creek Trail,44.445,-115.8617,point_trailhead,44.445,-115.8617,,,,4.1,5.0,mtbproject_avg,,1,green,,"Cascade, Idaho",Idaho,United States,,,,mtbproject_trailhead,difficulty=green
mtb-7024524,mtbproject,https://www.mtbproject.com/trail/7024524/bull-creek-trail,Bull Creek Trail,44.4229,-115.8118,point_trailhead,44.4229,-115.8118,,,,19.1,4.0,mtbproject_avg,,1,dblack,,"Cascade, Idaho",Idaho,United States,,,,mtbproject_trailhead,difficulty=dblack
mtb-7002340,mtbproject,https://www.mtbproject.com/trail/7002340/kirkham-ridge,Kirkham Ridge,44.3073,-115.2627,point_trailhead,44.3073,-115.2627,,,,23.2,5.0,mtbproject_avg,,1,dblack,,"Cascade, Idaho",Idaho,United States,,,,mtbproject_trailhead,difficulty=dblack
mtb-7002334,mtbproject,https://www.mtbproject.com/trail/7002334/warm-springs,Warm Springs,44.3057,-115.2588,point_trailhead,44.3057,-115.2588,,,,14.5,4.0,mtbproject_avg,,3,dblack,,"Cascade, Idaho",Idaho,United States,,,,mtbproject_trailhead,difficulty=dblack
mtb-7006311,mtbproject,https://www.mtbproject.com/trail/7006311/boundary-loop,Boundary Loop,44.1567,-114.868,point_trailhead,44.1567,-114.868,,,,26.9,5.0,mtbproject_avg,,1,dblack,,"Challis, Idaho",Idaho,United States,,,,mtbproject_trailhead,difficulty=dblack
mtb-7016204,mtbproject,https://www.mtbproject.com/trail/7016204/little-casino-to-big-casino,Little Casino to Big Casino,44.2522,-114.8586,point_trailhead,44.2522,-114.8586,,,,20.1,5.0,mtbproject_avg,,1,dblack,,"Challis, Idaho",Idaho,United States,,,,mtbproject_trailhead,difficulty=dblack
mtb-7029103,mtbproject,https://www.mtbproject.com/trail/7029103/little-casino-big-casino-loop,Little Casino - Big Casino Loop,44.2528,-114.8587,point_trailhead,44.2528,-114.8587,,,,20.3,4.3,mtbproject_avg,,3,dblack,,"Challis, Idaho",Idaho,United States,,,,mtbproject_trailhead,difficulty=dblack
mtb-7006304,mtbproject,https://www.mtbproject.com/trail/7006304/martin-big-casino,Martin-Big Casino,44.1295,-114.7275,point_trailhead,44.1295,-114.7275,,,,14.0,5.0,mtbproject_avg,,1,dblack,,"Sun Valley, Idaho",Idaho,United States,,,,mtbproject_trailhead,difficulty=dblack
mtb-7002335,mtbproject,https://www.mtbproject.com/trail/7002335/bench-creek,Bench Creek,44.2907,-115.1625,point_trailhead,44.2907,-115.1625,,,,12.8,4.0,mtbproject_avg,,1,dblack,,"Cascade, Idaho",Idaho,United States,,,,mtbproject_trailhead,difficulty=dblack
mtb-7006783,mtbproject,https://www.mtbproject.com/trail/7006783/thompson-creek-ramey-creek,"Thompson Creek, Ramey Creek",44.3713,-114.7326,point_trailhead,44.3713,-114.7326,,,,22.4,4.0,mtbproject_avg,,1,dblack,,"Challis, Idaho",Idaho,United States,,,,mtbproject_trailhead,difficulty=dblack
mtb-7003374,mtbproject,https://www.mtbproject.com/trail/7003374/east-fork-upper-pahsimeroi,East Fork Upper Pahsimeroi,44.1151,-113.6957,point_trailhead,44.1151,-113.6957,,,,3.9,4.0,mtbproject_avg,,1,dblack,,"Arco, Idaho",Idaho,United States,,,,mtbproject_trailhead,difficulty=dblack
mtb-7003373,mtbproject,https://www.mtbproject.com/trail/7003373/dry-creek,Dry Creek,44.1357,-113.5606,point_trailhead,44.1357,-113.5606,,,,7.8,4.0,mtbproject_avg,,1,dblack,,"Arco, Idaho",Idaho,United States,,,,mtbproject_trailhead,difficulty=dblack
mtb-7034249,mtbproject,https://www.mtbproject.com/trail/7034249/the-rusty-nail,The Rusty Nail,44.2617,-113.1078,point_trailhead,44.2617,-113.1078,,,,16.1,4.0,mtbproject_avg,,1,dblack,,"Dubois, Idaho",Idaho,United States,,,,mtbproject_trailhead,difficulty=dblack
mtb-7033055,mtbproject,https://www.mtbproject.com/trail/7033055/yellowstone-grand-teton-rail-trail-s-fork-rd-to-warm-river-camp,Yellowstone / Grand Teton Rail Trail - S Fork Rd to Warm River Camp,44.5762,-111.1819,point_trailhead,44.5762,-111.1819,,,,40.3,5.0,mtbproject_avg,,1,green,,"West Yellowstone, Montana",Montana,United States,,,,mtbproject_trailhead,difficulty=green
mtb-7018701,mtbproject,https://www.mtbproject.com/trail/7018701/box-canyon-trail,Box Canyon Trail,44.4142,-111.3919,point_trailhead,44.4142,-111.3919,,,,3.0,4.7,mtbproject_avg,,3,greenBlue,,"Island Park, Idaho",Idaho,United States,,,,mtbproject_trailhead,difficulty=greenBlue
mtb-7013833,mtbproject,https://www.mtbproject.com/trail/7013833/cdt-idaho-border-to-targhee-pass-mt-sec-1,CDT: Idaho border to Targhee Pass (MT Sec. 1),44.4081,-111.0519,point_trailhead,44.4081,-111.0519,,,,37.1,5.0,mtbproject_avg,,1,greenBlue,,"Yellowstone, Wyoming",Wyoming,United States,,,,mtbproject_trailhead,difficulty=greenBlue
mtb-7033084,mtbproject,https://www.mtbproject.com/trail/7033084/lone-star-geyser-road,Lone Star Geyser Road,44.4445,-110.8046,point_trailhead,44.4445,-110.8046,,,,2.5,5.0,mtbproject_avg,,1,green,,"Old Faithful Village, Wyoming",Wyoming,United States,,,,mtbproject_trailhead,difficulty=green
mtb-7033083,mtbproject,https://www.mtbproject.com/trail/7033083/old-faithful-lodge-to-morning-glory-pool,Old Faithful Lodge to Morning Glory Pool,44.4595,-110.8262,point_trailhead,44.4595,-110.8262,,,,1.7,5.0,mtbproject_avg,,1,green,,"Old Faithful Village, Wyoming",Wyoming,United States,,,,mtbproject_trailhead,difficulty=green
mtb-7029918,mtbproject,https://www.mtbproject.com/trail/7029918/stonewall-creek-trail,Stonewall Creek Trail,44.0472,-109.0077,point_trailhead,44.0472,-109.0077,,,,2.6,4.0,mtbproject_avg,,1,greenBlue,,"Cody, Wyoming",Wyoming,United States,,,,mtbproject_trailhead,difficulty=greenBlue
mtb-7011986,mtbproject,https://www.mtbproject.com/trail/7011986/clear-creek-trail,Clear Creek Trail,44.3436,-106.7066,point_trailhead,44.3436,-106.7066,,,,7.1,4.7,mtbproject_avg,,3,greenBlue,,"Buffalo, Wyoming",Wyoming,United States,,,,mtbproject_trailhead,difficulty=greenBlue
mtb-7012484,mtbproject,https://www.mtbproject.com/trail/7012484/william-j-mentock-trail,William J. Mentock Trail,44.3357,-106.7564,point_trailhead,44.3357,-106.7564,,,,3.2,4.0,mtbproject_avg,,2,greenBlue,,"Buffalo, Wyoming",Wyoming,United States,,,,mtbproject_trailhead,difficulty=greenBlue
mtb-7029389,mtbproject,https://www.mtbproject.com/trail/7029389/forest-road-512312,Forest Road #512312,44.175,-107.1498,point_trailhead,44.175,-107.1498,,,,2.8,4.0,mtbproject_avg,,1,greenBlue,,"Buffalo, Wyoming",Wyoming,United States,,,,mtbproject_trailhead,difficulty=greenBlue
mtb-643040,mtbproject,https://www.mtbproject.com/trail/643040/bearlodge-cub-course,Bearlodge Cub Course,44.426,-104.4258,point_trailhead,44.426,-104.4258,,,,8.5,5.0,mtbproject_avg,,2,greenBlue,,"Sundance, Wyoming",Wyoming,United States,,,,mtbproject_trailhead,difficulty=greenBlue
mtb-590559,mtbproject,https://www.mtbproject.com/trail/590559/trail-e-carson-draw,Trail E - Carson Draw,44.426,-104.426,point_trailhead,44.426,-104.426,,,,5.2,4.5,mtbproject_avg,,2,green,,"Sundance, Wyoming",Wyoming,United States,,,,mtbproject_trailhead,difficulty=green
mtb-592093,mtbproject,https://www.mtbproject.com/trail/592093/trail-p-west-fork-quarry,Trail P - West Fork Quarry,44.4358,-104.3875,point_trailhead,44.4358,-104.3875,,,,0.7,5.0,mtbproject_avg,,2,green,,"Sundance, Wyoming",Wyoming,United States,,,,mtbproject_trailhead,difficulty=green
mtb-593654,mtbproject,https://www.mtbproject.com/trail/593654/houston-creek,Houston Creek,44.4531,-104.4317,point_trailhead,44.4531,-104.4317,,,,2.5,5.0,mtbproject_avg,,1,dblack,,"Sundance, Wyoming",Wyoming,United States,,,,mtbproject_trailhead,difficulty=dblack
mtb-590291,mtbproject,https://www.mtbproject.com/trail/590291/trail-d-carson-cut-across,Trail D - Carson Cut-Across,44.444,-104.4231,point_trailhead,44.444,-104.4231,,,,0.6,5.0,mtbproject_avg,,1,black,,"Sundance, Wyoming",Wyoming,United States,,,,mtbproject_trailhead,mtbproject type=Connector
mtb-592118,mtbproject,https://www.mtbproject.com/trail/592118/trail-q-whitetail,Trail Q - Whitetail,44.4395,-104.3675,point_trailhead,44.4395,-104.3675,,,,0.6,5.0,mtbproject_avg,,1,black,,"Sundance, Wyoming",Wyoming,United States,,,,mtbproject_trailhead,mtbproject type=Connector
mtb-590913,mtbproject,https://www.mtbproject.com/trail/590913/trail-b-sand-pit,Trail B - Sand Pit,44.453,-104.4318,point_trailhead,44.453,-104.4318,,,,4.8,4.5,mtbproject_avg,,2,green,,"Sundance, Wyoming",Wyoming,United States,,,,mtbproject_trailhead,difficulty=green
mtb-656999,mtbproject,https://www.mtbproject.com/trail/656999/dugout-gulch-botanical-trail-77,Dugout Gulch Botanical Trail #77,44.4805,-104.1185,point_trailhead,44.4805,-104.1185,,,,8.6,4.5,mtbproject_avg,,4,green,,"Beulah, Wyoming",Wyoming,United States,,,,mtbproject_trailhead,difficulty=green
mtb-7034395,mtbproject,https://www.mtbproject.com/trail/7034395/fulton-trailhead-loop,Fulton trailhead loop,44.076,-103.2484,point_trailhead,44.076,-103.2484,,,,5.5,5.0,mtbproject_avg,,1,greenBlue,,"Rapid City, South Dakota",South Dakota,United States,,,,mtbproject_trailhead,difficulty=greenBlue
mtb-7003888,mtbproject,https://www.mtbproject.com/trail/7003888/far-west,Far West,44.0898,-103.2492,point_trailhead,44.0898,-103.2492,,,,1.2,4.0,mtbproject_avg,,2,greenBlue,,"Rapid City, South Dakota",South Dakota,United States,,,,mtbproject_trailhead,difficulty=greenBlue
mtb-7001022,mtbproject,https://www.mtbproject.com/trail/7001022/traverse-des-sioux-trails,Traverse des Sioux Trails,44.3337,-93.9479,point_trailhead,44.3337,-93.9479,,,,8.5,4.0,mtbproject_avg,,3,greenBlue,,"Saint Peter, Minnesota",Minnesota,United States,,,,mtbproject_trailhead,difficulty=greenBlue
mtb-7006519,mtbproject,https://www.mtbproject.com/trail/7006519/select-cut,Select Cut,44.4734,-90.7396,point_trailhead,44.4734,-90.7396,,,,1.3,4.0,mtbproject_avg,,1,greenBlue,,"Neillsville, Wisconsin",Wisconsin,United States,,,,mtbproject_trailhead,difficulty=greenBlue
mtb-7006539,mtbproject,https://www.mtbproject.com/trail/7006539/dead-turkey,Dead Turkey,44.4772,-90.7375,point_trailhead,44.4772,-90.7375,,,,0.4,4.0,mtbproject_avg,,1,green,,"Neillsville, Wisconsin",Wisconsin,United States,,,,mtbproject_trailhead,difficulty=green
mtb-4235719,mtbproject,https://www.mtbproject.com/trail/4235719/blue-trail,Blue Trail,44.3149,-89.2267,point_trailhead,44.3149,-89.2267,,,,3.2,4.8,mtbproject_avg,,4,greenBlue,,"King, Wisconsin",Wisconsin,United States,,,,mtbproject_trailhead,difficulty=greenBlue
mtb-4235575,mtbproject,https://www.mtbproject.com/trail/4235575/green-trail,Green Trail,44.3184,-89.2238,point_trailhead,44.3184,-89.2238,,,,3.2,4.7,mtbproject_avg,,3,green,,"King, Wisconsin",Wisconsin,United States,,,,mtbproject_trailhead,difficulty=green
mtb-7011024,mtbproject,https://www.mtbproject.com/trail/7011024/fox-trot-trail,Fox Trot Trail,44.2497,-88.4076,point_trailhead,44.2497,-88.4076,,,,0.5,4.5,mtbproject_avg,,2,green,,"Appleton, Wisconsin",Wisconsin,United States,,,,mtbproject_trailhead,difficulty=green
mtb-7014124,mtbproject,https://www.mtbproject.com/trail/7014124/sky-pilot,Sky Pilot,44.1981,-86.0961,point_trailhead,44.1981,-86.0961,,,,1.8,5.0,mtbproject_avg,,1,greenBlue,,"Manistee, Michigan",Michigan,United States,,,,mtbproject_trailhead,difficulty=greenBlue
mtb-7014127,mtbproject,https://www.mtbproject.com/trail/7014127/shanty-boy,Shanty Boy,44.2152,-86.1064,point_trailhead,44.2152,-86.1064,,,,2.4,4.0,mtbproject_avg,,1,greenBlue,,"Manistee, Michigan",Michigan,United States,,,,mtbproject_trailhead,difficulty=greenBlue
mtb-7014250,mtbproject,https://www.mtbproject.com/trail/7014250/gabriels-horn,Gabriel's Horn,44.2222,-86.0758,point_trailhead,44.2222,-86.0758,,,,1.6,4.0,mtbproject_avg,,1,greenBlue,,"Manistee, Michigan",Michigan,United States,,,,mtbproject_trailhead,difficulty=greenBlue
mtb-7028032,mtbproject,https://www.mtbproject.com/trail/7028032/ohp-trail-18-13,OHP Trail 18 - 13,44.3614,-84.2087,point_trailhead,44.3614,-84.2087,,,,0.6,4.0,mtbproject_avg,,1,green,,"West Branch, Michigan",Michigan,United States,,,,mtbproject_trailhead,difficulty=green
mtb-7028051,mtbproject,https://www.mtbproject.com/trail/7028051/ohp-trail-11-12,OHP Trail 11 - 12,44.3525,-84.2165,point_trailhead,44.3525,-84.2165,,,,0.4,4.0,mtbproject_avg,,1,green,,"West Branch, Michigan",Michigan,United States,,,,mtbproject_trailhead,difficulty=green
mtb-7028041,mtbproject,https://www.mtbproject.com/trail/7028041/ohp-trail-3-24,OHP Trail 3 - 24,44.3449,-84.2245,point_trailhead,44.3449,-84.2245,,,,0.6,4.0,mtbproject_avg,,1,greenBlue,,"West Branch, Michigan",Michigan,United States,,,,mtbproject_trailhead,difficulty=greenBlue
mtb-7028055,mtbproject,https://www.mtbproject.com/trail/7028055/ohp-trail-21-22,OHP Trail 21 - 22,44.3567,-84.2148,point_trailhead,44.3567,-84.2148,,,,0.2,4.0,mtbproject_avg,,1,green,,"West Branch, Michigan",Michigan,United States,,,,mtbproject_trailhead,difficulty=green
mtb-7027657,mtbproject,https://www.mtbproject.com/trail/7027657/yellow-trail,Yellow Trail,43.2456,-77.471,point_trailhead,43.2456,-77.471,,,,0.5,4.0,mtbproject_avg,,1,green,,"Webster, New York",New York,United States,,,,mtbproject_trailhead,difficulty=green
mtb-7007722,mtbproject,https://www.mtbproject.com/trail/7007722/seeger-rd,Seeger Rd,40.6956,-77.7583,point_trailhead,40.6956,-77.7583,,,,3.8,4.0,mtbproject_avg,,1,greenBlue,,"Boalsburg, Pennsylvania",Pennsylvania,United States,,,,mtbproject_trailhead,difficulty=greenBlue
mtb-7007705,mtbproject,https://www.mtbproject.com/trail/7007705/kettle-rd,Kettle Rd,40.696,-77.6803,point_trailhead,40.696,-77.6803,,,,2.0,4.0,mtbproject_avg,,1,greenBlue,,"Church Hill, Pennsylvania",Pennsylvania,United States,,,,mtbproject_trailhead,difficulty=greenBlue
mtb-7019220,mtbproject,https://www.mtbproject.com/trail/7019220/main-connector,Main Connector,44.2638,-73.9821,point_trailhead,44.2638,-73.9821,,,,2.2,5.0,mtbproject_avg,,1,green,,"Lake Placid, New York",New York,United States,,,,mtbproject_trailhead,difficulty=green
mtb-7019275,mtbproject,https://www.mtbproject.com/trail/7019275/plateau-trail,Plateau Trail,44.2589,-73.9871,point_trailhead,44.2589,-73.9871,,,,0.9,5.0,mtbproject_avg,,1,green,,"Lake Placid, New York",New York,United States,,,,mtbproject_trailhead,difficulty=green
mtb-5228590,mtbproject,https://www.mtbproject.com/trail/5228590/loop-3,Loop 3,44.2903,-73.9398,point_trailhead,44.2903,-73.9398,,,,0.5,4.0,mtbproject_avg,,4,dblack,,"Lake Placid, New York",New York,United States,,,,mtbproject_trailhead,difficulty=dblack
mtb-7023083,mtbproject,https://www.mtbproject.com/trail/7023083/poppa-wheelie,Poppa Wheelie,44.2512,-73.9439,point_trailhead,44.2512,-73.9439,,,,0.2,4.0,mtbproject_avg,,1,greenBlue,,"Lake Placid, New York",New York,United States,,,,mtbproject_trailhead,difficulty=greenBlue
mtb-7023080,mtbproject,https://www.mtbproject.com/trail/7023080/back-nine,Back Nine,44.2525,-73.9473,point_trailhead,44.2525,-73.9473,,,,0.8,4.0,mtbproject_avg,,1,greenBlue,,"Lake Placid, New York",New York,United States,,,,mtbproject_trailhead,difficulty=greenBlue
mtb-7020627,mtbproject,https://www.mtbproject.com/trail/7020627/island-line-trail,Island Line Trail,44.4512,-73.2267,point_trailhead,44.4512,-73.2267,,,,13.9,5.0,mtbproject_avg,,1,green,,"Burlington, Vermont",Vermont,United States,,,,mtbproject_trailhead,difficulty=green
mtb-5984377,mtbproject,https://www.mtbproject.com/trail/5984377/blueberry-lake-loop,Blueberry Lake Loop,44.0799,-72.8383,point_trailhead,44.0799,-72.8383,,,,4.2,4.4,mtbproject_avg,,7,greenBlue,,"Warren, Vermont",Vermont,United States,,,,mtbproject_trailhead,difficulty=greenBlue
mtb-5755837,mtbproject,https://www.mtbproject.com/trail/5755837/short-catamount-loop,Short Catamount Loop,44.448,-73.049,point_trailhead,44.448,-73.049,,,,4.3,4.5,mtbproject_avg,,4,greenBlue,,"Williston, Vermont",Vermont,United States,,,,mtbproject_trailhead,difficulty=greenBlue
mtb-7012911,mtbproject,https://www.mtbproject.com/trail/7012911/dels-ride-with-some-surprises,Dels Ride with Some Surprises,44.3526,-73.0305,point_trailhead,44.3526,-73.0305,,,,19.2,4.5,mtbproject_avg,,2,dblack,,"Hinesburg, Vermont",Vermont,United States,,,,mtbproject_trailhead,difficulty=dblack
mtb-7003832,mtbproject,https://www.mtbproject.com/trail/7003832/freefall,Freefall,44.4912,-73.0286,point_trailhead,44.4912,-73.0286,,,,0.3,5.0,mtbproject_avg,,1,blueBlack,,"Jericho, Vermont",Vermont,United States,,,,mtbproject_trailhead,mtbproject type=Connector
mtb-5984654,mtbproject,https://www.mtbproject.com/trail/5984654/worm-bermer,Worm Bermer,44.0799,-72.8383,point_trailhead,44.0799,-72.8383,,,,0.8,5.0,mtbproject_avg,,1,greenBlue,,"Warren, Vermont",Vermont,United States,,,,mtbproject_trailhead,difficulty=greenBlue
mtb-5984504,mtbproject,https://www.mtbproject.com/trail/5984504/field-loop,Field Loop,44.0799,-72.8401,point_trailhead,44.0799,-72.8401,,,,0.7,4.5,mtbproject_avg,,2,green,,"Warren, Vermont",Vermont,United States,,,,mtbproject_trailhead,difficulty=green
mtb-4020360,mtbproject,https://www.mtbproject.com/trail/4020360/vortex,Vortex,44.1638,-72.4819,point_trailhead,44.1638,-72.4819,,,,0.2,5.0,mtbproject_avg,,2,dblack,,"South Barre, Vermont",Vermont,United States,,,,mtbproject_trailhead,difficulty=dblack
mtb-5379232,mtbproject,https://www.mtbproject.com/trail/5379232/the-cady-hill-connector,The Cady Hill Connector,44.4572,-72.7062,point_trailhead,44.4572,-72.7062,,,,1.0,5.0,mtbproject_avg,,1,greenBlue,,"Stowe, Vermont",Vermont,United States,,,,mtbproject_trailhead,difficulty=greenBlue
mtb-6042821,mtbproject,https://www.mtbproject.com/trail/6042821/joes-trail,Joe's Trail,44.3309,-72.7249,point_trailhead,44.3309,-72.7249,,,,1.1,5.0,mtbproject_avg,,1,dblack,,"Waterbury, Vermont",Vermont,United States,,,,mtbproject_trailhead,difficulty=dblack
mtb-6042533,mtbproject,https://www.mtbproject.com/trail/6042533/rasta-man,Rasta Man,44.3305,-72.7229,point_trailhead,44.3305,-72.7229,,,,2.0,4.5,mtbproject_avg,,2,dblack,,"Waterbury, Vermont",Vermont,United States,,,,mtbproject_trailhead,difficulty=dblack
mtb-5518132,mtbproject,https://www.mtbproject.com/trail/5518132/owls-ridge,Owl's Ridge,44.4589,-72.7127,point_trailhead,44.4589,-72.7127,,,,0.5,4.5,mtbproject_avg,,2,dblack,,"Stowe, Vermont",Vermont,United States,,,,mtbproject_trailhead,difficulty=dblack
mtb-7016036,mtbproject,https://www.mtbproject.com/trail/7016036/saco-river-trail,Saco River Trail,44.0854,-71.2296,point_trailhead,44.0854,-71.2296,,,,3.6,4.0,mtbproject_avg,,1,green,,"Bartlett, New Hampshire",New Hampshire,United States,,,,mtbproject_trailhead,difficulty=green
mtb-4328841,mtbproject,https://www.mtbproject.com/trail/4328841/upper-stony-ridge-eastern-lollipop-ascent,Upper Stony Ridge Eastern Lollipop Ascent,44.0462,-71.1775,point_trailhead,44.0462,-71.1775,,,,0.4,5.0,mtbproject_avg,,1,blueBlack,,"North Conway, New Hampshire",New Hampshire,United States,,,,mtbproject_trailhead,mtbproject type=Connector
mtb-7029304,mtbproject,https://www.mtbproject.com/trail/7029304/bingham-loop-connector,Bingham Loop Connector,44.3967,-70.7856,point_trailhead,44.3967,-70.7856,,,,0.5,4.0,mtbproject_avg,,5,greenBlue,,"Bethel, Maine",Maine,United States,,,,mtbproject_trailhead,difficulty=greenBlue
mtb-4041677,mtbproject,https://www.mtbproject.com/trail/4041677/1-oh-chute-trail,1. Oh Chute Trail,44.2157,-69.1334,point_trailhead,44.2157,-69.1334,,,,0.3,5.0,mtbproject_avg,,1,green,,"Camden, Maine",Maine,United States,,,,mtbproject_trailhead,difficulty=green
mtb-4041283,mtbproject,https://www.mtbproject.com/trail/4041283/6-freebooter-trail,6. Freebooter Trail,44.2131,-69.1386,point_trailhead,44.2131,-69.1386,,,,0.1,5.0,mtbproject_avg,,1,blue,,"Camden, Maine",Maine,United States,,,,mtbproject_trailhead,mtbproject type=Connector
mtb-4102585,mtbproject,https://www.mtbproject.com/trail/4102585/3-22-tacks-trail,3. 22 Tacks Trail,44.2157,-69.1335,point_trailhead,44.2157,-69.1335,,,,1.8,4.5,mtbproject_avg,,2,green,,"Camden, Maine",Maine,United States,,,,mtbproject_trailhead,difficulty=green
mtb-7029308,mtbproject,https://www.mtbproject.com/trail/7029308/around-the-lake-eagle-lake-carriage-road,Around The Lake (Eagle Lake Carriage Road),44.3766,-68.2507,point_trailhead,44.3766,-68.2507,,,,6.0,4.5,mtbproject_avg,,2,greenBlue,,"Bar Harbor, Maine",Maine,United States,,,,mtbproject_trailhead,difficulty=greenBlue
mtb-7013200,mtbproject,https://www.mtbproject.com/trail/7013200/upper-mountain,Upper Mountain,44.3303,-68.289,point_trailhead,44.3303,-68.289,,,,3.8,4.0,mtbproject_avg,,1,green,,"Bar Harbor, Maine",Maine,United States,,,,mtbproject_trailhead,difficulty=green
mtb-7013191,mtbproject,https://www.mtbproject.com/trail/7013191/witch-hole-connector,Witch Hole Connector,44.3775,-68.2533,point_trailhead,44.3775,-68.2533,,,,1.2,4.0,mtbproject_avg,,1,green,,"Bar Harbor, Maine",Maine,United States,,,,mtbproject_trailhead,difficulty=green
mtb-5379122,mtbproject,https://www.mtbproject.com/trail/5379122/cady-hill-climb,Cady Hill Climb,44.4732,-72.6949,point_trailhead,44.4732,-72.6949,,,,0.6,4.0,mtbproject_avg,,1,greenBlue,,"Stowe, Vermont",Vermont,United States,,,,mtbproject_trailhead,difficulty=greenBlue
mtb-4041312,mtbproject,https://www.mtbproject.com/trail/4041312/9-hornswaggle-trail,9. Hornswaggle Trail,44.2133,-69.1359,point_trailhead,44.2133,-69.1359,,,,0.2,4.0,mtbproject_avg,,1,blue,,"Camden, Maine",Maine,United States,,,,mtbproject_trailhead,mtbproject type=Connector
mtb-7024130,mtbproject,https://www.mtbproject.com/trail/7024130/bonzai-downhill,Bonzai Downhill,44.8912,-123.4835,point_trailhead,44.8912,-123.4835,,,,2.2,4.5,mtbproject_avg,,2,greenBlue,,"Falls City, Oregon",Oregon,United States,,,,mtbproject_trailhead,difficulty=greenBlue
mtb-7031803,mtbproject,https://www.mtbproject.com/trail/7031803/newt-loop,Newt Loop,44.8523,-122.6583,point_trailhead,44.8523,-122.6583,,,,1.3,5.0,mtbproject_avg,,1,green,,"Lyons, Oregon",Oregon,United States,,,,mtbproject_trailhead,difficulty=green
mtb-7030464,mtbproject,https://www.mtbproject.com/trail/7030464/upper-catamount-trail,Upper Catamount Trail,44.8339,-122.6034,point_trailhead,44.8339,-122.6034,,,,0.7,5.0,mtbproject_avg,,1,greenBlue,,"Lyons, Oregon",Oregon,United States,,,,mtbproject_trailhead,difficulty=greenBlue
mtb-7004014,mtbproject,https://www.mtbproject.com/trail/7004014/twin-lakes-trail,Twin Lakes Trail,44.8107,-118.0815,point_trailhead,44.8107,-118.0815,,,,4.3,4.5,mtbproject_avg,,2,dblack,,"Baker City, Oregon",Oregon,United States,,,,mtbproject_trailhead,difficulty=dblack
mtb-7004027,mtbproject,https://www.mtbproject.com/trail/7004027/phillips-lake-north-shore-trail,Phillips Lake North Shore Trail,44.6732,-118.0004,point_trailhead,44.6732,-118.0004,,,,6.9,4.0,mtbproject_avg,,2,greenBlue,,"Baker City, Oregon",Oregon,United States,,,,mtbproject_trailhead,difficulty=greenBlue
mtb-7025782,mtbproject,https://www.mtbproject.com/trail/7025782/west-pine-recreational-trail,West Pine Recreational Trail,44.9892,-116.3451,point_trailhead,44.9892,-116.3451,,,,1.3,5.0,mtbproject_avg,,1,green,,"McCall, Idaho",Idaho,United States,,,,mtbproject_trailhead,difficulty=green
mtb-7024763,mtbproject,https://www.mtbproject.com/trail/7024763/pura-vida-pure-life,Pura Vida (Pure Life),44.6824,-116.1496,point_trailhead,44.6824,-116.1496,,,,1.5,5.0,mtbproject_avg,,2,greenBlue,,"Cascade, Idaho",Idaho,United States,,,,mtbproject_trailhead,difficulty=greenBlue
mtb-7024735,mtbproject,https://www.mtbproject.com/trail/7024735/stage-fright,Stage Fright,44.6784,-116.1366,point_trailhead,44.6784,-116.1366,,,,0.1,5.0,mtbproject_avg,,1,dblack,,"Cascade, Idaho",Idaho,United States,,,,mtbproject_trailhead,difficulty=dblack
mtb-7024768,mtbproject,https://www.mtbproject.com/trail/7024768/franks-road,Frank's Road,44.694,-116.1238,point_trailhead,44.694,-116.1238,,,,3.1,5.0,mtbproject_avg,,1,greenBlue,,"McCall, Idaho",Idaho,United States,,,,mtbproject_trailhead,difficulty=greenBlue
mtb-7024773,mtbproject,https://www.mtbproject.com/trail/7024773/los-azulejos-great-tequila,Los AzuLejos (Great Tequila),44.6789,-116.1369,point_trailhead,44.6789,-116.1369,,,,0.8,5.0,mtbproject_avg,,1,green,,"Cascade, Idaho",Idaho,United States,,,,mtbproject_trailhead,difficulty=green
mtb-7024771,mtbproject,https://www.mtbproject.com/trail/7024771/apollo,Apollo,44.68,-116.1399,point_trailhead,44.68,-116.1399,,,,0.8,5.0,mtbproject_avg,,1,green,,"Cascade, Idaho",Idaho,United States,,,,mtbproject_trailhead,difficulty=green
mtb-7002831,mtbproject,https://www.mtbproject.com/trail/7002831/south-fork-buckhorn-creek,South Fork Buckhorn Creek,44.8326,-115.8193,point_trailhead,44.8326,-115.8193,,,,2.9,5.0,mtbproject_avg,,1,dblack,,"McCall, Idaho",Idaho,United States,,,,mtbproject_trailhead,difficulty=dblack
mtb-7004452,mtbproject,https://www.mtbproject.com/trail/7004452/exfoliator-freeride-trail,Exfoliator Freeride Trail,44.8389,-116.0164,point_trailhead,44.8389,-116.0164,,,,0.2,5.0,mtbproject_avg,,1,dblack,,"McCall, Idaho",Idaho,United States,,,,mtbproject_trailhead,difficulty=dblack
mtb-7002830,mtbproject,https://www.mtbproject.com/trail/7002830/north-fork-kennally-creek,North Fork Kennally Creek,44.868,-115.9308,point_trailhead,44.868,-115.9308,,,,12.5,4.5,mtbproject_avg,,2,dblack,,"McCall, Idaho",Idaho,United States,,,,mtbproject_trailhead,difficulty=dblack
mtb-7002835,mtbproject,https://www.mtbproject.com/trail/7002835/buckhorn-creek,Buckhorn Creek,44.8677,-115.9235,point_trailhead,44.8677,-115.9235,,,,12.5,4.5,mtbproject_avg,,2,dblack,,"McCall, Idaho",Idaho,United States,,,,mtbproject_trailhead,difficulty=dblack
mtb-7024766,mtbproject,https://www.mtbproject.com/trail/7024766/summit-road,Summit Road,44.6717,-116.1285,point_trailhead,44.6717,-116.1285,,,,7.1,4.5,mtbproject_avg,,2,greenBlue,,"Cascade, Idaho",Idaho,United States,,,,mtbproject_trailhead,difficulty=greenBlue
mtb-7001766,mtbproject,https://www.mtbproject.com/trail/7001766/elk-trail,Elk Trail,45.0063,-116.1346,point_trailhead,45.0063,-116.1346,,,,5.4,4.3,mtbproject_avg,,3,greenBlue,,"McCall, Idaho",Idaho,United States,,,,mtbproject_trailhead,difficulty=greenBlue
mtb-7023859,mtbproject,https://www.mtbproject.com/trail/7023859/huckleberry-trail,Huckleberry Trail,44.9272,-116.0751,point_trailhead,44.9272,-116.0751,,,,3.4,4.0,mtbproject_avg,,7,greenBlue,,"McCall, Idaho",Idaho,United States,,,,mtbproject_trailhead,difficulty=greenBlue
mtb-7015165,mtbproject,https://www.mtbproject.com/trail/7015165/shoreline-trail,Shoreline Trail,44.8385,-116.0062,point_trailhead,44.8385,-116.0062,,,,1.7,4.0,mtbproject_avg,,2,greenBlue,,"McCall, Idaho",Idaho,United States,,,,mtbproject_trailhead,difficulty=greenBlue
mtb-7031640,mtbproject,https://www.mtbproject.com/trail/7031640/north-elk,North Elk,44.8417,-116.0212,point_trailhead,44.8417,-116.0212,,,,0.5,4.0,mtbproject_avg,,2,greenBlue,,"McCall, Idaho",Idaho,United States,,,,mtbproject_trailhead,difficulty=greenBlue
mtb-7024860,mtbproject,https://www.mtbproject.com/trail/7024860/mccall-mountain-bike-skills-park,McCall Mountain Bike Skills Park,44.9071,-116.1014,point_trailhead,44.9071,-116.1014,,,,0.2,4.0,mtbproject_avg,,1,greenBlue,,"McCall, Idaho",Idaho,United States,,,,mtbproject_trailhead,difficulty=greenBlue
mtb-7024767,mtbproject,https://www.mtbproject.com/trail/7024767/rock-star,Rock Star,44.68,-116.1399,point_trailhead,44.68,-116.1399,,,,0.3,4.0,mtbproject_avg,,1,dblack,,"Cascade, Idaho",Idaho,United States,,,,mtbproject_trailhead,difficulty=dblack
mtb-7024769,mtbproject,https://www.mtbproject.com/trail/7024769/waltz,Waltz,44.682,-116.1478,point_trailhead,44.682,-116.1478,,,,2.4,4.0,mtbproject_avg,,1,greenBlue,,"Cascade, Idaho",Idaho,United States,,,,mtbproject_trailhead,difficulty=greenBlue
mtb-7024859,mtbproject,https://www.mtbproject.com/trail/7024859/baby-bear,Baby Bear,44.9348,-116.153,point_trailhead,44.9348,-116.153,,,,0.6,4.0,mtbproject_avg,,1,green,,"McCall, Idaho",Idaho,United States,,,,mtbproject_trailhead,difficulty=green
mtb-6121503,mtbproject,https://www.mtbproject.com/trail/6121503/sleepy-hollow,Sleepy Hollow,44.9392,-116.1542,point_trailhead,44.9392,-116.1542,,,,0.5,3.8,mtbproject_avg,,5,greenBlue,,"McCall, Idaho",Idaho,United States,,,,mtbproject_trailhead,difficulty=greenBlue
mtb-7002832,mtbproject,https://www.mtbproject.com/trail/7002832/cougar-saddle,Cougar Saddle,44.8325,-115.8391,point_trailhead,44.8325,-115.8391,,,,2.1,4.0,mtbproject_avg,,1,dblack,,"McCall, Idaho",Idaho,United States,,,,mtbproject_trailhead,difficulty=dblack
mtb-6351561,mtbproject,https://www.mtbproject.com/trail/6351561/fountain-pot-trail-fountain-freight-road,Fountain Pot Trail (Fountain Freight Road),44.5671,-110.8353,point_trailhead,44.5671,-110.8353,,,,4.1,5.0,mtbproject_avg,,1,green,,"Madison Junction, Wyoming",Wyoming,United States,,,,mtbproject_trailhead,difficulty=green
mtb-7033082,mtbproject,https://www.mtbproject.com/trail/7033082/riverside-trail,Riverside Trail,44.6594,-111.0972,point_trailhead,44.6594,-111.0972,,,,1.2,5.0,mtbproject_avg,,1,green,,"West Yellowstone, Montana",Montana,United States,,,,mtbproject_trailhead,difficulty=green
mtb-7027277,mtbproject,https://www.mtbproject.com/trail/7027277/mount-washburnchittenden-rd,Mount Washburn/Chittenden Rd.,44.8237,-110.4457,point_trailhead,44.8237,-110.4457,,,,2.9,4.0,mtbproject_avg,,1,greenBlue,,"Tower Junction, Wyoming",Wyoming,United States,,,,mtbproject_trailhead,difficulty=greenBlue
mtb-7033090,mtbproject,https://www.mtbproject.com/trail/7033090/old-chittenden-road-to-tower-falls-camp,Old Chittenden Road to Tower Falls Camp,44.8683,-110.4065,point_trailhead,44.8683,-110.4065,,,,2.1,5.0,mtbproject_avg,,1,green,,"Tower Junction, Wyoming",Wyoming,United States,,,,mtbproject_trailhead,difficulty=green
mtb-7033089,mtbproject,https://www.mtbproject.com/trail/7033089/chittenden-cut-off,Chittenden Cut-off,44.8245,-110.4446,point_trailhead,44.8245,-110.4446,,,,0.2,5.0,mtbproject_avg,,1,green,,"Tower Junction, Wyoming",Wyoming,United States,,,,mtbproject_trailhead,difficulty=green
mtb-7033088,mtbproject,https://www.mtbproject.com/trail/7033088/lake-village-trail,Lake Village Trail,44.5511,-110.3943,point_trailhead,44.5511,-110.3943,,,,1.3,5.0,mtbproject_avg,,1,green,,"Lake Village, Wyoming",Wyoming,United States,,,,mtbproject_trailhead,difficulty=green
mtb-7033085,mtbproject,https://www.mtbproject.com/trail/7033085/natural-bridge-trail,Natural Bridge Trail,44.5306,-110.4363,point_trailhead,44.5306,-110.4363,,,,1.1,5.0,mtbproject_avg,,1,green,,"Lake Village, Wyoming",Wyoming,United States,,,,mtbproject_trailhead,difficulty=green
mtb-7033081,mtbproject,https://www.mtbproject.com/trail/7033081/old-gardiner-road,Old Gardiner Road,44.9774,-110.7013,point_trailhead,44.9774,-110.7013,,,,4.2,5.0,mtbproject_avg,,1,green,,"Mammoth Hot Springs, Wyoming",Wyoming,United States,,,,mtbproject_trailhead,difficulty=green
mtb-7008436,mtbproject,https://www.mtbproject.com/trail/7008436/final-approach,Final Approach,44.4954,-109.0485,point_trailhead,44.4954,-109.0485,,,,1.4,5.0,mtbproject_avg,,2,greenBlue,,"Cody, Wyoming",Wyoming,United States,,,,mtbproject_trailhead,difficulty=greenBlue
mtb-7008270,mtbproject,https://www.mtbproject.com/trail/7008270/daily-grind,Daily Grind,44.5064,-109.044,point_trailhead,44.5064,-109.044,,,,2.0,5.0,mtbproject_avg,,2,green,,"Cody, Wyoming",Wyoming,United States,,,,mtbproject_trailhead,difficulty=green
mtb-7008448,mtbproject,https://www.mtbproject.com/trail/7008448/upslope,Upslope,44.5088,-109.0726,point_trailhead,44.5088,-109.0726,,,,0.9,5.0,mtbproject_avg,,1,greenBlue,,"Cody, Wyoming",Wyoming,United States,,,,mtbproject_trailhead,difficulty=greenBlue
mtb-3608995,mtbproject,https://www.mtbproject.com/trail/3608995/redneck-jungle,Redneck Jungle,44.5512,-109.1173,point_trailhead,44.5512,-109.1173,,,,1.4,5.0,mtbproject_avg,,1,green,,"Cody, Wyoming",Wyoming,United States,,,,mtbproject_trailhead,difficulty=green
mtb-7013434,mtbproject,https://www.mtbproject.com/trail/7013434/the-good-life,The Good Life,44.5088,-109.0484,point_trailhead,44.5088,-109.0484,,,,0.3,5.0,mtbproject_avg,,1,green,,"Cody, Wyoming",Wyoming,United States,,,,mtbproject_trailhead,difficulty=green
mtb-7029205,mtbproject,https://www.mtbproject.com/trail/7029205/expert-jump-line,Expert Jump Line,44.5098,-109.0502,point_trailhead,44.5098,-109.0502,,,,0.1,4.5,mtbproject_avg,,2,dblack,,"Cody, Wyoming",Wyoming,United States,,,,mtbproject_trailhead,difficulty=dblack
mtb-7029203,mtbproject,https://www.mtbproject.com/trail/7029203/beginner-jump-line,Beginner Jump Line,44.5098,-109.051,point_trailhead,44.5098,-109.051,,,,0.1,4.5,mtbproject_avg,,2,greenBlue,,"Cody, Wyoming",Wyoming,United States,,,,mtbproject_trailhead,difficulty=greenBlue
mtb-7029051,mtbproject,https://www.mtbproject.com/trail/7029051/pump-track,Pump Track,44.5105,-109.0515,point_trailhead,44.5105,-109.0515,,,,0.1,4.0,mtbproject_avg,,1,greenBlue,,"Cody, Wyoming",Wyoming,United States,,,,mtbproject_trailhead,difficulty=greenBlue
mtb-591518,mtbproject,https://www.mtbproject.com/trail/591518/trail-m-sheepnose-mountain,Trail M - Sheepnose Mountain,44.5049,-104.4046,point_trailhead,44.5049,-104.4046,,,,2.2,4.3,mtbproject_avg,,3,greenBlue,,"Sundance, Wyoming",Wyoming,United States,,,,mtbproject_trailhead,difficulty=greenBlue
mtb-7030390,mtbproject,https://www.mtbproject.com/trail/7030390/ferry-bridge-to-9-mile-creek,Ferry Bridge to 9 Mile Creek,44.7994,-93.3872,point_trailhead,44.7994,-93.3872,,,,10.2,5.0,mtbproject_avg,,1,greenBlue,,"Savage, Minnesota",Minnesota,United States,,,,mtbproject_trailhead,difficulty=greenBlue
mtb-7016269,mtbproject,https://www.mtbproject.com/trail/7016269/minnesota-river-bottoms,Minnesota River Bottoms,44.8877,-93.1674,point_trailhead,44.8877,-93.1674,,,,11.9,3.8,mtbproject_avg,,5,greenBlue,,"Mendota Heights, Minnesota",Minnesota,United States,,,,mtbproject_trailhead,difficulty=greenBlue
mtb-7028718,mtbproject,https://www.mtbproject.com/trail/7028718/minnesota-river-bottoms-shuttle,Minnesota River Bottoms Shuttle,44.8588,-93.2183,point_trailhead,44.8588,-93.2183,,,,7.7,3.8,mtbproject_avg,,4,greenBlue,,"Richfield, Minnesota",Minnesota,United States,,,,mtbproject_trailhead,difficulty=greenBlue
mtb-6126495,mtbproject,https://www.mtbproject.com/trail/6126495/minnesota-river-bottoms-lyndale-ave-to-bloomington-ferry-rd,Minnesota River Bottoms - Lyndale Ave to Bloomington Ferry Rd,44.799,-93.3864,point_trailhead,44.799,-93.3864,,,,7.1,4.5,mtbproject_avg,,10,greenBlue,,"Savage, Minnesota",Minnesota,United States,,,,mtbproject_trailhead,difficulty=greenBlue
mtb-5962664,mtbproject,https://www.mtbproject.com/trail/5962664/glenwood-loop,Glenwood Loop,44.98,-93.3283,point_trailhead,44.98,-93.3283,,,,0.8,4.3,mtbproject_avg,,16,greenBlue,,"Golden Valley, Minnesota",Minnesota,United States,,,,mtbproject_trailhead,difficulty=greenBlue
mtb-5962634,mtbproject,https://www.mtbproject.com/trail/5962634/south-loop,South Loop,44.9878,-93.327,point_trailhead,44.9878,-93.327,,,,0.8,3.8,mtbproject_avg,,12,greenBlue,,"Golden Valley, Minnesota",Minnesota,United States,,,,mtbproject_trailhead,difficulty=greenBlue
mtb-7000266,mtbproject,https://www.mtbproject.com/trail/7000266/minnesota-river-bottoms-77cedar-segment,Minnesota River Bottoms - 77/Cedar Segment,44.807,-93.2834,point_trailhead,44.807,-93.2834,,,,3.4,4.0,mtbproject_avg,,1,green,,"Burnsville, Minnesota",Minnesota,United States,,,,mtbproject_trailhead,difficulty=green
mtb-7028094,mtbproject,https://www.mtbproject.com/trail/7028094/salem-hills-mtn-bike-trail,Salem Hills Mtn Bike Trail,44.8656,-93.0734,point_trailhead,44.8656,-93.0734,,,,4.4,3.8,mtbproject_avg,,5,green,,"Inver Grove Heights, Minnesota",Minnesota,United States,,,,mtbproject_trailhead,difficulty=green
mtb-3862952,mtbproject,https://www.mtbproject.com/trail/3862952/upper-beginner-loop-green-at-lebanon-hills,Upper Beginner Loop (Green) at Lebanon Hills,44.7812,-93.1909,point_trailhead,44.7812,-93.1909,,,,1.1,4.7,mtbproject_avg,,3,green,,"Eagan, Minnesota",Minnesota,United States,,,,mtbproject_trailhead,difficulty=green
mtb-3863393,mtbproject,https://www.mtbproject.com/trail/3863393/beginner-loop-green-trail,Beginner Loop (Green) Trail,44.7814,-93.1886,point_trailhead,44.7814,-93.1886,,,,0.6,4.5,mtbproject_avg,,2,green,,"Eagan, Minnesota",Minnesota,United States,,,,mtbproject_trailhead,difficulty=green
mtb-7002459,mtbproject,https://www.mtbproject.com/trail/7002459/blitzkreig-bop,BlitzKreig Bop,44.5601,-92.5134,point_trailhead,44.5601,-92.5134,,,,0.3,4.0,mtbproject_avg,,1,greenBlue,,"Red Wing, Minnesota",Minnesota,United States,,,,mtbproject_trailhead,difficulty=greenBlue
mtb-7028345,mtbproject,https://www.mtbproject.com/trail/7028345/the-coast,The Coast,44.9057,-91.8966,point_trailhead,44.9057,-91.8966,,,,0.6,4.0,mtbproject_avg,,1,green,,"Menomonie, Wisconsin",Wisconsin,United States,,,,mtbproject_trailhead,difficulty=green
mtb-7012314,mtbproject,https://www.mtbproject.com/trail/7012314/tunnels,Tunnels,44.7568,-91.4719,point_trailhead,44.7568,-91.4719,,,,0.6,5.0,mtbproject_avg,,1,greenBlue,,"Altoona, Wisconsin",Wisconsin,United States,,,,mtbproject_trailhead,difficulty=greenBlue
mtb-7011550,mtbproject,https://www.mtbproject.com/trail/7011550/whoops,Whoops,44.753,-91.4551,point_trailhead,44.753,-91.4551,,,,0.2,5.0,mtbproject_avg,,1,greenBlue,,"Altoona, Wisconsin",Wisconsin,United States,,,,mtbproject_trailhead,difficulty=greenBlue
mtb-7011842,mtbproject,https://www.mtbproject.com/trail/7011842/ridgeline,Ridgeline,44.755,-91.4666,point_trailhead,44.755,-91.4666,,,,0.2,5.0,mtbproject_avg,,1,blue,,"Altoona, Wisconsin",Wisconsin,United States,,,,mtbproject_trailhead,mtbproject type=Connector
mtb-7011002,mtbproject,https://www.mtbproject.com/trail/7011002/dazed,Dazed,44.7581,-91.4661,point_trailhead,44.7581,-91.4661,,,,0.7,4.0,mtbproject_avg,,2,green,,"Altoona, Wisconsin",Wisconsin,United States,,,,mtbproject_trailhead,difficulty=green
mtb-7011012,mtbproject,https://www.mtbproject.com/trail/7011012/the-pines,The Pines,44.7565,-91.4647,point_trailhead,44.7565,-91.4647,,,,0.3,4.0,mtbproject_avg,,2,green,,"Altoona, Wisconsin",Wisconsin,United States,,,,mtbproject_trailhead,difficulty=green
mtb-7011003,mtbproject,https://www.mtbproject.com/trail/7011003/bender,Bender,44.7597,-91.4637,point_trailhead,44.7597,-91.4637,,,,0.2,4.0,mtbproject_avg,,1,green,,"Altoona, Wisconsin",Wisconsin,United States,,,,mtbproject_trailhead,difficulty=green
mtb-7011007,mtbproject,https://www.mtbproject.com/trail/7011007/eagle,Eagle,44.7601,-91.4637,point_trailhead,44.7601,-91.4637,,,,0.2,4.0,mtbproject_avg,,1,green,,"Altoona, Wisconsin",Wisconsin,United States,,,,mtbproject_trailhead,difficulty=green
mtb-7011552,mtbproject,https://www.mtbproject.com/trail/7011552/far-east,Far East,44.7529,-91.4587,point_trailhead,44.7529,-91.4587,,,,0.4,4.0,mtbproject_avg,,1,green,,"Altoona, Wisconsin",Wisconsin,United States,,,,mtbproject_trailhead,difficulty=green
mtb-7009812,mtbproject,https://www.mtbproject.com/trail/7009812/prudential,Prudential,44.7604,-89.8576,point_trailhead,44.7604,-89.8576,,,,0.6,4.0,mtbproject_avg,,1,dblack,,"Mosinee, Wisconsin",Wisconsin,United States,,,,mtbproject_trailhead,difficulty=dblack
mtb-7030300,mtbproject,https://www.mtbproject.com/trail/7030300/sylvans-run,Sylvan's Run,44.9842,-89.6047,point_trailhead,44.9842,-89.6047,,,,1.4,4.7,mtbproject_avg,,6,greenBlue,,"Wausau, Wisconsin",Wisconsin,United States,,,,mtbproject_trailhead,difficulty=greenBlue
mtb-7030320,mtbproject,https://www.mtbproject.com/trail/7030320/fish-hook,Fish Hook,44.985,-89.6041,point_trailhead,44.985,-89.6041,,,,0.4,4.8,mtbproject_avg,,4,dblack,,"Wausau, Wisconsin",Wisconsin,United States,,,,mtbproject_trailhead,difficulty=dblack
mtb-4351661,mtbproject,https://www.mtbproject.com/trail/4351661/reforestation-camp,Reforestation Camp,44.6558,-88.0892,point_trailhead,44.6558,-88.0892,,,,8.5,4.5,mtbproject_avg,,8,greenBlue,,"Suamico, Wisconsin",Wisconsin,United States,,,,mtbproject_trailhead,difficulty=greenBlue
mtb-3400701,mtbproject,https://www.mtbproject.com/trail/3400701/vasa-singletrack,Vasa Singletrack,44.7017,-85.4834,point_trailhead,44.7017,-85.4834,,,,12.0,3.9,mtbproject_avg,,21,greenBlue,,"Kingsley, Michigan",Michigan,United States,,,,mtbproject_trailhead,difficulty=greenBlue
mtb-7003746,mtbproject,https://www.mtbproject.com/trail/7003746/glacial-hills-short-loop,Glacial Hills - Short Loop,44.9925,-85.231,point_trailhead,44.9925,-85.231,,,,10.6,4.3,mtbproject_avg,,6,greenBlue,,"Bellaire, Michigan",Michigan,United States,,,,mtbproject_trailhead,difficulty=greenBlue
mtb-7018338,mtbproject,https://www.mtbproject.com/trail/7018338/glacial-hills-outside-loop-north,Glacial Hills Outside Loop North,44.9931,-85.2312,point_trailhead,44.9931,-85.2312,,,,7.5,4.3,mtbproject_avg,,4,greenBlue,,"Bellaire, Michigan",Michigan,United States,,,,mtbproject_trailhead,difficulty=greenBlue
mtb-7024372,mtbproject,https://www.mtbproject.com/trail/7024372/trail-7e-7g-connector,Trail #7E-7G Connector,42.8398,-78.1621,point_trailhead,42.8398,-78.1621,,,,0.1,4.0,mtbproject_avg,,1,black,,"Attica, New York",New York,United States,,,,mtbproject_trailhead,mtbproject type=Connector
mtb-7024371,mtbproject,https://www.mtbproject.com/trail/7024371/trail-7e,Trail #7E,42.8413,-78.1618,point_trailhead,42.8413,-78.1618,,,,0.5,4.0,mtbproject_avg,,1,greenBlue,,"Attica, New York",New York,United States,,,,mtbproject_trailhead,difficulty=greenBlue
mtb-7004664,mtbproject,https://www.mtbproject.com/trail/7004664/star-mill-trail,Star Mill Trail,40.9053,-78.0537,point_trailhead,40.9053,-78.0537,,,,2.0,3.8,mtbproject_avg,,4,green,,"Troy, Pennsylvania",Pennsylvania,United States,,,,mtbproject_trailhead,difficulty=green
mtb-7005924,mtbproject,https://www.mtbproject.com/trail/7005924/violet-trail,Violet Trail,42.7074,-77.4115,point_trailhead,42.7074,-77.4115,,,,0.9,4.0,mtbproject_avg,,1,greenBlue,,"Naples, New York",New York,United States,,,,mtbproject_trailhead,difficulty=greenBlue
mtb-7005918,mtbproject,https://www.mtbproject.com/trail/7005918/green-trail,Green Trail,42.7107,-77.4145,point_trailhead,42.7107,-77.4145,,,,0.5,4.0,mtbproject_avg,,1,green,,"Naples, New York",New York,United States,,,,mtbproject_trailhead,difficulty=green
mtb-4254327,mtbproject,https://www.mtbproject.com/trail/4254327/horse-path-trail-lower,Horse Path Trail (Lower),40.7809,-77.5633,point_trailhead,40.7809,-77.5633,,,,0.4,4.0,mtbproject_avg,,1,blue,,"Milroy, Pennsylvania",Pennsylvania,United States,,,,mtbproject_trailhead,mtbproject type=Connector
mtb-7032481,mtbproject,https://www.mtbproject.com/trail/7032481/the-chute,The Chute,42.2256,-75.844,point_trailhead,42.2256,-75.844,,,,,4.0,mtbproject_avg,,1,dblack,,"Chenango Bridge, New York",New York,United States,,,,mtbproject_trailhead,difficulty=dblack
mtb-7014572,mtbproject,https://www.mtbproject.com/trail/7014572/ares,Ares,42.5009,-76.1534,point_trailhead,42.5009,-76.1534,,,,1.6,4.0,mtbproject_avg,,1,greenBlue,,"Dryden, New York",New York,United States,,,,mtbproject_trailhead,difficulty=greenBlue
mtb-7010802,mtbproject,https://www.mtbproject.com/trail/7010802/yellow-4-y4,Yellow 4 (Y4),42.1658,-76.1595,point_trailhead,42.1658,-76.1595,,,,0.7,4.0,mtbproject_avg,,1,green,,"Apalachin, New York",New York,United States,,,,mtbproject_trailhead,difficulty=green
mtb-7034199,mtbproject,https://www.mtbproject.com/trail/7034199/plymouth-reservoir-trail-1,Plymouth Reservoir Trail 1,42.5877,-75.6573,point_trailhead,42.5877,-75.6573,,,,0.4,4.0,mtbproject_avg,,1,greenBlue,,"Norwich, New York",New York,United States,,,,mtbproject_trailhead,difficulty=greenBlue
mtb-7033720,mtbproject,https://www.mtbproject.com/trail/7033720/lost-trail,Lost Trail,42.5828,-75.6221,point_trailhead,42.5828,-75.6221,,,,0.5,4.0,mtbproject_avg,,1,greenBlue,,"Norwich, New York",New York,United States,,,,mtbproject_trailhead,difficulty=greenBlue
mtb-7033716,mtbproject,https://www.mtbproject.com/trail/7033716/frenchmans-lane,Frenchman's Lane,42.5778,-75.6378,point_trailhead,42.5778,-75.6378,,,,1.0,4.0,mtbproject_avg,,1,green,,"Norwich, New York",New York,United States,,,,mtbproject_trailhead,difficulty=green
mtb-7033715,mtbproject,https://www.mtbproject.com/trail/7033715/stonewall-jackson,Stonewall Jackson,42.5828,-75.6153,point_trailhead,42.5828,-75.6153,,,,0.4,4.0,mtbproject_avg,,1,greenBlue,,"Norwich, New York",New York,United States,,,,mtbproject_trailhead,difficulty=greenBlue
mtb-7033714,mtbproject,https://www.mtbproject.com/trail/7033714/roller-coaster,Roller Coaster,42.584,-75.6212,point_trailhead,42.584,-75.6212,,,,0.7,4.0,mtbproject_avg,,1,greenBlue,,"Norwich, New York",New York,United States,,,,mtbproject_trailhead,difficulty=greenBlue
mtb-7033712,mtbproject,https://www.mtbproject.com/trail/7033712/lets-go,Let's Go!,42.5861,-75.624,point_trailhead,42.5861,-75.624,,,,0.4,4.0,mtbproject_avg,,1,greenBlue,,"Norwich, New York",New York,United States,,,,mtbproject_trailhead,difficulty=greenBlue
mtb-5233403,mtbproject,https://www.mtbproject.com/trail/5233403/coniferous,Coniferous,44.3646,-73.8005,point_trailhead,44.3646,-73.8005,,,,0.5,4.0,mtbproject_avg,,1,green,,"Keene, New York",New York,United States,,,,mtbproject_trailhead,difficulty=green
mtb-7032194,mtbproject,https://www.mtbproject.com/trail/7032194/purple-twister-trail,Purple (Twister) Trail,44.3163,-74.1492,point_trailhead,44.3163,-74.1492,,,,0.5,4.0,mtbproject_avg,,1,greenBlue,,"Saranac Lake, New York",New York,United States,,,,mtbproject_trailhead,difficulty=greenBlue
mtb-7032192,mtbproject,https://www.mtbproject.com/trail/7032192/black-dash-trail,Black Dash Trail,44.3132,-74.145,point_trailhead,44.3132,-74.145,,,,0.2,4.0,mtbproject_avg,,1,dblack,,"Saranac Lake, New York",New York,United States,,,,mtbproject_trailhead,difficulty=dblack
mtb-3993217,mtbproject,https://www.mtbproject.com/trail/3993217/outer-limits,Outer Limits,44.5206,-73.1721,point_trailhead,44.5206,-73.1721,,,,0.1,4.0,mtbproject_avg,,1,black,,"Winooski, Vermont",Vermont,United States,,,,mtbproject_trailhead,mtbproject type=Connector
mtb-7012901,mtbproject,https://www.mtbproject.com/trail/7012901/homestead,Homestead,44.3298,-73.0261,point_trailhead,44.3298,-73.0261,,,,0.9,4.0,mtbproject_avg,,1,greenBlue,,"Hinesburg, Vermont",Vermont,United States,,,,mtbproject_trailhead,difficulty=greenBlue
mtb-7012914,mtbproject,https://www.mtbproject.com/trail/7012914/maiden,Maiden,44.3347,-73.0335,point_trailhead,44.3347,-73.0335,,,,1.2,4.0,mtbproject_avg,,1,greenBlue,,"Hinesburg, Vermont",Vermont,United States,,,,mtbproject_trailhead,difficulty=greenBlue
mtb-5515373,mtbproject,https://www.mtbproject.com/trail/5515373/hyde-park-pump-track,Hyde Park Pump Track,44.6071,-72.6335,point_trailhead,44.6071,-72.6335,,,,0.1,5.0,mtbproject_avg,,1,blue,,"Hyde Park, Vermont",Vermont,United States,,,,mtbproject_trailhead,mtbproject type=Connector
mtb-7019668,mtbproject,https://www.mtbproject.com/trail/7019668/the-wiggle,The Wiggle,44.6771,-72.3624,point_trailhead,44.6771,-72.3624,,,,0.3,5.0,mtbproject_avg,,1,green,,"Hardwick, Vermont",Vermont,United States,,,,mtbproject_trailhead,difficulty=green
mtb-7018794,mtbproject,https://www.mtbproject.com/trail/7018794/northern-borders,Northern Borders,44.6825,-72.3585,point_trailhead,44.6825,-72.3585,,,,0.7,5.0,mtbproject_avg,,1,greenBlue,,"Hardwick, Vermont",Vermont,United States,,,,mtbproject_trailhead,difficulty=greenBlue
mtb-7019669,mtbproject,https://www.mtbproject.com/trail/7019669/woodwards-wheelie,Woodward's Wheelie,44.6831,-72.3602,point_trailhead,44.6831,-72.3602,,,,0.5,5.0,mtbproject_avg,,1,green,,"Hardwick, Vermont",Vermont,United States,,,,mtbproject_trailhead,difficulty=green
mtb-7017560,mtbproject,https://www.mtbproject.com/trail/7017560/piggy-back,Piggy Back,44.5645,-71.9825,point_trailhead,44.5645,-71.9825,,,,0.5,5.0,mtbproject_avg,,1,greenBlue,,"Lyndonville, Vermont",Vermont,United States,,,,mtbproject_trailhead,difficulty=greenBlue
mtb-7031594,mtbproject,https://www.mtbproject.com/trail/7031594/shore-road,Shore Road,44.9604,-68.7562,point_trailhead,44.9604,-68.7562,,,,1.2,5.0,mtbproject_avg,,1,greenBlue,,"Milford, Maine",Maine,United States,,,,mtbproject_trailhead,difficulty=greenBlue
mtb-7031601,mtbproject,https://www.mtbproject.com/trail/7031601/north-trail,North Trail,44.9605,-68.7564,point_trailhead,44.9605,-68.7564,,,,0.5,5.0,mtbproject_avg,,1,dblack,,"Milford, Maine",Maine,United States,,,,mtbproject_trailhead,difficulty=dblack
mtb-7031722,mtbproject,https://www.mtbproject.com/trail/7031722/uncle-buzz,Uncle Buzz,44.9593,-68.7673,point_trailhead,44.9593,-68.7673,,,,0.3,5.0,mtbproject_avg,,1,dblack,,"Milford, Maine",Maine,United States,,,,mtbproject_trailhead,difficulty=dblack
mtb-7031599,mtbproject,https://www.mtbproject.com/trail/7031599/grassy-road-south,Grassy Road - South,44.9556,-68.7609,point_trailhead,44.9556,-68.7609,,,,0.5,5.0,mtbproject_avg,,1,greenBlue,,"Milford, Maine",Maine,United States,,,,mtbproject_trailhead,difficulty=greenBlue
mtb-7031725,mtbproject,https://www.mtbproject.com/trail/7031725/poplar-access,Poplar Access,44.9438,-68.7604,point_trailhead,44.9438,-68.7604,,,,0.4,5.0,mtbproject_avg,,1,greenBlue,,"Milford, Maine",Maine,United States,,,,mtbproject_trailhead,difficulty=greenBlue
mtb-7031596,mtbproject,https://www.mtbproject.com/trail/7031596/spruce-road,Spruce Road,44.9535,-68.7665,point_trailhead,44.9535,-68.7665,,,,0.7,5.0,mtbproject_avg,,1,greenBlue,,"Milford, Maine",Maine,United States,,,,mtbproject_trailhead,difficulty=greenBlue
mtb-7019219,mtbproject,https://www.mtbproject.com/trail/7019219/rip-tamarack,RIP Tamarack,44.6745,-72.3564,point_trailhead,44.6745,-72.3564,,,,0.1,4.0,mtbproject_avg,,1,blue,,"Hardwick, Vermont",Vermont,United States,,,,mtbproject_trailhead,mtbproject type=Connector
mtb-7019248,mtbproject,https://www.mtbproject.com/trail/7019248/rocketman,Rocketman,44.6751,-72.3581,point_trailhead,44.6751,-72.3581,,,,0.2,4.0,mtbproject_avg,,1,blue,,"Hardwick, Vermont",Vermont,United States,,,,mtbproject_trailhead,mtbproject type=Connector
mtb-5618980,mtbproject,https://www.mtbproject.com/trail/5618980/webs,Webs,44.5796,-71.981,point_trailhead,44.5796,-71.981,,,,0.3,4.0,mtbproject_avg,,1,blue,,"Lyndonville, Vermont",Vermont,United States,,,,mtbproject_trailhead,mtbproject type=Connector
mtb-7000467,mtbproject,https://www.mtbproject.com/trail/7000467/timothy-lake-loop,Timothy Lake Loop,45.1016,-121.7469,point_trailhead,45.1016,-121.7469,,,,15.8,3.9,mtbproject_avg,,12,greenBlue,,"Government Camp, Oregon",Oregon,United States,,,,mtbproject_trailhead,difficulty=greenBlue
mtb-7006506,mtbproject,https://www.mtbproject.com/trail/7006506/southshore-trail-529-west,Southshore Trail #529 - West,45.1127,-121.8062,point_trailhead,45.1127,-121.8062,,,,1.3,4.0,mtbproject_avg,,1,green,,"Government Camp, Oregon",Oregon,United States,,,,mtbproject_trailhead,difficulty=green
mtb-7017180,mtbproject,https://www.mtbproject.com/trail/7017180/pro-line,Pro Line,45.294,-121.7783,point_trailhead,45.294,-121.7783,,,,0.4,5.0,mtbproject_avg,,2,dblack,,"Government Camp, Oregon",Oregon,United States,,,,mtbproject_trailhead,difficulty=dblack
mtb-7004799,mtbproject,https://www.mtbproject.com/trail/7004799/trillium-lake-trail,Trillium Lake Trail,45.2746,-121.7338,point_trailhead,45.2746,-121.7338,,,,1.9,5.0,mtbproject_avg,,1,green,,"Government Camp, Oregon",Oregon,United States,,,,mtbproject_trailhead,difficulty=green
mtb-7007207,mtbproject,https://www.mtbproject.com/trail/7007207/freeride-trail-3,Freeride Trail #3,45.2986,-121.7769,point_trailhead,45.2986,-121.7769,,,,0.3,5.0,mtbproject_avg,,1,black,,"Government Camp, Oregon",Oregon,United States,,,,mtbproject_trailhead,mtbproject type=Connector
mtb-7004704,mtbproject,https://www.mtbproject.com/trail/7004704/timberline-to-town-trail,Timberline to Town Trail,45.3315,-121.7143,point_trailhead,45.3315,-121.7143,,,,5.5,3.9,mtbproject_avg,,10,greenBlue,,"Government Camp, Oregon",Oregon,United States,,,,mtbproject_trailhead,difficulty=greenBlue
mtb-7030481,mtbproject,https://www.mtbproject.com/trail/7030481/eight-mile-loop-trail-496,Eight Mile Loop Trail #496,45.4079,-121.4547,point_trailhead,45.4079,-121.4547,,,,6.4,4.0,mtbproject_avg,,4,greenBlue,,"Odell, Oregon",Oregon,United States,,,,mtbproject_trailhead,difficulty=greenBlue
mtb-7004719,mtbproject,https://www.mtbproject.com/trail/7004719/crosstown-trail-755,Crosstown Trail #755,45.3028,-121.7459,point_trailhead,45.3028,-121.7459,,,,2.8,4.0,mtbproject_avg,,2,greenBlue,,"Government Camp, Oregon",Oregon,United States,,,,mtbproject_trailhead,difficulty=greenBlue
mtb-7004651,mtbproject,https://www.mtbproject.com/trail/7004651/cannonball,Cannonball,45.2876,-121.7803,point_trailhead,45.2876,-121.7803,,,,0.6,4.0,mtbproject_avg,,2,dblack,,"Government Camp, Oregon",Oregon,United States,,,,mtbproject_trailhead,difficulty=dblack
mtb-7004731,mtbproject,https://www.mtbproject.com/trail/7004731/trillium-bike-trail,Trillium Bike Trail,45.2745,-121.7332,point_trailhead,45.2745,-121.7332,,,,1.0,4.0,mtbproject_avg,,1,green,,"Government Camp, Oregon",Oregon,United States,,,,mtbproject_trailhead,difficulty=green
mtb-7004828,mtbproject,https://www.mtbproject.com/trail/7004828/summit-trail-691,Summit Trail #691,45.3022,-121.7694,point_trailhead,45.3022,-121.7694,,,,2.2,4.0,mtbproject_avg,,1,greenBlue,,"Government Camp, Oregon",Oregon,United States,,,,mtbproject_trailhead,difficulty=greenBlue
mtb-7004721,mtbproject,https://www.mtbproject.com/trail/7004721/camp-creek-loop-trail-754,Camp Creek Loop Trail #754,45.3052,-121.7481,point_trailhead,45.3052,-121.7481,,,,1.6,4.0,mtbproject_avg,,1,greenBlue,,"Government Camp, Oregon",Oregon,United States,,,,mtbproject_trailhead,difficulty=greenBlue
mtb-7004850,mtbproject,https://www.mtbproject.com/trail/7004850/skiway-trail-755b,Skiway Trail #755B,45.3104,-121.754,point_trailhead,45.3104,-121.754,,,,0.6,4.0,mtbproject_avg,,1,greenBlue,,"Government Camp, Oregon",Oregon,United States,,,,mtbproject_trailhead,difficulty=greenBlue
mtb-7007204,mtbproject,https://www.mtbproject.com/trail/7007204/freeride-trail-1,Freeride Trail #1,45.2988,-121.7763,point_trailhead,45.2988,-121.7763,,,,0.2,4.0,mtbproject_avg,,1,greenBlue,,"Government Camp, Oregon",Oregon,United States,,,,mtbproject_trailhead,difficulty=greenBlue
mtb-7016056,mtbproject,https://www.mtbproject.com/trail/7016056/south-boise-trail-101a,South Boise Trail #101A,45.3491,-116.5124,point_trailhead,45.3491,-116.5124,,,,5.7,4.0,mtbproject_avg,,1,greenBlue,,"McCall, Idaho",Idaho,United States,,,,mtbproject_trailhead,difficulty=greenBlue
mtb-7006251,mtbproject,https://www.mtbproject.com/trail/7006251/a-big-frenchy-pete,A Big Frenchy Pete,45.1847,-116.004,point_trailhead,45.1847,-116.004,,,,47.3,5.0,mtbproject_avg,,1,dblack,,"McCall, Idaho",Idaho,United States,,,,mtbproject_trailhead,difficulty=dblack
mtb-7006225,mtbproject,https://www.mtbproject.com/trail/7006225/bear-pete-ridge-trail,Bear Pete Ridge Trail,45.3796,-115.9871,point_trailhead,45.3796,-115.9871,,,,16.6,4.0,mtbproject_avg,,2,dblack,,"McCall, Idaho",Idaho,United States,,,,mtbproject_trailhead,difficulty=dblack
mtb-3860981,mtbproject,https://www.mtbproject.com/trail/3860981/loon-lake-trail,Loon Lake Trail,45.2123,-115.8089,point_trailhead,45.2123,-115.8089,,,,4.8,4.0,mtbproject_avg,,1,green,,"McCall, Idaho",Idaho,United States,,,,mtbproject_trailhead,difficulty=green
mtb-710323,mtbproject,https://www.mtbproject.com/trail/710323/discovery-hill,Discovery Hill,45.1919,-113.8776,point_trailhead,45.1919,-113.8776,,,,2.8,4.0,mtbproject_avg,,1,greenBlue,,"Salmon, Idaho",Idaho,United States,,,,mtbproject_trailhead,difficulty=greenBlue
mtb-7006122,mtbproject,https://www.mtbproject.com/trail/7006122/henry-creek-trail-6128-upper,Henry Creek Trail #6128 (Upper),45.0312,-114.048,point_trailhead,45.0312,-114.048,,,,5.0,4.0,mtbproject_avg,,1,dblack,,"Salmon, Idaho",Idaho,United States,,,,mtbproject_trailhead,difficulty=dblack
mtb-7006798,mtbproject,https://www.mtbproject.com/trail/7006798/thunder-mountain-trail-040,Thunder Mountain Trail #040,45.0108,-114.0871,point_trailhead,45.0108,-114.0871,,,,2.4,4.0,mtbproject_avg,,1,dblack,,"Salmon, Idaho",Idaho,United States,,,,mtbproject_trailhead,difficulty=dblack
mtb-7024093,mtbproject,https://www.mtbproject.com/trail/7024093/lake-rebecca-loop,Lake Rebecca Loop,45.0688,-93.7547,point_trailhead,45.0688,-93.7547,,,,14.1,4.2,mtbproject_avg,,15,greenBlue,,"Rockford, Minnesota",Minnesota,United States,,,,mtbproject_trailhead,difficulty=greenBlue
mtb-7018509,mtbproject,https://www.mtbproject.com/trail/7018509/prairie-dells-loop,Prairie Dells Loop,45.2699,-89.5835,point_trailhead,45.2699,-89.5835,,,,5.3,4.0,mtbproject_avg,,1,greenBlue,,"Merrill, Wisconsin",Wisconsin,United States,,,,mtbproject_trailhead,difficulty=greenBlue
mtb-7008513,mtbproject,https://www.mtbproject.com/trail/7008513/bear-claw,Bear Claw,45.1566,-88.6638,point_trailhead,45.1566,-88.6638,,,,0.2,5.0,mtbproject_avg,,1,black,,"Keshena, Wisconsin",Wisconsin,United States,,,,mtbproject_trailhead,mtbproject type=Connector
mtb-7020621,mtbproject,https://www.mtbproject.com/trail/7020621/mccune-nature-preserve,McCune Nature Preserve,45.3552,-84.8331,point_trailhead,45.3552,-84.8331,,,,6.2,4.0,mtbproject_avg,,1,green,,"Petoskey, Michigan",Michigan,United States,,,,mtbproject_trailhead,difficulty=green
mtb-7009792,mtbproject,https://www.mtbproject.com/trail/7009792/nct-springvale-to-krause,NCT: Springvale to Krause,45.2579,-84.7984,point_trailhead,45.2579,-84.7984,,,,21.7,4.0,mtbproject_avg,,1,greenBlue,,"Boyne City, Michigan",Michigan,United States,,,,mtbproject_trailhead,difficulty=greenBlue
mtb-7006851,mtbproject,https://www.mtbproject.com/trail/7006851/school-forest-loop-1,School Forest - Loop 1,45.2611,-85.015,point_trailhead,45.2611,-85.015,,,,2.9,4.7,mtbproject_avg,,12,green,,"Boyne City, Michigan",Michigan,United States,,,,mtbproject_trailhead,difficulty=green
mtb-7030032,mtbproject,https://www.mtbproject.com/trail/7030032/roundhouse,Roundhouse,45.2009,-85.0128,point_trailhead,45.2009,-85.0128,,,,1.1,5.0,mtbproject_avg,,1,green,,"Boyne City, Michigan",Michigan,United States,,,,mtbproject_trailhead,difficulty=green
mtb-7009609,mtbproject,https://www.mtbproject.com/trail/7009609/school-forest-loop-2,School Forest Loop 2,45.2597,-85.0165,point_trailhead,45.2597,-85.0165,,,,2.1,4.4,mtbproject_avg,,9,greenBlue,,"Boyne City, Michigan",Michigan,United States,,,,mtbproject_trailhead,difficulty=greenBlue
mtb-7021159,mtbproject,https://www.mtbproject.com/trail/7021159/offield-main-loop,Offield Main Loop,45.4494,-84.9255,point_trailhead,45.4494,-84.9255,,,,2.8,4.0,mtbproject_avg,,1,green,,"Harbor Springs, Michigan",Michigan,United States,,,,mtbproject_trailhead,difficulty=green
mtb-7005406,mtbproject,https://www.mtbproject.com/trail/7005406/aspen-singletrack,Aspen Singletrack,45.012,-84.6664,point_trailhead,45.012,-84.6664,,,,4.9,3.8,mtbproject_avg,,5,greenBlue,,"Gaylord, Michigan",Michigan,United States,,,,mtbproject_trailhead,difficulty=greenBlue
mtb-7007874,mtbproject,https://www.mtbproject.com/trail/7007874/lower-ledges,Lower Ledges,43.6199,-72.9951,point_trailhead,43.6199,-72.9951,,,,0.2,4.0,mtbproject_avg,,1,greenBlue,,"Rutland, Vermont",Vermont,United States,,,,mtbproject_trailhead,difficulty=greenBlue
mtb-7020510,mtbproject,https://www.mtbproject.com/trail/7020510/evolution,Evolution,44.1771,-72.8446,point_trailhead,44.1771,-72.8446,,,,1.1,3.8,mtbproject_avg,,4,greenBlue,,"Waitsfield, Vermont",Vermont,United States,,,,mtbproject_trailhead,difficulty=greenBlue
mtb-7001410,mtbproject,https://www.mtbproject.com/trail/7001410/oak-knoll-ride,Oak Knoll Ride,45.0845,-70.2967,point_trailhead,45.0845,-70.2967,,,,7.8,5.0,mtbproject_avg,,1,greenBlue,,"Carrabassett Valley, Maine",Maine,United States,,,,mtbproject_trailhead,difficulty=greenBlue
mtb-7001569,mtbproject,https://www.mtbproject.com/trail/7001569/oak-knoll,Oak Knoll,45.0911,-70.3049,point_trailhead,45.0911,-70.3049,,,,2.4,4.0,mtbproject_avg,,1,greenBlue,,"Carrabassett Valley, Maine",Maine,United States,,,,mtbproject_trailhead,difficulty=greenBlue
mtb-7015661,mtbproject,https://www.mtbproject.com/trail/7015661/moose-bog-loop-103,Moose Bog Loop #103,45.0778,-70.2956,point_trailhead,45.0778,-70.2956,,,,1.2,4.0,mtbproject_avg,,1,green,,"Carrabassett Valley, Maine",Maine,United States,,,,mtbproject_trailhead,difficulty=green
mtb-7015663,mtbproject,https://www.mtbproject.com/trail/7015663/snail-trail-101,Snail Trail #101,45.0789,-70.2955,point_trailhead,45.0789,-70.2955,,,,0.4,4.0,mtbproject_avg,,1,green,,"Carrabassett Valley, Maine",Maine,United States,,,,mtbproject_trailhead,difficulty=green
mtb-7015662,mtbproject,https://www.mtbproject.com/trail/7015662/rt-27-connector-102,Rt 27 Connector #102,45.0803,-70.2964,point_trailhead,45.0803,-70.2964,,,,0.7,4.0,mtbproject_avg,,1,green,,"Carrabassett Valley, Maine",Maine,United States,,,,mtbproject_trailhead,difficulty=green
mtb-7026937,mtbproject,https://www.mtbproject.com/trail/7026937/triple-c-trail,Triple C Trail,45.707,-123.3375,point_trailhead,45.707,-123.3375,,,,2.2,4.0,mtbproject_avg,,2,greenBlue,,"Banks, Oregon",Oregon,United States,,,,mtbproject_trailhead,difficulty=greenBlue
mtb-7014525,mtbproject,https://www.mtbproject.com/trail/7014525/linknpin,Link'n'Pin,45.7399,-123.177,point_trailhead,45.7399,-123.177,,,,,4.0,mtbproject_avg,,1,blue,,"Vernonia, Oregon",Oregon,United States,,,,mtbproject_trailhead,mtbproject type=Connector
mtb-7023827,mtbproject,https://www.mtbproject.com/trail/7023827/lacamas-lake-access-trail,Lacamas Lake Access Trail,45.6048,-122.4038,point_trailhead,45.6048,-122.4038,,,,1.4,5.0,mtbproject_avg,,1,green,,"Camas, Washington",Washington,United States,,,,mtbproject_trailhead,difficulty=green
mtb-7010720,mtbproject,https://www.mtbproject.com/trail/7010720/fairgrounds-park-to-whipple-creek-park-connector,Fairgrounds Park to Whipple Creek Park Connector,45.7432,-122.6726,point_trailhead,45.7432,-122.6726,,,,0.8,5.0,mtbproject_avg,,1,green,,"Ridgefield, Washington",Washington,United States,,,,mtbproject_trailhead,difficulty=green
mtb-7023819,mtbproject,https://www.mtbproject.com/trail/7023819/palmer-east,Palmer East,45.5995,-122.3955,point_trailhead,45.5995,-122.3955,,,,0.5,5.0,mtbproject_avg,,1,greenBlue,,"Camas, Washington",Washington,United States,,,,mtbproject_trailhead,difficulty=greenBlue
mtb-7010722,mtbproject,https://www.mtbproject.com/trail/7010722/fairgrounds-park-path,Fairgrounds Park Path,45.7411,-122.6724,point_trailhead,45.7411,-122.6724,,,,0.6,5.0,mtbproject_avg,,1,green,,"Mount Vista, Washington",Washington,United States,,,,mtbproject_trailhead,difficulty=green
mtb-7010646,mtbproject,https://www.mtbproject.com/trail/7010646/stone-mill-loop,Stone Mill Loop,45.7399,-122.6924,point_trailhead,45.7399,-122.6924,,,,0.9,4.0,mtbproject_avg,,3,greenBlue,,"Ridgefield, Washington",Washington,United States,,,,mtbproject_trailhead,difficulty=greenBlue
mtb-7021307,mtbproject,https://www.mtbproject.com/trail/7021307/ellen-davis-trail,Ellen Davis Trail,45.6559,-122.6635,point_trailhead,45.6559,-122.6635,,,,2.0,4.0,mtbproject_avg,,2,greenBlue,,"Minnehaha, Washington",Washington,United States,,,,mtbproject_trailhead,difficulty=greenBlue
mtb-7010651,mtbproject,https://www.mtbproject.com/trail/7010651/south-ridge-loop,South Ridge Loop,45.7399,-122.6925,point_trailhead,45.7399,-122.6925,,,,1.3,4.0,mtbproject_avg,,2,green,,"Felida, Washington",Washington,United States,,,,mtbproject_trailhead,difficulty=green
mtb-7006351,mtbproject,https://www.mtbproject.com/trail/7006351/wildhorse-trail,Wildhorse Trail,45.4906,-122.496,point_trailhead,45.4906,-122.496,,,,0.5,4.0,mtbproject_avg,,1,blue,,"Gresham, Oregon",Oregon,United States,,,,mtbproject_trailhead,mtbproject type=Connector
mtb-7012102,mtbproject,https://www.mtbproject.com/trail/7012102/dynees-tail,Dynee's Tail,45.7421,-122.6974,point_trailhead,45.7421,-122.6974,,,,0.2,4.0,mtbproject_avg,,1,greenBlue,,"Ridgefield, Washington",Washington,United States,,,,mtbproject_trailhead,difficulty=greenBlue
mtb-7019795,mtbproject,https://www.mtbproject.com/trail/7019795/hcrht-twin-tunnels-trail,HCRHT: Twin Tunnels Trail,45.7034,-121.4867,point_trailhead,45.7034,-121.4867,,,,4.6,4.0,mtbproject_avg,,2,green,,"White Salmon, Washington",Washington,United States,,,,mtbproject_trailhead,difficulty=green
mtb-7012450,mtbproject,https://www.mtbproject.com/trail/7012450/borderline-133,Borderline (133),45.6666,-121.6424,point_trailhead,45.6666,-121.6424,,,,0.7,4.0,mtbproject_avg,,1,greenBlue,,"Hood River, Oregon",Oregon,United States,,,,mtbproject_trailhead,difficulty=greenBlue
mtb-704197,mtbproject,https://www.mtbproject.com/trail/704197/echo-mtb-trail-system,Echo MTB Trail System,45.7122,-119.1992,point_trailhead,45.7122,-119.1992,,,,17.7,4.0,mtbproject_avg,,10,greenBlue,,"Stanfield, Oregon",Oregon,United States,,,,mtbproject_trailhead,difficulty=greenBlue
mtb-7033464,mtbproject,https://www.mtbproject.com/trail/7033464/spikes-trail,Spike's Trail,45.7129,-119.1938,point_trailhead,45.7129,-119.1938,,,,0.4,5.0,mtbproject_avg,,1,greenBlue,,"Stanfield, Oregon",Oregon,United States,,,,mtbproject_trailhead,difficulty=greenBlue
mtb-7033177,mtbproject,https://www.mtbproject.com/trail/7033177/dc-connector,DC Connector,45.6873,-119.2022,point_trailhead,45.6873,-119.2022,,,,0.1,5.0,mtbproject_avg,,1,blue,,"Stanfield, Oregon",Oregon,United States,,,,mtbproject_trailhead,mtbproject type=Connector
mtb-7033176,mtbproject,https://www.mtbproject.com/trail/7033176/down-out,Down & Out,45.6896,-119.2001,point_trailhead,45.6896,-119.2001,,,,1.7,5.0,mtbproject_avg,,1,green,,"Stanfield, Oregon",Oregon,United States,,,,mtbproject_trailhead,difficulty=green
mtb-7026255,mtbproject,https://www.mtbproject.com/trail/7026255/a-trail,A Trail,45.7122,-119.1992,point_trailhead,45.7122,-119.1992,,,,4.9,4.0,mtbproject_avg,,2,greenBlue,,"Stanfield, Oregon",Oregon,United States,,,,mtbproject_trailhead,difficulty=greenBlue
mtb-7026241,mtbproject,https://www.mtbproject.com/trail/7026241/b-trail,B Trail,45.689,-119.2017,point_trailhead,45.689,-119.2017,,,,2.5,4.0,mtbproject_avg,,2,greenBlue,,"Stanfield, Oregon",Oregon,United States,,,,mtbproject_trailhead,difficulty=greenBlue
mtb-7026258,mtbproject,https://www.mtbproject.com/trail/7026258/tys-trail,Ty's Trail,45.7125,-119.1991,point_trailhead,45.7125,-119.1991,,,,2.5,4.0,mtbproject_avg,,2,greenBlue,,"Stanfield, Oregon",Oregon,United States,,,,mtbproject_trailhead,difficulty=greenBlue
mtb-7026253,mtbproject,https://www.mtbproject.com/trail/7026253/d-trail,D Trail,45.6798,-119.2013,point_trailhead,45.6798,-119.2013,,,,0.7,4.0,mtbproject_avg,,2,greenBlue,,"Stanfield, Oregon",Oregon,United States,,,,mtbproject_trailhead,difficulty=greenBlue
mtb-7031975,mtbproject,https://www.mtbproject.com/trail/7031975/james-trail,James' Trail,45.6882,-118.8537,point_trailhead,45.6882,-118.8537,,,,1.5,4.0,mtbproject_avg,,1,green,,"Pendleton, Oregon",Oregon,United States,,,,mtbproject_trailhead,difficulty=green
mtb-7028862,mtbproject,https://www.mtbproject.com/trail/7028862/jubilee-lake-rope-swing-out-and-back,Jubilee Lake Rope Swing Out-and-Back,45.7741,-117.9148,point_trailhead,45.7741,-117.9148,,,,10.3,4.0,mtbproject_avg,,1,greenBlue,,"Elgin, Oregon",Oregon,United States,,,,mtbproject_trailhead,difficulty=greenBlue
mtb-7029053,mtbproject,https://www.mtbproject.com/trail/7029053/mottetsinks-trail-3233,Mottet/Sinks Trail #3233,45.775,-117.9148,point_trailhead,45.775,-117.9148,,,,4.5,4.0,mtbproject_avg,,1,greenBlue,,"Elgin, Oregon",Oregon,United States,,,,mtbproject_trailhead,difficulty=greenBlue
mtb-7007151,mtbproject,https://www.mtbproject.com/trail/7007151/divide-to-twin-creek,Divide to Twin Creek,45.6924,-113.9524,point_trailhead,45.6924,-113.9524,,,,17.5,5.0,mtbproject_avg,,2,dblack,,"Salmon, Idaho",Idaho,United States,,,,mtbproject_trailhead,difficulty=dblack
mtb-6027678,mtbproject,https://www.mtbproject.com/trail/6027678/twin-creek-108,Twin Creek #108,45.6265,-114.0609,point_trailhead,45.6265,-114.0609,,,,4.9,5.0,mtbproject_avg,,2,dblack,,"Salmon, Idaho",Idaho,United States,,,,mtbproject_trailhead,difficulty=dblack
mtb-7017564,mtbproject,https://www.mtbproject.com/trail/7017564/mystic-lake,Mystic Lake,45.5923,-111.0264,point_trailhead,45.5923,-111.0264,,,,20.4,4.2,mtbproject_avg,,6,greenBlue,,"Bozeman, Montana",Montana,United States,,,,mtbproject_trailhead,difficulty=greenBlue
mtb-807102,mtbproject,https://www.mtbproject.com/trail/807102/jail-trail-north-loop,Jail Trail (North Loop),45.5435,-94.1309,point_trailhead,45.5435,-94.1309,,,,4.7,4.0,mtbproject_avg,,5,greenBlue,,"Saint Cloud, Minnesota",Minnesota,United States,,,,mtbproject_trailhead,difficulty=greenBlue
mtb-7030128,mtbproject,https://www.mtbproject.com/trail/7030128/springvale-park-ride,Springvale Park Ride,45.6016,-93.353,point_trailhead,45.6016,-93.353,,,,1.4,4.0,mtbproject_avg,,1,greenBlue,,"Cambridge, Minnesota",Minnesota,United States,,,,mtbproject_trailhead,difficulty=greenBlue
mtb-7029671,mtbproject,https://www.mtbproject.com/trail/7029671/west-loop,West Loop,45.5994,-93.3559,point_trailhead,45.5994,-93.3559,,,,0.4,4.0,mtbproject_avg,,1,greenBlue,,"Cambridge, Minnesota",Minnesota,United States,,,,mtbproject_trailhead,difficulty=greenBlue
mtb-7029926,mtbproject,https://www.mtbproject.com/trail/7029926/ne-trail,NE Trail,45.5975,-93.3558,point_trailhead,45.5975,-93.3558,,,,0.7,4.0,mtbproject_avg,,1,greenBlue,,"Cambridge, Minnesota",Minnesota,United States,,,,mtbproject_trailhead,difficulty=greenBlue
mtb-5581144,mtbproject,https://www.mtbproject.com/trail/5581144/green-way,Green Way,44.4692,-72.7397,point_trailhead,44.4692,-72.7397,,,,1.3,4.0,mtbproject_avg,,1,green,,"Stowe, Vermont",Vermont,United States,,,,mtbproject_trailhead,difficulty=green
mtb-7019216,mtbproject,https://www.mtbproject.com/trail/7019216/bullseye,Bullseye,44.6727,-72.3571,point_trailhead,44.6727,-72.3571,,,,0.1,4.0,mtbproject_avg,,1,green,,"Hardwick, Vermont",Vermont,United States,,,,mtbproject_trailhead,difficulty=green
mtb-7019672,mtbproject,https://www.mtbproject.com/trail/7019672/playground,Playground,44.6715,-72.3633,point_trailhead,44.6715,-72.3633,,,,0.1,4.0,mtbproject_avg,,1,black,,"Hardwick, Vermont",Vermont,United States,,,,mtbproject_trailhead,mtbproject type=Connector
mtb-7019663,mtbproject,https://www.mtbproject.com/trail/7019663/frog,Frog,44.6813,-72.3583,point_trailhead,44.6813,-72.3583,,,,0.1,4.0,mtbproject_avg,,1,green,,"Hardwick, Vermont",Vermont,United States,,,,mtbproject_trailhead,difficulty=green
mtb-7032032,mtbproject,https://www.mtbproject.com/trail/7032032/katahdin-loop-road,Katahdin Loop Road,45.8624,-68.6708,point_trailhead,45.8624,-68.6708,,,,18.0,4.0,mtbproject_avg,,1,greenBlue,,"Millinocket, Maine",Maine,United States,,,,mtbproject_trailhead,difficulty=greenBlue
mtb-7015840,mtbproject,https://www.mtbproject.com/trail/7015840/boundary-trail-1,Boundary Trail #1,46.3143,-122.0364,point_trailhead,46.3143,-122.0364,,,,30.5,5.0,mtbproject_avg,,2,dblack,,"Morton, Washington",Washington,United States,,,,mtbproject_trailhead,difficulty=dblack
mtb-7006949,mtbproject,https://www.mtbproject.com/trail/7006949/meadowlark-trail,Meadowlark Trail,46.0668,-118.2641,point_trailhead,46.0668,-118.2641,,,,2.7,4.0,mtbproject_avg,,2,green,,"Walla Walla East, Washington",Washington,United States,,,,mtbproject_trailhead,difficulty=green
mtb-7030970,mtbproject,https://www.mtbproject.com/trail/7030970/dougs-trail,Doug's Trail,46.3119,-117.9911,point_trailhead,46.3119,-117.9911,,,,0.9,4.0,mtbproject_avg,,1,green,,"Dayton, Washington",Washington,United States,,,,mtbproject_trailhead,difficulty=green
mtb-7027788,mtbproject,https://www.mtbproject.com/trail/7027788/charlies-peak,Charlie's Peak,46.3505,-117.0495,point_trailhead,46.3505,-117.0495,,,,0.8,4.0,mtbproject_avg,,1,green,,"Lewiston Orchards, Idaho",Idaho,United States,,,,mtbproject_trailhead,difficulty=green
mtb-7001255,mtbproject,https://www.mtbproject.com/trail/7001255/blodgett-canyon,Blodgett Canyon,46.2689,-114.2436,point_trailhead,46.2689,-114.2436,,,,14.2,4.0,mtbproject_avg,,2,dblack,,"Hamilton, Montana",Montana,United States,,,,mtbproject_trailhead,difficulty=dblack
mtb-5856248,mtbproject,https://www.mtbproject.com/trail/5856248/palisades-loop,Palisades Loop,46.2952,-113.9217,point_trailhead,46.2952,-113.9217,,,,17.9,4.7,mtbproject_avg,,6,dblack,,"Hamilton, Montana",Montana,United States,,,,mtbproject_trailhead,difficulty=dblack
mtb-6029003,mtbproject,https://www.mtbproject.com/trail/6029003/weasel-creek-loop,Weasel Creek Loop,46.1288,-113.8545,point_trailhead,46.1288,-113.8545,,,,9.1,4.0,mtbproject_avg,,1,dblack,,"Hamilton, Montana",Montana,United States,,,,mtbproject_trailhead,difficulty=dblack
mtb-6259122,mtbproject,https://www.mtbproject.com/trail/6259122/weasel-creek-trail,Weasel Creek Trail,46.153,-113.7948,point_trailhead,46.153,-113.7948,,,,3.2,4.0,mtbproject_avg,,1,dblack,,"Hamilton, Montana",Montana,United States,,,,mtbproject_trailhead,difficulty=dblack
mtb-7031923,mtbproject,https://www.mtbproject.com/trail/7031923/copper-city-mt,"Copper City, MT",45.9906,-111.5686,point_trailhead,45.9906,-111.5686,,,,5.4,5.0,mtbproject_avg,,1,green,,"Three Forks, Montana",Montana,United States,,,,mtbproject_trailhead,difficulty=green
mtb-5766794,mtbproject,https://www.mtbproject.com/trail/5766794/makwa,Makwa,46.1086,-91.2971,point_trailhead,46.1086,-91.2971,,,,22.1,3.8,mtbproject_avg,,6,greenBlue,,"Seeley, Wisconsin",Wisconsin,United States,,,,mtbproject_trailhead,difficulty=greenBlue
mtb-137886,mtbproject,https://www.mtbproject.com/trail/137886/patsy-lake,Patsy Lake,46.1603,-91.1149,point_trailhead,46.1603,-91.1149,,,,6.2,4.0,mtbproject_avg,,5,green,,"Namakagon, Wisconsin",Wisconsin,United States,,,,mtbproject_trailhead,difficulty=green
mtb-7017493,mtbproject,https://www.mtbproject.com/trail/7017493/roller-creek-trail,Roller Creek Trail,46.1891,-89.8794,point_trailhead,46.1891,-89.8794,,,,1.3,5.0,mtbproject_avg,,5,greenBlue,,"Manitowish Waters, Wisconsin",Wisconsin,United States,,,,mtbproject_trailhead,difficulty=greenBlue
mtb-7017489,mtbproject,https://www.mtbproject.com/trail/7017489/green-trail,Green Trail,46.1888,-89.8792,point_trailhead,46.1888,-89.8792,,,,0.9,5.0,mtbproject_avg,,4,greenBlue,,"Manitowish Waters, Wisconsin",Wisconsin,United States,,,,mtbproject_trailhead,difficulty=greenBlue
mtb-7014518,mtbproject,https://www.mtbproject.com/trail/7014518/valley-spur-singletrack,Valley Spur Singletrack,46.3625,-86.7091,point_trailhead,46.3625,-86.7091,,,,5.8,4.6,mtbproject_avg,,5,greenBlue,,"Munising, Michigan",Michigan,United States,,,,mtbproject_trailhead,difficulty=greenBlue
mtb-7018195,mtbproject,https://www.mtbproject.com/trail/7018195/mima-falls-west,Mima Falls West,46.9029,-123.062,point_trailhead,46.9029,-123.062,,,,4.0,4.0,mtbproject_avg,,2,greenBlue,,"Rochester, Washington",Washington,United States,,,,mtbproject_trailhead,difficulty=greenBlue
mtb-7033518,mtbproject,https://www.mtbproject.com/trail/7033518/gunsmoke,Gunsmoke,46.9457,-120.6539,point_trailhead,46.9457,-120.6539,,,,1.8,5.0,mtbproject_avg,,2,greenBlue,,"Ellensburg, Washington",Washington,United States,,,,mtbproject_trailhead,difficulty=greenBlue
mtb-7033516,mtbproject,https://www.mtbproject.com/trail/7033516/hippies-use-the-side-door,Hippies Use The Side Door,46.9136,-120.6405,point_trailhead,46.9136,-120.6405,,,,0.5,5.0,mtbproject_avg,,1,greenBlue,,"Ellensburg, Washington",Washington,United States,,,,mtbproject_trailhead,difficulty=greenBlue
mtb-7005929,mtbproject,https://www.mtbproject.com/trail/7005929/cowiche-canyon-trail,Cowiche Canyon Trail,46.6222,-120.6153,point_trailhead,46.6222,-120.6153,,,,2.9,4.0,mtbproject_avg,,1,green,,"West Valley, Washington",Washington,United States,,,,mtbproject_trailhead,difficulty=green
mtb-7005937,mtbproject,https://www.mtbproject.com/trail/7005937/uplands-transverse-trail,Uplands Transverse Trail,46.6096,-120.6368,point_trailhead,46.6096,-120.6368,,,,2.0,4.0,mtbproject_avg,,1,greenBlue,,"West Valley, Washington",Washington,United States,,,,mtbproject_trailhead,difficulty=greenBlue
mtb-7034703,mtbproject,https://www.mtbproject.com/trail/7034703/pine-oasis,Pine Oasis,46.9493,-120.6495,point_trailhead,46.9493,-120.6495,,,,2.8,4.0,mtbproject_avg,,1,greenBlue,,"Ellensburg, Washington",Washington,United States,,,,mtbproject_trailhead,difficulty=greenBlue
mtb-7027227,mtbproject,https://www.mtbproject.com/trail/7027227/palouse-canyon-trail-765,Palouse Canyon Trail #765,46.7736,-116.4564,point_trailhead,46.7736,-116.4564,,,,5.4,4.0,mtbproject_avg,,1,greenBlue,,"Clarkia, Idaho",Idaho,United States,,,,mtbproject_trailhead,difficulty=greenBlue
mtb-7017611,mtbproject,https://www.mtbproject.com/trail/7017611/great-burn-chilcoot-pass-loop,Great Burn - Chilcoot Pass Loop,46.9086,-114.8034,point_trailhead,46.9086,-114.8034,,,,22.6,5.0,mtbproject_avg,,1,dblack,,"Superior, Montana",Montana,United States,,,,mtbproject_trailhead,difficulty=dblack
mtb-7017617,mtbproject,https://www.mtbproject.com/trail/7017617/siamese-lakes-trail-114,Siamese Lakes Trail #114,46.865,-114.9,point_trailhead,46.865,-114.9,,,,3.3,5.0,mtbproject_avg,,1,dblack,,"Superior, Montana",Montana,United States,,,,mtbproject_trailhead,difficulty=dblack
mtb-7017615,mtbproject,https://www.mtbproject.com/trail/7017615/straight-creek-trail-99,Straight Creek Trail #99,46.9105,-114.815,point_trailhead,46.9105,-114.815,,,,8.7,4.0,mtbproject_avg,,1,dblack,,"Superior, Montana",Montana,United States,,,,mtbproject_trailhead,difficulty=dblack
mtb-7011627,mtbproject,https://www.mtbproject.com/trail/7011627/304-dr-suess,3.04 - Dr. Suess,46.8267,-114.0882,point_trailhead,46.8267,-114.0882,,,,2.1,4.0,mtbproject_avg,,2,greenBlue,,"Orchard Homes, Montana",Montana,United States,,,,mtbproject_trailhead,difficulty=greenBlue
mtb-7029715,mtbproject,https://www.mtbproject.com/trail/7029715/sound-of-music,Sound of Music,46.895,-113.9433,point_trailhead,46.895,-113.9433,,,,1.3,4.0,mtbproject_avg,,1,greenBlue,,"Missoula, Montana",Montana,United States,,,,mtbproject_trailhead,difficulty=greenBlue
mtb-7005940,mtbproject,https://www.mtbproject.com/trail/7005940/ranch-creek,Ranch Creek,46.5741,-113.6574,point_trailhead,46.5741,-113.6574,,,,9.3,4.0,mtbproject_avg,,2,dblack,,"Clinton, Montana",Montana,United States,,,,mtbproject_trailhead,difficulty=dblack
mtb-7002919,mtbproject,https://www.mtbproject.com/trail/7002919/rodney-ridge-top-of-the-world-to-rent-money,Rodney Ridge: Top of the World to Rent Money,46.5868,-112.0399,point_trailhead,46.5868,-112.0399,,,,8.0,4.2,mtbproject_avg,,5,greenBlue,,"Helena, Montana",Montana,United States,,,,mtbproject_trailhead,difficulty=greenBlue
mtb-7007004,mtbproject,https://www.mtbproject.com/trail/7007004/eddye-mcclure-east-trail,Eddye McClure East Trail,46.5635,-111.9946,point_trailhead,46.5635,-111.9946,,,,2.4,5.0,mtbproject_avg,,1,greenBlue,,"Helena, Montana",Montana,United States,,,,mtbproject_trailhead,difficulty=greenBlue
mtb-7032332,mtbproject,https://www.mtbproject.com/trail/7032332/maah-daah-hey-trail-rte-94-mile-48,Maah Daah Hey Trail: Rte 94 - Mile 48,46.9301,-103.5497,point_trailhead,46.9301,-103.5497,,,,4.7,4.0,mtbproject_avg,,1,missing,,", North Dakota",North Dakota,United States,,,,mtbproject_trailhead,difficulty=missing
mtb-7002903,mtbproject,https://www.mtbproject.com/trail/7002903/pioneer-parkbsc-loop,Pioneer Park/BSC Loop,46.8278,-100.8279,point_trailhead,46.8278,-100.8279,,,,5.2,4.0,mtbproject_avg,,3,greenBlue,,"Bismarck, North Dakota",North Dakota,United States,,,,mtbproject_trailhead,difficulty=greenBlue
mtb-7009810,mtbproject,https://www.mtbproject.com/trail/7009810/little-sioux-loop,Little Sioux Loop,46.7747,-100.8531,point_trailhead,46.7747,-100.8531,,,,1.1,5.0,mtbproject_avg,,1,green,,"Mandan, North Dakota",North Dakota,United States,,,,mtbproject_trailhead,difficulty=green
mtb-7007946,mtbproject,https://www.mtbproject.com/trail/7007946/harmon-lake-trail,Harmon Lake Trail,46.9422,-100.9643,point_trailhead,46.9422,-100.9643,,,,13.5,4.5,mtbproject_avg,,8,greenBlue,,"Mandan, North Dakota",North Dakota,United States,,,,mtbproject_trailhead,difficulty=greenBlue
mtb-7013898,mtbproject,https://www.mtbproject.com/trail/7013898/bridge-loop,Bridge Loop,46.8204,-100.8364,point_trailhead,46.8204,-100.8364,,,,0.9,4.0,mtbproject_avg,,1,green,,"Mandan, North Dakota",North Dakota,United States,,,,mtbproject_trailhead,difficulty=green
mtb-7009809,mtbproject,https://www.mtbproject.com/trail/7009809/bob-tailed-bull-pass,Bob-Tailed Bull Pass,46.7681,-100.8564,point_trailhead,46.7681,-100.8564,,,,1.0,4.0,mtbproject_avg,,1,greenBlue,,"Mandan, North Dakota",North Dakota,United States,,,,mtbproject_trailhead,difficulty=greenBlue
mtb-7006137,mtbproject,https://www.mtbproject.com/trail/7006137/swayze-train,Swayze Train,46.8172,-95.7795,point_trailhead,46.8172,-95.7795,,,,0.3,5.0,mtbproject_avg,,1,black,,"Detroit Lakes, Minnesota",Minnesota,United States,,,,mtbproject_trailhead,mtbproject type=Connector
mtb-7014774,mtbproject,https://www.mtbproject.com/trail/7014774/don-johnson,Don Johnson,46.8175,-95.7793,point_trailhead,46.8175,-95.7793,,,,0.2,5.0,mtbproject_avg,,1,blueBlack,,"Detroit Lakes, Minnesota",Minnesota,United States,,,,mtbproject_trailhead,mtbproject type=Connector
mtb-7017557,mtbproject,https://www.mtbproject.com/trail/7017557/twisted-sister,Twisted Sister,46.8113,-95.786,point_trailhead,46.8113,-95.786,,,,1.7,4.0,mtbproject_avg,,3,greenBlue,,"Detroit Lakes, Minnesota",Minnesota,United States,,,,mtbproject_trailhead,difficulty=greenBlue
mtb-7017497,mtbproject,https://www.mtbproject.com/trail/7017497/ez-ryder,EZ-RYDER,46.811,-95.7855,point_trailhead,46.811,-95.7855,,,,1.0,4.0,mtbproject_avg,,3,greenBlue,,"Detroit Lakes, Minnesota",Minnesota,United States,,,,mtbproject_trailhead,difficulty=greenBlue
mtb-7014767,mtbproject,https://www.mtbproject.com/trail/7014767/schezwan,Schezwan,46.8156,-95.7771,point_trailhead,46.8156,-95.7771,,,,0.3,4.0,mtbproject_avg,,1,greenBlue,,"Detroit Lakes, Minnesota",Minnesota,United States,,,,mtbproject_trailhead,difficulty=greenBlue
mtb-7014769,mtbproject,https://www.mtbproject.com/trail/7014769/buckhorn,Buckhorn,46.8156,-95.7771,point_trailhead,46.8156,-95.7771,,,,0.5,3.8,mtbproject_avg,,4,greenBlue,,"Detroit Lakes, Minnesota",Minnesota,United States,,,,mtbproject_trailhead,difficulty=greenBlue
mtb-4317398,mtbproject,https://www.mtbproject.com/trail/4317398/sand-hog-mountain,Sand Hog Mountain,46.4804,-94.0062,point_trailhead,46.4804,-94.0062,,,,1.1,4.9,mtbproject_avg,,8,greenBlue,,"Crosby, Minnesota",Minnesota,United States,,,,mtbproject_trailhead,difficulty=greenBlue
mtb-4288353,mtbproject,https://www.mtbproject.com/trail/4288353/timber-shaft,Timber Shaft,46.4979,-93.9447,point_trailhead,46.4979,-93.9447,,,,0.2,5.0,mtbproject_avg,,1,dblack,,"Crosby, Minnesota",Minnesota,United States,,,,mtbproject_trailhead,difficulty=dblack
mtb-7016022,mtbproject,https://www.mtbproject.com/trail/7016022/drag-line-south,Drag Line South,46.4862,-93.9749,point_trailhead,46.4862,-93.9749,,,,1.7,4.7,mtbproject_avg,,3,greenBlue,,"Crosby, Minnesota",Minnesota,United States,,,,mtbproject_trailhead,difficulty=greenBlue
mtb-4214336,mtbproject,https://www.mtbproject.com/trail/4214336/drag-line-north,Drag Line North,46.4862,-93.9759,point_trailhead,46.4862,-93.9759,,,,1.8,4.3,mtbproject_avg,,3,green,,"Crosby, Minnesota",Minnesota,United States,,,,mtbproject_trailhead,difficulty=green
mtb-4293492,mtbproject,https://www.mtbproject.com/trail/4293492/man-high-hill,Man High Hill,46.4923,-93.9622,point_trailhead,46.4923,-93.9622,,,,0.7,4.3,mtbproject_avg,,3,greenBlue,,"Crosby, Minnesota",Minnesota,United States,,,,mtbproject_trailhead,difficulty=greenBlue
mtb-3956412,mtbproject,https://www.mtbproject.com/trail/3956412/boot-camp,Boot Camp,46.475,-94.0204,point_trailhead,46.475,-94.0204,,,,0.9,4.3,mtbproject_avg,,3,green,,"Crosby, Minnesota",Minnesota,United States,,,,mtbproject_trailhead,difficulty=green
mtb-3962789,mtbproject,https://www.mtbproject.com/trail/3962789/easy-street,Easy Street,46.4846,-93.9939,point_trailhead,46.4846,-93.9939,,,,1.3,4.0,mtbproject_avg,,5,green,,"Crosby, Minnesota",Minnesota,United States,,,,mtbproject_trailhead,difficulty=green
mtb-4679928,mtbproject,https://www.mtbproject.com/trail/4679928/manuel-drive,Manuel Drive,46.4992,-93.9433,point_trailhead,46.4992,-93.9433,,,,0.5,4.0,mtbproject_avg,,5,greenBlue,,"Crosby, Minnesota",Minnesota,United States,,,,mtbproject_trailhead,difficulty=greenBlue
mtb-4317355,mtbproject,https://www.mtbproject.com/trail/4317355/little-sidewinder,Little Sidewinder,46.4782,-94.0125,point_trailhead,46.4782,-94.0125,,,,1.0,4.0,mtbproject_avg,,1,green,,"Crosby, Minnesota",Minnesota,United States,,,,mtbproject_trailhead,difficulty=green
mtb-4293435,mtbproject,https://www.mtbproject.com/trail/4293435/skip,Skip,46.499,-93.9431,point_trailhead,46.499,-93.9431,,,,0.2,4.0,mtbproject_avg,,1,blue,,"Crosby, Minnesota",Minnesota,United States,,,,mtbproject_trailhead,mtbproject type=Connector
mtb-4197751,mtbproject,https://www.mtbproject.com/trail/4197751/haul-road,Haul Road,46.4991,-93.9442,point_trailhead,46.4991,-93.9442,,,,1.0,3.8,mtbproject_avg,,4,green,,"Crosby, Minnesota",Minnesota,United States,,,,mtbproject_trailhead,difficulty=green
mtb-4214284,mtbproject,https://www.mtbproject.com/trail/4214284/switchback,Switchback,46.4842,-93.993,point_trailhead,46.4842,-93.993,,,,1.1,3.8,mtbproject_avg,,4,greenBlue,,"Crosby, Minnesota",Minnesota,United States,,,,mtbproject_trailhead,difficulty=greenBlue
mtb-7021011,mtbproject,https://www.mtbproject.com/trail/7021011/duluth-traverse-dt,Duluth Traverse (DT),46.6618,-92.2826,point_trailhead,46.6618,-92.2826,,,,43.0,4.3,mtbproject_avg,,11,greenBlue,,"Duluth, Minnesota",Minnesota,United States,,,,mtbproject_trailhead,difficulty=greenBlue
mtb-5983372,mtbproject,https://www.mtbproject.com/trail/5983372/upper-cathedral,Upper Cathedral,46.6746,-92.2958,point_trailhead,46.6746,-92.2958,,,,3.8,4.8,mtbproject_avg,,5,green,,"Esko, Minnesota",Minnesota,United States,,,,mtbproject_trailhead,difficulty=green
mtb-5983340,mtbproject,https://www.mtbproject.com/trail/5983340/st-louis-river-trail-duluth-traverse,St. Louis River Trail - Duluth Traverse,46.6734,-92.2965,point_trailhead,46.6734,-92.2965,,,,2.0,4.8,mtbproject_avg,,5,green,,"Duluth, Minnesota",Minnesota,United States,,,,mtbproject_trailhead,difficulty=green
mtb-7027910,mtbproject,https://www.mtbproject.com/trail/7027910/tbd-duluth-traverse,TBD-Duluth Traverse,46.6901,-92.2789,point_trailhead,46.6901,-92.2789,,,,0.5,5.0,mtbproject_avg,,1,green,,"Duluth, Minnesota",Minnesota,United States,,,,mtbproject_trailhead,difficulty=green
mtb-5983217,mtbproject,https://www.mtbproject.com/trail/5983217/loki,Loki,46.6659,-92.2843,point_trailhead,46.6659,-92.2843,,,,1.7,4.4,mtbproject_avg,,5,greenBlue,,"Esko, Minnesota",Minnesota,United States,,,,mtbproject_trailhead,difficulty=greenBlue
mtb-7027909,mtbproject,https://www.mtbproject.com/trail/7027909/mission-creek-connector,Mission Creek Connector,46.6807,-92.2859,point_trailhead,46.6807,-92.2859,,,,1.3,4.0,mtbproject_avg,,1,green,,"Duluth, Minnesota",Minnesota,United States,,,,mtbproject_trailhead,difficulty=green
mtb-5738254,mtbproject,https://www.mtbproject.com/trail/5738254/lester-river-trail-duluth-traverse,Lester River Trail - Duluth Traverse,46.8404,-92.0066,point_trailhead,46.8404,-92.0066,,,,3.7,4.8,mtbproject_avg,,11,greenBlue,,"Arnold, Minnesota",Minnesota,United States,,,,mtbproject_trailhead,difficulty=greenBlue
mtb-5399478,mtbproject,https://www.mtbproject.com/trail/5399478/admiral-rockbar,Admiral Rockbar,46.7618,-92.1662,point_trailhead,46.7618,-92.1662,,,,0.7,5.0,mtbproject_avg,,5,dblack,,"Duluth, Minnesota",Minnesota,United States,,,,mtbproject_trailhead,difficulty=dblack
mtb-5745678,mtbproject,https://www.mtbproject.com/trail/5745678/happy-camper,Happy Camper,46.7165,-92.2207,point_trailhead,46.7165,-92.2207,,,,1.7,5.0,mtbproject_avg,,4,greenBlue,,"Proctor, Minnesota",Minnesota,United States,,,,mtbproject_trailhead,difficulty=greenBlue
mtb-7001634,mtbproject,https://www.mtbproject.com/trail/7001634/dm,DM,46.7675,-92.1535,point_trailhead,46.7675,-92.1535,,,,0.3,5.0,mtbproject_avg,,3,dblack,,"Duluth, Minnesota",Minnesota,United States,,,,mtbproject_trailhead,difficulty=dblack
mtb-7008058,mtbproject,https://www.mtbproject.com/trail/7008058/enger-trail-duluth-traverse,Enger Trail - Duluth Traverse,46.7782,-92.1217,point_trailhead,46.7782,-92.1217,,,,1.9,4.8,mtbproject_avg,,5,green,,"Duluth, Minnesota",Minnesota,United States,,,,mtbproject_trailhead,difficulty=green
mtb-7020571,mtbproject,https://www.mtbproject.com/trail/7020571/keene-duluth-traverse,Keene - Duluth Traverse,46.7386,-92.1799,point_trailhead,46.7386,-92.1799,,,,1.8,4.8,mtbproject_avg,,4,greenBlue,,"Proctor, Minnesota",Minnesota,United States,,,,mtbproject_trailhead,difficulty=greenBlue
mtb-7001924,mtbproject,https://www.mtbproject.com/trail/7001924/bones-of-the-beast-bob,Bones of the Beast (BOB),46.7675,-92.1533,point_trailhead,46.7675,-92.1533,,,,0.2,4.7,mtbproject_avg,,3,dblack,,"Duluth, Minnesota",Minnesota,United States,,,,mtbproject_trailhead,difficulty=dblack
mtb-7001647,mtbproject,https://www.mtbproject.com/trail/7001647/dr-diablo,Dr. Diablo,46.7675,-92.1535,point_trailhead,46.7675,-92.1535,,,,0.2,4.7,mtbproject_avg,,3,dblack,,"Duluth, Minnesota",Minnesota,United States,,,,mtbproject_trailhead,difficulty=dblack
mtb-5399230,mtbproject,https://www.mtbproject.com/trail/5399230/lower-burner-of-stovetop-duluth-traverse,Lower Burner of Stovetop - Duluth Traverse,46.7624,-92.1701,point_trailhead,46.7624,-92.1701,,,,1.2,4.5,mtbproject_avg,,6,greenBlue,,"Proctor, Minnesota",Minnesota,United States,,,,mtbproject_trailhead,difficulty=greenBlue
mtb-5739233,mtbproject,https://www.mtbproject.com/trail/5739233/lollygagger-duluth-traverse,Lollygagger - Duluth Traverse,46.7628,-92.1712,point_trailhead,46.7628,-92.1712,,,,1.2,4.4,mtbproject_avg,,5,greenBlue,,"Duluth, Minnesota",Minnesota,United States,,,,mtbproject_trailhead,difficulty=greenBlue
mtb-7008067,mtbproject,https://www.mtbproject.com/trail/7008067/observation-hill-duluth-traverse,Observation Hill - Duluth Traverse,46.7826,-92.1219,point_trailhead,46.7826,-92.1219,,,,0.4,4.3,mtbproject_avg,,3,green,,"Duluth, Minnesota",Minnesota,United States,,,,mtbproject_trailhead,difficulty=green
mtb-7019982,mtbproject,https://www.mtbproject.com/trail/7019982/lincoln-duluth-traverse,Lincoln - Duluth Traverse,46.7664,-92.1504,point_trailhead,46.7664,-92.1504,,,,1.1,4.0,mtbproject_avg,,4,greenBlue,,"Duluth, Minnesota",Minnesota,United States,,,,mtbproject_trailhead,difficulty=greenBlue
mtb-7019981,mtbproject,https://www.mtbproject.com/trail/7019981/miller-creek-duluth-traverse,Miller Creek - Duluth Traverse,46.7683,-92.1403,point_trailhead,46.7683,-92.1403,,,,0.5,4.0,mtbproject_avg,,4,greenBlue,,"Duluth, Minnesota",Minnesota,United States,,,,mtbproject_trailhead,difficulty=greenBlue
mtb-7007849,mtbproject,https://www.mtbproject.com/trail/7007849/morningside-trail-duluth-traverse,Morningside Trail - Duluth Traverse,46.847,-92.0656,point_trailhead,46.847,-92.0656,,,,1.9,4.0,mtbproject_avg,,3,green,,"Duluth, Minnesota",Minnesota,United States,,,,mtbproject_trailhead,difficulty=green
mtb-7030904,mtbproject,https://www.mtbproject.com/trail/7030904/tbd-duluth-traverse,TBD (Duluth Traverse),46.8053,-92.1126,point_trailhead,46.8053,-92.1126,,,,1.1,4.0,mtbproject_avg,,2,greenBlue,,"Duluth, Minnesota",Minnesota,United States,,,,mtbproject_trailhead,difficulty=greenBlue
mtb-7026568,mtbproject,https://www.mtbproject.com/trail/7026568/kingsbury-duluth-traverse,Kingsbury (Duluth Traverse),46.7233,-92.2012,point_trailhead,46.7233,-92.2012,,,,0.6,4.0,mtbproject_avg,,1,green,,"Proctor, Minnesota",Minnesota,United States,,,,mtbproject_trailhead,difficulty=green
mtb-7026603,mtbproject,https://www.mtbproject.com/trail/7026603/sprung-a-leek,Sprung A Leek,46.7166,-92.2206,point_trailhead,46.7166,-92.2206,,,,0.2,4.0,mtbproject_avg,,1,greenBlue,,"Proctor, Minnesota",Minnesota,United States,,,,mtbproject_trailhead,difficulty=greenBlue
mtb-7026577,mtbproject,https://www.mtbproject.com/trail/7026577/expert-jump-line,Expert Jump Line,46.7162,-92.2082,point_trailhead,46.7162,-92.2082,,,,0.1,4.0,mtbproject_avg,,1,dblack,,"Duluth, Minnesota",Minnesota,United States,,,,mtbproject_trailhead,difficulty=dblack
mtb-7008723,mtbproject,https://www.mtbproject.com/trail/7008723/hot-saw,Hot Saw,46.7675,-90.9055,point_trailhead,46.7675,-90.9055,,,,2.4,4.5,mtbproject_avg,,2,greenBlue,,"Washburn, Wisconsin",Wisconsin,United States,,,,mtbproject_trailhead,difficulty=greenBlue
mtb-7034386,mtbproject,https://www.mtbproject.com/trail/7034386/iron-belle-trail,Iron Belle Trail,46.4521,-90.1787,point_trailhead,46.4521,-90.1787,,,,7.0,5.0,mtbproject_avg,,1,green,,"Ironwood, Michigan",Michigan,United States,,,,mtbproject_trailhead,difficulty=green
mtb-7025632,mtbproject,https://www.mtbproject.com/trail/7025632/beginner-loop-trail,Beginner Loop Trail,46.593,-90.0913,point_trailhead,46.593,-90.0913,,,,0.8,5.0,mtbproject_avg,,3,greenBlue,,"Bessemer, Michigan",Michigan,United States,,,,mtbproject_trailhead,difficulty=greenBlue
mtb-5791556,mtbproject,https://www.mtbproject.com/trail/5791556/adventure-trails-complete,Adventure Trails complete,46.7743,-89.0827,point_trailhead,46.7743,-89.0827,,,,3.4,5.0,mtbproject_avg,,3,dblack,,"Ontonagon, Michigan",Michigan,United States,,,,mtbproject_trailhead,difficulty=dblack
mtb-7004613,mtbproject,https://www.mtbproject.com/trail/7004613/grom-loop,Grom Loop,46.5137,-87.4124,point_trailhead,46.5137,-87.4124,,,,1.4,4.5,mtbproject_avg,,4,green,,"Marquette, Michigan",Michigan,United States,,,,mtbproject_trailhead,difficulty=green
mtb-7004294,mtbproject,https://www.mtbproject.com/trail/7004294/ez-pz,EZ PZ,46.5713,-87.4356,point_trailhead,46.5713,-87.4356,,,,1.8,4.5,mtbproject_avg,,2,greenBlue,,"Trowbridge Park, Michigan",Michigan,United States,,,,mtbproject_trailhead,difficulty=greenBlue
mtb-7004740,mtbproject,https://www.mtbproject.com/trail/7004740/smiley,Smiley,46.5232,-87.4376,point_trailhead,46.5232,-87.4376,,,,0.9,4.5,mtbproject_avg,,2,greenBlue,,"Trowbridge Park, Michigan",Michigan,United States,,,,mtbproject_trailhead,difficulty=greenBlue
mtb-7009301,mtbproject,https://www.mtbproject.com/trail/7009301/harlow-farms-connector-trail,Harlow Farms Connector Trail,46.5452,-87.4272,point_trailhead,46.5452,-87.4272,,,,2.3,4.0,mtbproject_avg,,2,greenBlue,,"Trowbridge Park, Michigan",Michigan,United States,,,,mtbproject_trailhead,difficulty=greenBlue
mtb-7004624,mtbproject,https://www.mtbproject.com/trail/7004624/mossy,Mossy,46.5199,-87.4149,point_trailhead,46.5199,-87.4149,,,,0.4,4.0,mtbproject_avg,,1,blue,,"Marquette, Michigan",Michigan,United States,,,,mtbproject_trailhead,mtbproject type=Connector
mtb-7008210,mtbproject,https://www.mtbproject.com/trail/7008210/south-divide-trail,South Divide Trail,46.9719,-123.1214,point_trailhead,46.9719,-123.1214,,,,2.9,4.0,mtbproject_avg,,3,greenBlue,,"Rochester, Washington",Washington,United States,,,,mtbproject_trailhead,difficulty=greenBlue
mtb-7028415,mtbproject,https://www.mtbproject.com/trail/7028415/blood-pressure,Blood Pressure,47.3933,-122.6845,point_trailhead,47.3933,-122.6845,,,,0.4,5.0,mtbproject_avg,,1,dblack,,"Wauna, Washington",Washington,United States,,,,mtbproject_trailhead,difficulty=dblack
mtb-7019468,mtbproject,https://www.mtbproject.com/trail/7019468/tnt,TNT,47.2088,-122.3994,point_trailhead,47.2088,-122.3994,,,,0.1,4.0,mtbproject_avg,,2,dblack,,"Tacoma, Washington",Washington,United States,,,,mtbproject_trailhead,difficulty=dblack
mtb-7028413,mtbproject,https://www.mtbproject.com/trail/7028413/pump-track,Pump Track,47.3931,-122.681,point_trailhead,47.3931,-122.681,,,,0.1,4.0,mtbproject_avg,,1,greenBlue,,"Wauna, Washington",Washington,United States,,,,mtbproject_trailhead,difficulty=greenBlue
mtb-7020684,mtbproject,https://www.mtbproject.com/trail/7020684/sasquatch,Sasquatch,47.3435,-122.0056,point_trailhead,47.3435,-122.0056,,,,0.9,4.0,mtbproject_avg,,4,greenBlue,,"Ravensdale, Washington",Washington,United States,,,,mtbproject_trailhead,difficulty=greenBlue
mtb-7005868,mtbproject,https://www.mtbproject.com/trail/7005868/carbon-river-trail,Carbon River Trail,46.995,-121.9163,point_trailhead,46.995,-121.9163,,,,5.0,4.0,mtbproject_avg,,2,greenBlue,,"Buckley, Washington",Washington,United States,,,,mtbproject_trailhead,difficulty=greenBlue
mtb-7012921,mtbproject,https://www.mtbproject.com/trail/7012921/anaconda,Anaconda,47.3558,-121.9955,point_trailhead,47.3558,-121.9955,,,,1.4,4.0,mtbproject_avg,,1,green,,"Ravensdale, Washington",Washington,United States,,,,mtbproject_trailhead,difficulty=green
mtb-7013767,mtbproject,https://www.mtbproject.com/trail/7013767/big-beaver-loop,Big Beaver Loop,47.3474,-122.0108,point_trailhead,47.3474,-122.0108,,,,1.2,4.0,mtbproject_avg,,1,greenBlue,,"Ravensdale, Washington",Washington,United States,,,,mtbproject_trailhead,difficulty=greenBlue
mtb-7012922,mtbproject,https://www.mtbproject.com/trail/7012922/viper,Viper,47.3501,-122.0028,point_trailhead,47.3501,-122.0028,,,,0.4,4.0,mtbproject_avg,,1,green,,"Ravensdale, Washington",Washington,United States,,,,mtbproject_trailhead,difficulty=green
mtb-7028518,mtbproject,https://www.mtbproject.com/trail/7028518/deep-creek-trail-1196,Deep Creek Trail #1196,47.0277,-121.4909,point_trailhead,47.0277,-121.4909,,,,3.8,4.7,mtbproject_avg,,3,dblack,,"Buckley, Washington",Washington,United States,,,,mtbproject_trailhead,difficulty=dblack
mtb-7033592,mtbproject,https://www.mtbproject.com/trail/7033592/manastash-ridge-northface-ride,Manastash Ridge Northface Ride,46.9677,-120.6454,point_trailhead,46.9677,-120.6454,,,,7.9,5.0,mtbproject_avg,,1,greenBlue,,"Ellensburg, Washington",Washington,United States,,,,mtbproject_trailhead,difficulty=greenBlue
mtb-7033488,mtbproject,https://www.mtbproject.com/trail/7033488/mrs-robinson,Mrs. Robinson,46.9451,-120.653,point_trailhead,46.9451,-120.653,,,,0.7,4.0,mtbproject_avg,,1,greenBlue,,"Ellensburg, Washington",Washington,United States,,,,mtbproject_trailhead,difficulty=greenBlue
mtb-6592387,mtbproject,https://www.mtbproject.com/trail/6592387/feather-creek-loop-trail-outer,Feather Creek Loop Trail - Outer,46.9384,-116.4134,point_trailhead,46.9384,-116.4134,,,,12.4,4.0,mtbproject_avg,,3,greenBlue,,"Clarkia, Idaho",Idaho,United States,,,,mtbproject_trailhead,difficulty=greenBlue
mtb-6593326,mtbproject,https://www.mtbproject.com/trail/6593326/feather-creek-loop-trail-inner,Feather Creek Loop Trail - Inner,46.9386,-116.4117,point_trailhead,46.9386,-116.4117,,,,2.0,3.8,mtbproject_avg,,4,greenBlue,,"Clarkia, Idaho",Idaho,United States,,,,mtbproject_trailhead,difficulty=greenBlue
mtb-7000303,mtbproject,https://www.mtbproject.com/trail/7000303/lookout-mountainmarble-creek-loop,Lookout Mountain/Marble Creek Loop,47.1241,-116.0967,point_trailhead,47.1241,-116.0967,,,,34.5,4.0,mtbproject_avg,,2,dblack,,"Clarkia, Idaho",Idaho,United States,,,,mtbproject_trailhead,difficulty=dblack
mtb-7025888,mtbproject,https://www.mtbproject.com/trail/7025888/moon-pass-road,Moon Pass Road,47.351,-115.7367,point_trailhead,47.351,-115.7367,,,,9.4,5.0,mtbproject_avg,,1,green,,"Wallace, Idaho",Idaho,United States,,,,mtbproject_trailhead,difficulty=green
mtb-7025893,mtbproject,https://www.mtbproject.com/trail/7025893/north-fork-st-joe-river-trail,North Fork St. Joe River Trail,47.295,-115.7728,point_trailhead,47.295,-115.7728,,,,4.5,5.0,mtbproject_avg,,1,greenBlue,,"Wallace, Idaho",Idaho,United States,,,,mtbproject_trailhead,difficulty=greenBlue
mtb-7000662,mtbproject,https://www.mtbproject.com/trail/7000662/lookout-mountain-trail-52,Lookout Mountain Trail #52,47.1113,-115.9506,point_trailhead,47.1113,-115.9506,,,,6.4,4.0,mtbproject_avg,,2,dblack,,"Clarkia, Idaho",Idaho,United States,,,,mtbproject_trailhead,difficulty=dblack
mtb-7015166,mtbproject,https://www.mtbproject.com/trail/7015166/trail-of-the-hiawatha,Trail of the Hiawatha,47.3965,-115.6351,point_trailhead,47.3965,-115.6351,,,,15.1,4.7,mtbproject_avg,,7,green,,"Wallace, Idaho",Idaho,United States,,,,mtbproject_trailhead,difficulty=green
mtb-7025889,mtbproject,https://www.mtbproject.com/trail/7025889/north-fork-st-joe-river-road,North Fork St. Joe River Road,47.3535,-115.736,point_trailhead,47.3535,-115.736,,,,6.1,5.0,mtbproject_avg,,1,green,,"Wallace, Idaho",Idaho,United States,,,,mtbproject_trailhead,difficulty=green
mtb-7025894,mtbproject,https://www.mtbproject.com/trail/7025894/olympian-rail-trail,Olympian Rail Trail,47.3967,-115.635,point_trailhead,47.3967,-115.635,,,,32.1,4.0,mtbproject_avg,,1,green,,"Thompson Falls, Montana",Montana,United States,,,,mtbproject_trailhead,difficulty=green
mtb-6243810,mtbproject,https://www.mtbproject.com/trail/6243810/mineral-peak-trail,Mineral Peak Trail,46.996,-113.8023,point_trailhead,46.996,-113.8023,,,,2.1,5.0,mtbproject_avg,,1,dblack,,"Bonner-West Riverside, Montana",Montana,United States,,,,mtbproject_trailhead,difficulty=dblack
mtb-7003268,mtbproject,https://www.mtbproject.com/trail/7003268/overlook-trail,Overlook Trail,46.9477,-98.7015,point_trailhead,46.9477,-98.7015,,,,4.6,4.3,mtbproject_avg,,3,greenBlue,,"Jamestown, North Dakota",North Dakota,United States,,,,mtbproject_trailhead,difficulty=greenBlue
mtb-3908639,mtbproject,https://www.mtbproject.com/trail/3908639/michigan-tech-easy-loop,Michigan Tech Easy Loop,47.1075,-88.5524,point_trailhead,47.1075,-88.5524,,,,4.5,4.0,mtbproject_avg,,3,green,,"Houghton, Michigan",Michigan,United States,,,,mtbproject_trailhead,difficulty=green
mtb-4001247,mtbproject,https://www.mtbproject.com/trail/4001247/gnome-loop,Gnome Loop,47.0999,-88.5567,point_trailhead,47.0999,-88.5567,,,,0.5,4.0,mtbproject_avg,,1,green,,"Houghton, Michigan",Michigan,United States,,,,mtbproject_trailhead,difficulty=green
mtb-4001269,mtbproject,https://www.mtbproject.com/trail/4001269/elf-loop,Elf Loop,47.0995,-88.5567,point_trailhead,47.0995,-88.5567,,,,0.9,4.0,mtbproject_avg,,1,green,,"Houghton, Michigan",Michigan,United States,,,,mtbproject_trailhead,difficulty=green
mtb-4000618,mtbproject,https://www.mtbproject.com/trail/4000618/troll-loop,Troll Loop,47.1037,-88.5547,point_trailhead,47.1037,-88.5547,,,,0.9,4.0,mtbproject_avg,,1,green,,"Houghton, Michigan",Michigan,United States,,,,mtbproject_trailhead,difficulty=green
mtb-7020143,mtbproject,https://www.mtbproject.com/trail/7020143/sidewinder,Sidewinder,47.4778,-122.5558,point_trailhead,47.4778,-122.5558,,,,0.6,4.0,mtbproject_avg,,3,greenBlue,,"Banner, Washington",Washington,United States,,,,mtbproject_trailhead,difficulty=greenBlue
mtb-7014395,mtbproject,https://www.mtbproject.com/trail/7014395/trepidation,Trepidation,47.4828,-122.5522,point_trailhead,47.4828,-122.5522,,,,0.8,4.0,mtbproject_avg,,1,green,,"Southworth, Washington",Washington,United States,,,,mtbproject_trailhead,difficulty=green
mtb-7014253,mtbproject,https://www.mtbproject.com/trail/7014253/ridge-trail,Ridge Trail,47.7953,-122.6049,point_trailhead,47.7953,-122.6049,,,,0.6,4.0,mtbproject_avg,,1,green,,"Lofall, Washington",Washington,United States,,,,mtbproject_trailhead,difficulty=green
mtb-7015983,mtbproject,https://www.mtbproject.com/trail/7015983/lizard-king,Lizard King,47.4837,-122.5516,point_trailhead,47.4837,-122.5516,,,,0.5,4.0,mtbproject_avg,,1,green,,"Southworth, Washington",Washington,United States,,,,mtbproject_trailhead,difficulty=green
mtb-7020142,mtbproject,https://www.mtbproject.com/trail/7020142/wired-brain,Wired Brain,47.477,-122.5494,point_trailhead,47.477,-122.5494,,,,1.0,4.0,mtbproject_avg,,1,greenBlue,,"Banner, Washington",Washington,United States,,,,mtbproject_trailhead,difficulty=greenBlue
mtb-7020097,mtbproject,https://www.mtbproject.com/trail/7020097/capitulate,Capitulate,47.4786,-122.5488,point_trailhead,47.4786,-122.5488,,,,1.1,4.0,mtbproject_avg,,1,greenBlue,,"Banner, Washington",Washington,United States,,,,mtbproject_trailhead,difficulty=greenBlue
mtb-7008329,mtbproject,https://www.mtbproject.com/trail/7008329/predator,Predator,47.485,-121.9383,point_trailhead,47.485,-121.9383,,,,1.8,5.0,mtbproject_avg,,4,dblack,,"Mirrormont, Washington",Washington,United States,,,,mtbproject_trailhead,difficulty=dblack
mtb-3919437,mtbproject,https://www.mtbproject.com/trail/3919437/deuces-wild,Deuces Wild,47.5742,-121.9807,point_trailhead,47.5742,-121.9807,,,,0.4,4.8,mtbproject_avg,,4,greenBlue,,"Ames Lake, Washington",Washington,United States,,,,mtbproject_trailhead,difficulty=greenBlue
mtb-3907582,mtbproject,https://www.mtbproject.com/trail/3907582/bootcamp,Bootcamp,47.5777,-121.9774,point_trailhead,47.5777,-121.9774,,,,0.9,4.1,mtbproject_avg,,8,green,,"Ames Lake, Washington",Washington,United States,,,,mtbproject_trailhead,difficulty=green
mtb-7026891,mtbproject,https://www.mtbproject.com/trail/7026891/luna-tables,Luna Tables,47.5778,-121.9798,point_trailhead,47.5778,-121.9798,,,,,4.3,mtbproject_avg,,3,greenBlue,,"Ames Lake, Washington",Washington,United States,,,,mtbproject_trailhead,difficulty=greenBlue
mtb-7013347,mtbproject,https://www.mtbproject.com/trail/7013347/master-link,Master Link,47.4685,-121.9297,point_trailhead,47.4685,-121.9297,,,,2.5,4.0,mtbproject_avg,,3,greenBlue,,"Mirrormont, Washington",Washington,United States,,,,mtbproject_trailhead,difficulty=greenBlue
mtb-7028151,mtbproject,https://www.mtbproject.com/trail/7028151/megafauna,Megafauna,47.4796,-121.9012,point_trailhead,47.4796,-121.9012,,,,0.3,4.0,mtbproject_avg,,2,dblack,,"Mirrormont, Washington",Washington,United States,,,,mtbproject_trailhead,difficulty=dblack
mtb-7026890,mtbproject,https://www.mtbproject.com/trail/7026890/luna-drops,Luna Drops,47.5777,-121.9798,point_trailhead,47.5777,-121.9798,,,,0.1,4.0,mtbproject_avg,,2,greenBlue,,"Ames Lake, Washington",Washington,United States,,,,mtbproject_trailhead,difficulty=greenBlue
mtb-7026892,mtbproject,https://www.mtbproject.com/trail/7026892/luna-step-downs,Luna Step-Downs,47.5777,-121.9798,point_trailhead,47.5777,-121.9798,,,,,4.0,mtbproject_avg,,2,greenBlue,,"Ames Lake, Washington",Washington,United States,,,,mtbproject_trailhead,difficulty=greenBlue
mtb-7006600,mtbproject,https://www.mtbproject.com/trail/7006600/middle-fork-snoqualmie-trail-1003,Middle Fork Snoqualmie Trail #1003,47.5092,-121.351,point_trailhead,47.5092,-121.351,,,,14.8,5.0,mtbproject_avg,,1,dblack,,"Skykomish, Washington",Washington,United States,,,,mtbproject_trailhead,difficulty=dblack
mtb-7018795,mtbproject,https://www.mtbproject.com/trail/7018795/berserker,Berserker,47.7362,-121.0969,point_trailhead,47.7362,-121.0969,,,,0.7,4.0,mtbproject_avg,,1,dblack,,"Skykomish, Washington",Washington,United States,,,,mtbproject_trailhead,difficulty=dblack
mtb-7032398,mtbproject,https://www.mtbproject.com/trail/7032398/the-9-mile-pod-race,The 9-Mile Pod Race,47.7373,-117.5192,point_trailhead,47.7373,-117.5192,,,,8.8,5.0,mtbproject_avg,,1,greenBlue,,"Nine Mile Falls, Washington",Washington,United States,,,,mtbproject_trailhead,difficulty=greenBlue
mtb-7023377,mtbproject,https://www.mtbproject.com/trail/7023377/buck-wild,Buck Wild,47.7,-117.3112,point_trailhead,47.7,-117.3112,,,,0.2,5.0,mtbproject_avg,,1,dblack,,"Millwood, Washington",Washington,United States,,,,mtbproject_trailhead,difficulty=dblack
mtb-7023474,mtbproject,https://www.mtbproject.com/trail/7023474/brain-damage,Brain Damage,47.6915,-117.3357,point_trailhead,47.6915,-117.3357,,,,0.4,4.5,mtbproject_avg,,2,dblack,,"Millwood, Washington",Washington,United States,,,,mtbproject_trailhead,difficulty=dblack
mtb-7023383,mtbproject,https://www.mtbproject.com/trail/7023383/tickler,Tickler,47.6947,-117.333,point_trailhead,47.6947,-117.333,,,,0.2,4.5,mtbproject_avg,,2,greenBlue,,"Millwood, Washington",Washington,United States,,,,mtbproject_trailhead,difficulty=greenBlue
mtb-4796711,mtbproject,https://www.mtbproject.com/trail/4796711/simple-tools,Simple Tools,47.6943,-117.3146,point_trailhead,47.6943,-117.3146,,,,1.0,4.0,mtbproject_avg,,6,greenBlue,,"Millwood, Washington",Washington,United States,,,,mtbproject_trailhead,difficulty=greenBlue
mtb-7005765,mtbproject,https://www.mtbproject.com/trail/7005765/the-tundra,The Tundra,47.7474,-117.5521,point_trailhead,47.7474,-117.5521,,,,2.5,4.0,mtbproject_avg,,4,greenBlue,,"Country Homes, Washington",Washington,United States,,,,mtbproject_trailhead,difficulty=greenBlue
mtb-4921300,mtbproject,https://www.mtbproject.com/trail/4921300/zipper,Zipper,47.6921,-117.3357,point_trailhead,47.6921,-117.3357,,,,0.4,4.0,mtbproject_avg,,3,dblack,,"Millwood, Washington",Washington,United States,,,,mtbproject_trailhead,difficulty=dblack
mtb-7017542,mtbproject,https://www.mtbproject.com/trail/7017542/the-carousel,The Carousel,47.6969,-117.3144,point_trailhead,47.6969,-117.3144,,,,0.7,4.0,mtbproject_avg,,3,green,,"Millwood, Washington",Washington,United States,,,,mtbproject_trailhead,difficulty=green
mtb-7023314,mtbproject,https://www.mtbproject.com/trail/7023314/wiggler,Wiggler,47.6941,-117.3378,point_trailhead,47.6941,-117.3378,,,,0.3,4.0,mtbproject_avg,,2,green,,"Millwood, Washington",Washington,United States,,,,mtbproject_trailhead,difficulty=green
mtb-7028201,mtbproject,https://www.mtbproject.com/trail/7028201/main-loop,Main Loop,47.5371,-117.4122,point_trailhead,47.5371,-117.4122,,,,2.9,4.0,mtbproject_avg,,1,greenBlue,,"Spokane, Washington",Washington,United States,,,,mtbproject_trailhead,difficulty=greenBlue
mtb-7023317,mtbproject,https://www.mtbproject.com/trail/7023317/banzai-kitten,Banzai Kitten,47.6961,-117.3062,point_trailhead,47.6961,-117.3062,,,,0.4,4.0,mtbproject_avg,,1,green,,"Millwood, Washington",Washington,United States,,,,mtbproject_trailhead,difficulty=green
mtb-7028212,mtbproject,https://www.mtbproject.com/trail/7028212/rimrock-drive,Rimrock Drive,47.6455,-117.4853,point_trailhead,47.6455,-117.4853,,,,2.7,4.0,mtbproject_avg,,1,greenBlue,,"Spokane, Washington",Washington,United States,,,,mtbproject_trailhead,difficulty=greenBlue
mtb-7023384,mtbproject,https://www.mtbproject.com/trail/7023384/tiny-tots,Tiny Tots,47.6997,-117.3243,point_trailhead,47.6997,-117.3243,,,,0.1,4.0,mtbproject_avg,,1,green,,"Millwood, Washington",Washington,United States,,,,mtbproject_trailhead,difficulty=green
mtb-7033943,mtbproject,https://www.mtbproject.com/trail/7033943/straight-up-bypass,Straight Up Bypass,47.6944,-117.3477,point_trailhead,47.6944,-117.3477,,,,0.2,4.0,mtbproject_avg,,1,green,,"Millwood, Washington",Washington,United States,,,,mtbproject_trailhead,difficulty=green
mtb-7033929,mtbproject,https://www.mtbproject.com/trail/7033929/commitment-issues,Commitment Issues,47.6932,-117.3355,point_trailhead,47.6932,-117.3355,,,,0.5,4.0,mtbproject_avg,,1,dblack,,"Millwood, Washington",Washington,United States,,,,mtbproject_trailhead,difficulty=dblack
mtb-7029133,mtbproject,https://www.mtbproject.com/trail/7029133/mount-spokane-loop,Mount Spokane Loop,47.8879,-117.1262,point_trailhead,47.8879,-117.1262,,,,9.6,5.0,mtbproject_avg,,3,dblack,,"Otis Orchards-East Farms, Washington",Washington,United States,,,,mtbproject_trailhead,difficulty=dblack
mtb-7030482,mtbproject,https://www.mtbproject.com/trail/7030482/summit-loop,Summit Loop,47.6422,-117.1175,point_trailhead,47.6422,-117.1175,,,,1.9,4.0,mtbproject_avg,,3,greenBlue,,"Liberty Lake, Washington",Washington,United States,,,,mtbproject_trailhead,difficulty=greenBlue
mtb-7032219,mtbproject,https://www.mtbproject.com/trail/7032219/canfield-gulch,Canfield Gulch,47.7293,-117.1431,point_trailhead,47.7293,-117.1431,,,,3.7,4.0,mtbproject_avg,,1,green,,"Otis Orchards-East Farms, Washington",Washington,United States,,,,mtbproject_trailhead,difficulty=green
mtb-7002034,mtbproject,https://www.mtbproject.com/trail/7002034/yellow-trail,Yellow Trail,47.7877,-116.7112,point_trailhead,47.7877,-116.7112,,,,3.1,4.0,mtbproject_avg,,3,greenBlue,,"Hayden, Idaho",Idaho,United States,,,,mtbproject_trailhead,difficulty=greenBlue
mtb-6511814,mtbproject,https://www.mtbproject.com/trail/6511814/forest-service-trail-3016,Forest Service Trail 3016,47.6208,-116.5314,point_trailhead,47.6208,-116.5314,,,,5.7,4.0,mtbproject_avg,,1,greenBlue,,"Coeur d'Alene, Idaho",Idaho,United States,,,,mtbproject_trailhead,difficulty=greenBlue
mtb-7017995,mtbproject,https://www.mtbproject.com/trail/7017995/coeur-dalene-river-trail-20,Coeur d'Alene River Trail #20,47.8829,-116.131,point_trailhead,47.8829,-116.131,,,,15.3,4.0,mtbproject_avg,,1,greenBlue,,"Kellogg, Idaho",Idaho,United States,,,,mtbproject_trailhead,difficulty=greenBlue
mtb-7028977,mtbproject,https://www.mtbproject.com/trail/7028977/baby-swiss,Baby Swiss,47.4977,-116.1253,point_trailhead,47.4977,-116.1253,,,,,4.0,mtbproject_avg,,1,dblack,,"Kellogg, Idaho",Idaho,United States,,,,mtbproject_trailhead,difficulty=dblack
mtb-7004708,mtbproject,https://www.mtbproject.com/trail/7004708/rivers-edge-trail,River's Edge Trail,47.5342,-111.1941,point_trailhead,47.5342,-111.1941,,,,9.0,4.0,mtbproject_avg,,4,green,,"Malmstrom Air Force Base, Montana",Montana,United States,,,,mtbproject_trailhead,difficulty=green
mtb-6156096,mtbproject,https://www.mtbproject.com/trail/6156096/short-stacker,Short Stacker,47.5984,-90.8616,point_trailhead,47.5984,-90.8616,,,,1.2,4.5,mtbproject_avg,,2,greenBlue,,"Grand Marais, Minnesota",Minnesota,United States,,,,mtbproject_trailhead,difficulty=greenBlue
mtb-6505485,mtbproject,https://www.mtbproject.com/trail/6505485/rock-and-a-hard-place,Rock and a Hard Place,47.7714,-90.3168,point_trailhead,47.7714,-90.3168,,,,0.8,5.0,mtbproject_avg,,2,greenBlue,,"Grand Marais, Minnesota",Minnesota,United States,,,,mtbproject_trailhead,difficulty=greenBlue
mtb-6027819,mtbproject,https://www.mtbproject.com/trail/6027819/talus-trail,Talus Trail,47.7713,-90.3169,point_trailhead,47.7713,-90.3169,,,,0.9,5.0,mtbproject_avg,,1,greenBlue,,"Grand Marais, Minnesota",Minnesota,United States,,,,mtbproject_trailhead,difficulty=greenBlue
mtb-7012602,mtbproject,https://www.mtbproject.com/trail/7012602/overflow,Overflow,47.4658,-87.9162,point_trailhead,47.4658,-87.9162,,,,1.0,5.0,mtbproject_avg,,8,dblack,,"Copper Harbor, Michigan",Michigan,United States,,,,mtbproject_trailhead,difficulty=dblack
mtb-7014662,mtbproject,https://www.mtbproject.com/trail/7014662/flying-squirrel,Flying Squirrel,47.4652,-87.9154,point_trailhead,47.4652,-87.9154,,,,0.6,5.0,mtbproject_avg,,1,dblack,,"Copper Harbor, Michigan",Michigan,United States,,,,mtbproject_trailhead,difficulty=dblack
mtb-7013744,mtbproject,https://www.mtbproject.com/trail/7013744/downtown,Downtown,47.4605,-87.9095,point_trailhead,47.4605,-87.9095,,,,0.9,4.8,mtbproject_avg,,5,dblack,,"Copper Harbor, Michigan",Michigan,United States,,,,mtbproject_trailhead,difficulty=dblack
mtb-7014666,mtbproject,https://www.mtbproject.com/trail/7014666/copper-harbor-loop,Copper Harbor Loop,47.4673,-87.8884,point_trailhead,47.4673,-87.8884,,,,0.4,4.0,mtbproject_avg,,3,green,,"Copper Harbor, Michigan",Michigan,United States,,,,mtbproject_trailhead,difficulty=green
mtb-7013879,mtbproject,https://www.mtbproject.com/trail/7013879/de-deet,De Deet,47.4599,-87.906,point_trailhead,47.4599,-87.906,,,,0.6,4.0,mtbproject_avg,,1,green,,"Copper Harbor, Michigan",Michigan,United States,,,,mtbproject_trailhead,difficulty=green
mtb-7004677,mtbproject,https://www.mtbproject.com/trail/7004677/mango,Mango,47.457,-87.8833,point_trailhead,47.457,-87.8833,,,,0.6,4.0,mtbproject_avg,,1,black,,"Copper Harbor, Michigan",Michigan,United States,,,,mtbproject_trailhead,mtbproject type=Connector
mtb-7012480,mtbproject,https://www.mtbproject.com/trail/7012480/olympic-discovery-trail-adventure-route-aka-the-oat,Olympic Discovery Trail Adventure Route (aka the OAT),48.1036,-123.5716,point_trailhead,48.1036,-123.5716,,,,25.9,5.0,mtbproject_avg,,7,greenBlue,,"Port Angeles, Washington",Washington,United States,,,,mtbproject_trailhead,difficulty=greenBlue
mtb-7031162,mtbproject,https://www.mtbproject.com/trail/7031162/moyers-loop,Moyers Loop,48.3086,-122.7128,point_trailhead,48.3086,-122.7128,,,,1.2,5.0,mtbproject_avg,,1,green,,"Ault Field, Washington",Washington,United States,,,,mtbproject_trailhead,difficulty=green
mtb-5182582,mtbproject,https://www.mtbproject.com/trail/5182582/cooney-lake-trail-434,Cooney Lake Trail #434,48.1803,-120.3446,point_trailhead,48.1803,-120.3446,,,,0.7,5.0,mtbproject_avg,,1,green,,"Twisp, Washington",Washington,United States,,,,mtbproject_trailhead,difficulty=green
mtb-5183087,mtbproject,https://www.mtbproject.com/trail/5183087/summit-trail,Summit Trail,48.2024,-120.366,point_trailhead,48.2024,-120.366,,,,3.4,4.5,mtbproject_avg,,2,greenBlue,,"Stehekin, Washington",Washington,United States,,,,mtbproject_trailhead,difficulty=greenBlue
mtb-7005066,mtbproject,https://www.mtbproject.com/trail/7005066/lake-terrace-road,Lake Terrace Road,47.9474,-116.9214,point_trailhead,47.9474,-116.9214,,,,1.6,4.0,mtbproject_avg,,1,green,,"Spirit Lake, Idaho",Idaho,United States,,,,mtbproject_trailhead,difficulty=green
mtb-7029447,mtbproject,https://www.mtbproject.com/trail/7029447/viewski-loop,ViewSki Loop,48.3494,-116.5991,point_trailhead,48.3494,-116.5991,,,,1.2,5.0,mtbproject_avg,,1,greenBlue,,"Ponderay, Idaho",Idaho,United States,,,,mtbproject_trailhead,difficulty=greenBlue
mtb-7001694,mtbproject,https://www.mtbproject.com/trail/7001694/beaver-bay-shoreline-loop-trail,Beaver Bay Shoreline Loop Trail,47.9645,-116.55,point_trailhead,47.9645,-116.55,,,,2.1,4.0,mtbproject_avg,,2,greenBlue,,"Spirit Lake, Idaho",Idaho,United States,,,,mtbproject_trailhead,difficulty=greenBlue
mtb-7001057,mtbproject,https://www.mtbproject.com/trail/7001057/willow-lakeview-loop-trail,Willow Lakeview Loop Trail,47.9666,-116.5423,point_trailhead,47.9666,-116.5423,,,,0.7,4.0,mtbproject_avg,,2,green,,"Spirit Lake, Idaho",Idaho,United States,,,,mtbproject_trailhead,difficulty=green
mtb-7004493,mtbproject,https://www.mtbproject.com/trail/7004493/bier-bridge-trail,Bier Bridge Trail,48.2648,-116.612,point_trailhead,48.2648,-116.612,,,,1.0,4.0,mtbproject_avg,,1,greenBlue,,"Sandpoint, Idaho",Idaho,United States,,,,mtbproject_trailhead,difficulty=greenBlue
mtb-6558695,mtbproject,https://www.mtbproject.com/trail/6558695/lost-lake-trail-81,Lost Lake Trail 81,48.1953,-116.3935,point_trailhead,48.1953,-116.3935,,,,1.1,4.0,mtbproject_avg,,1,greenBlue,,"Sandpoint, Idaho",Idaho,United States,,,,mtbproject_trailhead,difficulty=greenBlue
mtb-7004494,mtbproject,https://www.mtbproject.com/trail/7004494/little-john,Little John,48.2648,-116.616,point_trailhead,48.2648,-116.616,,,,0.3,4.0,mtbproject_avg,,1,greenBlue,,"Sandpoint, Idaho",Idaho,United States,,,,mtbproject_trailhead,difficulty=greenBlue
mtb-7005170,mtbproject,https://www.mtbproject.com/trail/7005170/meadow-trail,Meadow Trail,48.2581,-116.5997,point_trailhead,48.2581,-116.5997,,,,0.6,4.0,mtbproject_avg,,1,green,,"Sandpoint, Idaho",Idaho,United States,,,,mtbproject_trailhead,difficulty=green
mtb-7005111,mtbproject,https://www.mtbproject.com/trail/7005111/fenceline-trail,Fenceline Trail,48.2568,-116.6105,point_trailhead,48.2568,-116.6105,,,,0.3,4.0,mtbproject_avg,,1,blue,,"Sandpoint, Idaho",Idaho,United States,,,,mtbproject_trailhead,mtbproject type=Connector
mtb-7002841,mtbproject,https://www.mtbproject.com/trail/7002841/the-herron-overlook-loops,The Herron Overlook Loops,48.1493,-114.3527,point_trailhead,48.1493,-114.3527,,,,10.3,4.0,mtbproject_avg,,1,greenBlue,,"Kalispell, Montana",Montana,United States,,,,mtbproject_trailhead,difficulty=greenBlue
mtb-7007789,mtbproject,https://www.mtbproject.com/trail/7007789/spooky-petes,Spooky Pete's,48.3863,-114.4139,point_trailhead,48.3863,-114.4139,,,,0.6,5.0,mtbproject_avg,,1,dblack,,"Whitefish, Montana",Montana,United States,,,,mtbproject_trailhead,difficulty=dblack
mtb-7007790,mtbproject,https://www.mtbproject.com/trail/7007790/spencer-mountain-lookout-trail,Spencer Mountain Lookout Trail,48.3862,-114.4161,point_trailhead,48.3862,-114.4161,,,,0.6,4.5,mtbproject_avg,,2,greenBlue,,"Whitefish, Montana",Montana,United States,,,,mtbproject_trailhead,difficulty=greenBlue
mtb-7003772,mtbproject,https://www.mtbproject.com/trail/7003772/notch-trail,Notch Trail,48.1514,-114.3695,point_trailhead,48.1514,-114.3695,,,,1.9,4.0,mtbproject_avg,,1,greenBlue,,"Kalispell, Montana",Montana,United States,,,,mtbproject_trailhead,difficulty=greenBlue
mtb-7003509,mtbproject,https://www.mtbproject.com/trail/7003509/echo-broken-leg-trail-544,Echo Broken Leg Trail #544,48.1394,-113.9735,point_trailhead,48.1394,-113.9735,,,,9.5,4.0,mtbproject_avg,,1,greenBlue,,"Bigfork, Montana",Montana,United States,,,,mtbproject_trailhead,difficulty=greenBlue
mtb-7009640,mtbproject,https://www.mtbproject.com/trail/7009640/west-boundary-trail,West Boundary Trail,48.68,-122.8517,point_trailhead,48.68,-122.8517,,,,1.8,4.3,mtbproject_avg,,3,dblack,,"Orcas Island, Washington",Washington,United States,,,,mtbproject_trailhead,difficulty=dblack
mtb-7019831,mtbproject,https://www.mtbproject.com/trail/7019831/mountain-lake-trail-east,Mountain Lake Trail East,48.6692,-122.8188,point_trailhead,48.6692,-122.8188,,,,2.1,4.0,mtbproject_avg,,1,greenBlue,,"Orcas Island, Washington",Washington,United States,,,,mtbproject_trailhead,difficulty=greenBlue
mtb-7001564,mtbproject,https://www.mtbproject.com/trail/7001564/grasshopper,Grasshopper,48.7196,-122.4132,point_trailhead,48.7196,-122.4132,,,,0.4,4.0,mtbproject_avg,,3,dblack,,"Bellingham, Washington",Washington,United States,,,,mtbproject_trailhead,difficulty=dblack
mtb-7021263,mtbproject,https://www.mtbproject.com/trail/7021263/jack-and-the-beanstalk,Jack and the Beanstalk,48.7124,-122.4159,point_trailhead,48.7124,-122.4159,,,,0.6,4.0,mtbproject_avg,,2,greenBlue,,"Bellingham, Washington",Washington,United States,,,,mtbproject_trailhead,difficulty=greenBlue
mtb-7032012,mtbproject,https://www.mtbproject.com/trail/7032012/larry-reed-trail,Larry Reed Trail,48.6141,-122.4103,point_trailhead,48.6141,-122.4103,,,,1.0,4.0,mtbproject_avg,,1,greenBlue,,"Bow, Washington",Washington,United States,,,,mtbproject_trailhead,difficulty=greenBlue
mtb-5132361,mtbproject,https://www.mtbproject.com/trail/5132361/fox-loop-trail,Fox Loop Trail,48.4715,-120.2823,point_trailhead,48.4715,-120.2823,,,,0.6,5.0,mtbproject_avg,,1,green,,"Winthrop, Washington",Washington,United States,,,,mtbproject_trailhead,difficulty=green
mtb-5132275,mtbproject,https://www.mtbproject.com/trail/5132275/lower-inside-passage-trail,Lower Inside Passage Trail,48.4462,-120.2714,point_trailhead,48.4462,-120.2714,,,,1.0,5.0,mtbproject_avg,,1,greenBlue,,"Winthrop, Washington",Washington,United States,,,,mtbproject_trailhead,difficulty=greenBlue
mtb-5132339,mtbproject,https://www.mtbproject.com/trail/5132339/yellowjacket-trail,Yellowjacket Trail,48.4626,-120.2617,point_trailhead,48.4626,-120.2617,,,,1.5,4.5,mtbproject_avg,,2,greenBlue,,"Winthrop, Washington",Washington,United States,,,,mtbproject_trailhead,difficulty=greenBlue
mtb-5158964,mtbproject,https://www.mtbproject.com/trail/5158964/rodeo-trail,Rodeo Trail,48.4642,-120.2618,point_trailhead,48.4642,-120.2618,,,,1.2,4.0,mtbproject_avg,,1,green,,"Winthrop, Washington",Washington,United States,,,,mtbproject_trailhead,difficulty=green
mtb-5277744,mtbproject,https://www.mtbproject.com/trail/5277744/buck-lake-loop,Buck Lake Loop,48.6065,-120.1995,point_trailhead,48.6065,-120.1995,,,,11.9,4.2,mtbproject_avg,,6,greenBlue,,"Winthrop, Washington",Washington,United States,,,,mtbproject_trailhead,difficulty=greenBlue
mtb-5150022,mtbproject,https://www.mtbproject.com/trail/5150022/blue-jay-trail,Blue Jay Trail,48.428,-120.2599,point_trailhead,48.428,-120.2599,,,,1.9,4.5,mtbproject_avg,,2,greenBlue,,"Winthrop, Washington",Washington,United States,,,,mtbproject_trailhead,difficulty=greenBlue
mtb-5131558,mtbproject,https://www.mtbproject.com/trail/5131558/patterson-lake-trail,Patterson Lake Trail,48.4635,-120.2532,point_trailhead,48.4635,-120.2532,,,,1.6,4.3,mtbproject_avg,,3,greenBlue,,"Winthrop, Washington",Washington,United States,,,,mtbproject_trailhead,difficulty=greenBlue
mtb-5131820,mtbproject,https://www.mtbproject.com/trail/5131820/rader-creek-trail,Rader Creek Trail,48.4446,-120.2427,point_trailhead,48.4446,-120.2427,,,,1.4,4.3,mtbproject_avg,,3,greenBlue,,"Winthrop, Washington",Washington,United States,,,,mtbproject_trailhead,difficulty=greenBlue
mtb-5132315,mtbproject,https://www.mtbproject.com/trail/5132315/criss-cross-trail,Criss-Cross Trail,48.4568,-120.2634,point_trailhead,48.4568,-120.2634,,,,0.7,4.0,mtbproject_avg,,2,green,,"Winthrop, Washington",Washington,United States,,,,mtbproject_trailhead,difficulty=green
mtb-5132577,mtbproject,https://www.mtbproject.com/trail/5132577/winthrop-trail,Winthrop Trail,48.4732,-120.2035,point_trailhead,48.4732,-120.2035,,,,4.0,4.0,mtbproject_avg,,1,greenBlue,,"Winthrop, Washington",Washington,United States,,,,mtbproject_trailhead,difficulty=greenBlue
mtb-5201907,mtbproject,https://www.mtbproject.com/trail/5201907/buck-lake-trail,Buck Lake Trail,48.5755,-120.202,point_trailhead,48.5755,-120.202,,,,3.0,4.0,mtbproject_avg,,1,green,,"Winthrop, Washington",Washington,United States,,,,mtbproject_trailhead,difficulty=green
mtb-7005048,mtbproject,https://www.mtbproject.com/trail/7005048/lakeshore-trail-294,Lakeshore Trail #294,48.6483,-116.8766,point_trailhead,48.6483,-116.8766,,,,7.1,5.0,mtbproject_avg,,1,greenBlue,,"Bonners Ferry, Idaho",Idaho,United States,,,,mtbproject_trailhead,difficulty=greenBlue
mtb-5655323,mtbproject,https://www.mtbproject.com/trail/5655323/whitefish-trail-angry-beaver-lollipop,Whitefish Trail: Angry Beaver Lollipop,48.404,-114.3813,point_trailhead,48.404,-114.3813,,,,13.5,3.9,mtbproject_avg,,14,greenBlue,,"Whitefish, Montana",Montana,United States,,,,mtbproject_trailhead,difficulty=greenBlue
mtb-7015144,mtbproject,https://www.mtbproject.com/trail/7015144/beaver-lakes-trailhead-beaver-lake-loop,Beaver Lakes Trailhead - Beaver Lake Loop,48.4297,-114.4468,point_trailhead,48.4297,-114.4468,,,,12.1,4.0,mtbproject_avg,,2,greenBlue,,"Whitefish, Montana",Montana,United States,,,,mtbproject_trailhead,difficulty=greenBlue
mtb-7005054,mtbproject,https://www.mtbproject.com/trail/7005054/summit-trail,Summit Trail,48.5031,-114.3416,point_trailhead,48.5031,-114.3416,,,,7.6,5.0,mtbproject_avg,,6,greenBlue,,"Whitefish, Montana",Montana,United States,,,,mtbproject_trailhead,difficulty=greenBlue
mtb-7005056,mtbproject,https://www.mtbproject.com/trail/7005056/runaway-train,Runaway Train,48.5017,-114.3409,point_trailhead,48.5017,-114.3409,,,,3.1,4.8,mtbproject_avg,,4,dblack,,"Whitefish, Montana",Montana,United States,,,,mtbproject_trailhead,difficulty=dblack
mtb-7008077,mtbproject,https://www.mtbproject.com/trail/7008077/wft-lion-mountain-sklyes-lake-ln,WFT: Lion Mountain - Sklyes Lake Ln.,48.404,-114.3813,point_trailhead,48.404,-114.3813,,,,2.9,4.0,mtbproject_avg,,2,greenBlue,,"Whitefish, Montana",Montana,United States,,,,mtbproject_trailhead,difficulty=greenBlue
mtb-7008365,mtbproject,https://www.mtbproject.com/trail/7008365/wft-angry-beaver-west,WFT: Angry Beaver West,48.4312,-114.4415,point_trailhead,48.4312,-114.4415,,,,1.0,4.0,mtbproject_avg,,2,greenBlue,,"Whitefish, Montana",Montana,United States,,,,mtbproject_trailhead,difficulty=greenBlue
mtb-7008110,mtbproject,https://www.mtbproject.com/trail/7008110/wft-sklyes-lake-ln-beaver-lake-rd,WFT: Sklyes Lake Ln. - Beaver Lake Rd.,48.4133,-114.4144,point_trailhead,48.4133,-114.4144,,,,2.3,4.0,mtbproject_avg,,1,greenBlue,,"Whitefish, Montana",Montana,United States,,,,mtbproject_trailhead,difficulty=greenBlue
mtb-7005063,mtbproject,https://www.mtbproject.com/trail/7005063/curlys,Curly's,48.4851,-114.3488,point_trailhead,48.4851,-114.3488,,,,0.1,4.0,mtbproject_avg,,1,dblack,,"Whitefish, Montana",Montana,United States,,,,mtbproject_trailhead,difficulty=dblack
mtb-7005059,mtbproject,https://www.mtbproject.com/trail/7005059/gnr,GNR,48.4999,-114.3442,point_trailhead,48.4999,-114.3442,,,,0.1,4.0,mtbproject_avg,,1,dblack,,"Whitefish, Montana",Montana,United States,,,,mtbproject_trailhead,difficulty=dblack
mtb-7005061,mtbproject,https://www.mtbproject.com/trail/7005061/daves-dive,Daves Dive,48.4852,-114.3614,point_trailhead,48.4852,-114.3614,,,,0.1,4.0,mtbproject_avg,,1,black,,"Whitefish, Montana",Montana,United States,,,,mtbproject_trailhead,mtbproject type=Connector
mtb-7009698,mtbproject,https://www.mtbproject.com/trail/7009698/apgar-bike-trail,Apgar Bike Trail,48.5056,-113.984,point_trailhead,48.5056,-113.984,,,,1.7,4.0,mtbproject_avg,,1,green,,"Columbia Falls, Montana",Montana,United States,,,,mtbproject_trailhead,difficulty=green
mtb-7014506,mtbproject,https://www.mtbproject.com/trail/7014506/tony-knowles-coastal-trail,Tony Knowles Coastal Trail,61.2206,-149.8975,point_trailhead,61.2206,-149.8975,,,,10.7,4.3,mtbproject_avg,,4,greenBlue,,"Anchorage, Alaska",Alaska,United States,,,,mtbproject_trailhead,difficulty=greenBlue
mtb-7014503,mtbproject,https://www.mtbproject.com/trail/7014503/campbell-creek-trail,Campbell Creek Trail,61.1381,-149.9221,point_trailhead,61.1381,-149.9221,,,,7.5,4.0,mtbproject_avg,,3,green,,"Anchorage, Alaska",Alaska,United States,,,,mtbproject_trailhead,difficulty=green
mtb-5463099,mtbproject,https://www.mtbproject.com/trail/5463099/tower-power,Tower Power,61.1589,-150.012,point_trailhead,61.1589,-150.012,,,,1.4,4.0,mtbproject_avg,,2,greenBlue,,"Anchorage, Alaska",Alaska,United States,,,,mtbproject_trailhead,difficulty=greenBlue
mtb-5489258,mtbproject,https://www.mtbproject.com/trail/5489258/moose-meadow-trail,Moose Meadow Trail,61.1542,-149.7493,point_trailhead,61.1542,-149.7493,,,,0.9,4.0,mtbproject_avg,,1,green,,"Anchorage, Alaska",Alaska,United States,,,,mtbproject_trailhead,difficulty=green
mtb-6376979,mtbproject,https://www.mtbproject.com/trail/6376979/powerline-pass-ride,Powerline Pass Ride,61.1034,-149.6833,point_trailhead,61.1034,-149.6833,,,,13.4,4.7,mtbproject_avg,,3,greenBlue,,"Elmendorf Air Force Base, Alaska",Alaska,United States,,,,mtbproject_trailhead,difficulty=greenBlue
mtb-7030920,mtbproject,https://www.mtbproject.com/trail/7030920/eklutna-lakeside-trail,Eklutna Lakeside Trail,61.4093,-149.136,point_trailhead,61.4093,-149.136,,,,26.5,4.0,mtbproject_avg,,1,green,,"Butte, Alaska",Alaska,United States,,,,mtbproject_trailhead,difficulty=green
mtb-7007404,mtbproject,https://www.mtbproject.com/trail/7007404/extra-tuff,Extra Tuff,60.9563,-149.0932,point_trailhead,60.9563,-149.0932,,,,0.2,5.0,mtbproject_avg,,1,dblack,,"Girdwood, Alaska",Alaska,United States,,,,mtbproject_trailhead,difficulty=dblack
mtb-7029402,mtbproject,https://www.mtbproject.com/trail/7029402/iditarod-nht,Iditarod NHT,60.9953,-149.0909,point_trailhead,60.9953,-149.0909,,,,0.6,4.0,mtbproject_avg,,1,greenBlue,,"Girdwood, Alaska",Alaska,United States,,,,mtbproject_trailhead,difficulty=greenBlue
mtb-7007400,mtbproject,https://www.mtbproject.com/trail/7007400/eagle-rock,Eagle Rock,60.9606,-149.0755,point_trailhead,60.9606,-149.0755,,,,0.6,4.0,mtbproject_avg,,1,dblack,,"Girdwood, Alaska",Alaska,United States,,,,mtbproject_trailhead,difficulty=dblack
mtb-7016774,mtbproject,https://www.mtbproject.com/trail/7016774/april-bowl-trail,April Bowl Trail,61.7702,-149.3212,point_trailhead,61.7702,-149.3212,,,,1.5,5.0,mtbproject_avg,,1,dblack,,"Fishhook, Alaska",Alaska,United States,,,,mtbproject_trailhead,difficulty=dblack
mtb-7006689,mtbproject,https://www.mtbproject.com/trail/7006689/gpra-loop,GPRA Loop,61.7051,-149.2784,point_trailhead,61.7051,-149.2784,,,,3.8,4.5,mtbproject_avg,,4,greenBlue,,"Fishhook, Alaska",Alaska,United States,,,,mtbproject_trailhead,difficulty=greenBlue
mtb-7028933,mtbproject,https://www.mtbproject.com/trail/7028933/red-loop,Red Loop,61.4303,-149.4035,point_trailhead,61.4303,-149.4035,,,,1.2,4.5,mtbproject_avg,,2,greenBlue,,"Wasilla, Alaska",Alaska,United States,,,,mtbproject_trailhead,difficulty=greenBlue
mtb-7006876,mtbproject,https://www.mtbproject.com/trail/7006876/north-loop,North Loop,61.707,-149.2875,point_trailhead,61.707,-149.2875,,,,2.1,4.0,mtbproject_avg,,3,greenBlue,,"Fishhook, Alaska",Alaska,United States,,,,mtbproject_trailhead,difficulty=greenBlue
mtb-7028929,mtbproject,https://www.mtbproject.com/trail/7028929/yellow-trail,Yellow Trail,61.4297,-149.4128,point_trailhead,61.4297,-149.4128,,,,0.5,4.0,mtbproject_avg,,1,greenBlue,,"Wasilla, Alaska",Alaska,United States,,,,mtbproject_trailhead,difficulty=greenBlue
mtb-7028934,mtbproject,https://www.mtbproject.com/trail/7028934/blue-loop,Blue Loop,61.4291,-149.4046,point_trailhead,61.4291,-149.4046,,,,1.3,4.0,mtbproject_avg,,1,greenBlue,,"Wasilla, Alaska",Alaska,United States,,,,mtbproject_trailhead,difficulty=greenBlue
mtb-7025069,mtbproject,https://www.mtbproject.com/trail/7025069/moose-range-high-traverse,Moose Range - High Traverse,61.6865,-149.2069,point_trailhead,61.6865,-149.2069,,,,10.5,5.0,mtbproject_avg,,1,greenBlue,,"Fishhook, Alaska",Alaska,United States,,,,mtbproject_trailhead,difficulty=greenBlue
mtb-7025065,mtbproject,https://www.mtbproject.com/trail/7025065/is-7-to-is-15-murphy-road-and-the-high-traverse,IS-7 to IS-15 (Murphy Road and the High Traverse),61.7061,-149.1182,point_trailhead,61.7061,-149.1182,,,,2.0,5.0,mtbproject_avg,,1,greenBlue,,"Farm Loop, Alaska",Alaska,United States,,,,mtbproject_trailhead,difficulty=greenBlue
mtb-7025066,mtbproject,https://www.mtbproject.com/trail/7025066/is-15-to-is-4,IS-15 to IS-4,61.7175,-149.148,point_trailhead,61.7175,-149.148,,,,1.7,5.0,mtbproject_avg,,1,greenBlue,,"Fishhook, Alaska",Alaska,United States,,,,mtbproject_trailhead,difficulty=greenBlue
mtb-7025068,mtbproject,https://www.mtbproject.com/trail/7025068/is-3-to-is-1,IS-3 to IS-1,61.6957,-149.1723,point_trailhead,61.6957,-149.1723,,,,1.3,5.0,mtbproject_avg,,1,green,,"Farm Loop, Alaska",Alaska,United States,,,,mtbproject_trailhead,difficulty=green
mtb-7025061,mtbproject,https://www.mtbproject.com/trail/7025061/is-3-to-is-4,IS-3 to IS-4,61.6957,-149.1723,point_trailhead,61.6957,-149.1723,,,,0.3,5.0,mtbproject_avg,,1,greenBlue,,"Farm Loop, Alaska",Alaska,United States,,,,mtbproject_trailhead,difficulty=greenBlue
mtb-7025062,mtbproject,https://www.mtbproject.com/trail/7025062/is-4-to-is-5,IS-4 to IS-5,61.6991,-149.1661,point_trailhead,61.6991,-149.1661,,,,0.5,5.0,mtbproject_avg,,1,greenBlue,,"Farm Loop, Alaska",Alaska,United States,,,,mtbproject_trailhead,difficulty=greenBlue
mtb-7007282,mtbproject,https://www.mtbproject.com/trail/7007282/fox-run,Fox Run,61.5732,-149.2057,point_trailhead,61.5732,-149.2057,,,,0.3,4.5,mtbproject_avg,,2,greenBlue,,"Gateway, Alaska",Alaska,United States,,,,mtbproject_trailhead,difficulty=greenBlue
mtb-7016892,mtbproject,https://www.mtbproject.com/trail/7016892/bearberry-bluff,Bearberry Bluff,61.5698,-149.2083,point_trailhead,61.5698,-149.2083,,,,1.1,4.0,mtbproject_avg,,2,greenBlue,,"Gateway, Alaska",Alaska,United States,,,,mtbproject_trailhead,difficulty=greenBlue
mtb-7025060,mtbproject,https://www.mtbproject.com/trail/7025060/is-1-to-is-3,IS-1 to IS-3,61.6865,-149.2069,point_trailhead,61.6865,-149.2069,,,,2.6,4.0,mtbproject_avg,,1,greenBlue,,"Fishhook, Alaska",Alaska,United States,,,,mtbproject_trailhead,difficulty=greenBlue
mtb-7031043,mtbproject,https://www.mtbproject.com/trail/7031043/x-lake-loop-trail,X Lake Loop Trail,62.2968,-150.0739,point_trailhead,62.2968,-150.0739,,,,3.1,4.0,mtbproject_avg,,1,greenBlue,,"Y, Alaska",Alaska,United States,,,,mtbproject_trailhead,difficulty=greenBlue
mtb-7034073,mtbproject,https://www.mtbproject.com/trail/7034073/denali-park-road-to-wonder-lake-campground-ride,Denali Park Road to Wonder Lake Campground Ride,63.7284,-148.8865,point_trailhead,63.7284,-148.8865,,,,89.9,5.0,mtbproject_avg,,1,greenBlue,,"Healy, Alaska",Alaska,United States,,,,mtbproject_trailhead,difficulty=greenBlue
mtb-7034427,mtbproject,https://www.mtbproject.com/trail/7034427/denali-park-road,Denali Park Road,63.7284,-148.8865,point_trailhead,63.7284,-148.8865,,,,96.5,4.0,mtbproject_avg,,1,greenBlue,,"Healy, Alaska",Alaska,United States,,,,mtbproject_trailhead,difficulty=greenBlue
mtb-7005045,mtbproject,https://www.mtbproject.com/trail/7005045/eva-creek-trail,Eva Creek Trail,64.8678,-148.012,point_trailhead,64.8678,-148.012,,,,1.7,4.0,mtbproject_avg,,1,greenBlue,,"Ester, Alaska",Alaska,United States,,,,mtbproject_trailhead,difficulty=greenBlue
tf-431425,trailforks,https://www.trailforks.com/trails/elko-point-431425/,Elko Point,43.91179,-121.44911,point_start,43.91179,-121.44911,,,,,4.5,trailforks_card_raw_avg,4.5,4,green,Sunriver,"Sunriver, OR",Oregon,,,False,,tf_card_start,difficulty=green
tf-4672,trailforks,https://www.trailforks.com/trails/phil-s-lower/,Phil's (Lower),44.02511,-121.46179,point_start,44.02511,-121.46179,,,,,3.9,trailforks_card_raw_avg,3.9,52,green,Phil's,"Bend, OR",Oregon,,,False,,tf_card_start,difficulty=green
tf-823408,trailforks,https://www.trailforks.com/trails/south-fork-to-tumalo-creek/,South Fork to Tumalo Creek,44.03191,-121.56557,point_start,44.03191,-121.56557,,,,,5.0,trailforks_card_raw_avg,5.0,1,green,Phil's,"Bend, OR",Oregon,,,False,,tf_card_start,difficulty=green
tf-772028,trailforks,https://www.trailforks.com/trails/whiptail-772028/,Whiptail,44.28748,-121.31444,point_start,44.28748,-121.31444,,,,,4.0,trailforks_card_raw_avg,4.0,1,green,Cline Buttes,"Redmond, OR",Oregon,,,False,,tf_card_start,difficulty=green
tf-675769,trailforks,https://www.trailforks.com/trails/fall-river-falls-trail/,Fall River Falls Trail,43.795,-121.5317,point_start,43.795,-121.5317,,,,,4.0,trailforks_card_raw_avg,4.0,1,green,La Pine State Park,"La Pine, OR",Oregon,,,False,,tf_card_start,difficulty=green
tf-97953,trailforks,https://www.trailforks.com/trails/davison/,Davison,41.32412,-124.04381,point_start,41.32412,-124.04381,,,,,4.5,trailforks_card_raw_avg,4.5,2,green,Redwood National Park South,"Orick, CA",California,,,False,,tf_card_start,difficulty=green
tf-71185,trailforks,https://www.trailforks.com/trails/the-finger/,The Finger,42.37395,-73.31609,point_start,42.37395,-73.31609,,,,,4.2,trailforks_card_raw_avg,4.2,7,doubleBlack,Lenox Water Supply Land,"Lenox, MA",Massachusetts,,,False,,tf_card_start,difficulty=doubleBlack
tf-18268,trailforks,https://www.trailforks.com/trails/william-berry-way/,William Berry Way,42.51343,-73.32061,point_start,42.51343,-73.32061,,,,,4.7,trailforks_card_raw_avg,4.7,3,green,Pittsfield State Forest,"Pittsfield, MA",Massachusetts,,,False,,tf_card_start,difficulty=green
tf-117202,trailforks,https://www.trailforks.com/trails/vern-s-pool-bear-claw/,Vern's Pool (Bear Claw),42.48425,-73.30041,point_start,42.48425,-73.30041,,,,,4.0,trailforks_card_raw_avg,4.0,1,green,Pittsfield State Forest,"Pittsfield, MA",Massachusetts,,,False,,tf_card_start,difficulty=green
tf-18208,trailforks,https://www.trailforks.com/trails/bear-claw-18208/,Bear Claw,42.48493,-73.30237,point_start,42.48493,-73.30237,,,,,4.0,trailforks_card_raw_avg,4.0,2,green,Pittsfield State Forest,"Pittsfield, MA",Massachusetts,,,False,,tf_card_start,difficulty=green
tf-252885,trailforks,https://www.trailforks.com/trails/b-r-u-t/,B.R.U.T.,42.36824,-73.31821,point_start,42.36824,-73.31821,,,,,4.0,trailforks_card_raw_avg,4.0,1,green,Lenox Water Supply Land,"Lenox, MA",Massachusetts,,,False,,tf_card_start,difficulty=green
tf-556194,trailforks,https://www.trailforks.com/trails/vespa-trail-aka-west-of-fr79-old-road/,Vespa Trail (aka West of FR79 Old Road),35.60076,-105.85392,point_start,35.60076,-105.85392,,,,,4.0,trailforks_card_raw_avg,4.0,2,green,Arroyo Hondo USFS,"Santa Fe, NM",New Mexico,,,False,,tf_card_start,difficulty=green
tf-666140,trailforks,https://www.trailforks.com/trails/cub-scout-666140/,Cub Scout,35.8943,-106.3969,point_start,35.8943,-106.3969,,,,,4.0,trailforks_card_raw_avg,4.0,2,green,Pajarito Bike Park,"Los Alamos, NM",New Mexico,,,False,,tf_card_start,difficulty=green
tf-43209,trailforks,https://www.trailforks.com/trails/serengeti-43209/,Serengeti,35.71641,-105.97982,point_start,35.71641,-105.97982,,,,,4.4,trailforks_card_raw_avg,4.4,3,green,La Tierra,"Santa Fe, NM",New Mexico,,,False,,tf_card_start,difficulty=green
tf-21424,trailforks,https://www.trailforks.com/trails/rift-valley-trail/,Rift Valley Trail,36.32374,-105.70368,point_start,36.32374,-105.70368,,,,,4.0,trailforks_card_raw_avg,4.0,6,green,Taos Valley Overlook Trails,"Taos, NM",New Mexico,,,False,,tf_card_start,difficulty=green
tf-5390,trailforks,https://www.trailforks.com/trails/flack-attack/,Flack Attack,42.50322,-83.49334,point_start,42.50322,-83.49334,,,,,4.7,trailforks_card_raw_avg,4.7,6,green,Lakeshore Park,"Novi, MI",Michigan,,,False,,tf_card_start,difficulty=green
tf-5389,trailforks,https://www.trailforks.com/trails/loki-s-loop/,Loki's Loop,42.50518,-83.49015,point_start,42.50518,-83.49015,,,,,4.3,trailforks_card_raw_avg,4.3,4,green,Lakeshore Park,"Novi, MI",Michigan,,,False,,tf_card_start,difficulty=green
tf-5388,trailforks,https://www.trailforks.com/trails/skunk-s-pass/,Skunk's Pass,42.5038,-83.4838,point_start,42.5038,-83.4838,,,,,4.3,trailforks_card_raw_avg,4.3,4,green,Lakeshore Park,"Novi, MI",Michigan,,,False,,tf_card_start,difficulty=green
tf-5386,trailforks,https://www.trailforks.com/trails/star-wars/,Star Wars,42.50249,-83.48819,point_start,42.50249,-83.48819,,,,,4.3,trailforks_card_raw_avg,4.3,4,green,Lakeshore Park,"Novi, MI",Michigan,,,False,,tf_card_start,difficulty=green
tf-41743,trailforks,https://www.trailforks.com/trails/lakeview-trail-westbound/,Lakeview Trail Westbound,42.36907,-83.43449,point_start,42.36907,-83.43449,,,,,4.7,trailforks_card_raw_avg,4.7,6,green,Hines Park,"Westland, MI",Michigan,,,False,,tf_card_start,difficulty=green
tf-5384,trailforks,https://www.trailforks.com/trails/frog-s-pass/,Frog's Pass,42.50463,-83.48758,point_start,42.50463,-83.48758,,,,,4.0,trailforks_card_raw_avg,4.0,4,green,Lakeshore Park,"Novi, MI",Michigan,,,False,,tf_card_start,difficulty=green
tf-5395,trailforks,https://www.trailforks.com/trails/maru-s-way/,Maru's Way,42.50259,-83.48716,point_start,42.50259,-83.48716,,,,,4.0,trailforks_card_raw_avg,4.0,4,green,Lakeshore Park,"Novi, MI",Michigan,,,False,,tf_card_start,difficulty=green
tf-423010,trailforks,https://www.trailforks.com/trails/beach-423010/,Beach,42.72972,-83.10744,point_start,42.72972,-83.10744,,,,,4.5,trailforks_card_raw_avg,4.5,4,green,Stony Creek Metropark,"Oakland Township, MI",Michigan,,,False,,tf_card_start,difficulty=green
tf-22710,trailforks,https://www.trailforks.com/trails/flume-trail-22710/,Flume Trail,39.17264,-119.90693,point_start,39.17264,-119.90693,,,,,4.6,trailforks_card_raw_avg,4.6,40,green,East Shore,"Incline Village, NV",Nevada,,,False,,tf_card_start,difficulty=green
tf-544941,trailforks,https://www.trailforks.com/trails/high-fives/,High Fives,39.33117,-119.87813,point_start,39.33117,-119.87813,,,,,4.6,trailforks_card_raw_avg,4.6,5,green,Sky Tavern Bike Park,"Reno, NV",Nevada,,,False,,tf_card_start,difficulty=green
tf-549479,trailforks,https://www.trailforks.com/trails/compass-skills-lower-loop/,Compass Skills Lower Loop,39.30962,-120.19135,point_start,39.30962,-120.19135,,,,,4.5,trailforks_card_raw_avg,4.5,2,green,Sawtooth,"Truckee, CA",California,,,False,,tf_card_start,difficulty=green
tf-775228,trailforks,https://www.trailforks.com/trails/wild-west-uphill/,Wild West Uphill,39.36509,-120.25761,point_start,39.36509,-120.25761,,,,,4.5,trailforks_card_raw_avg,4.5,2,green,Tahoe Donner,"Truckee, CA",California,,,False,,tf_card_start,difficulty=green
tf-549480,trailforks,https://www.trailforks.com/trails/compass-skills-upper-loop/,Compass Skills Upper Loop,39.30807,-120.19098,point_start,39.30807,-120.19098,,,,,4.4,trailforks_card_raw_avg,4.4,3,green,Sawtooth,"Truckee, CA",California,,,False,,tf_card_start,difficulty=green
tf-549990,trailforks,https://www.trailforks.com/trails/lower-clear-creek-trail/,Lower Clear Creek Trail,39.09156,-119.80549,point_start,39.09156,-119.80549,,,,,4.0,trailforks_card_raw_avg,4.0,7,green,Clear Creek Trail System,"Indian Hills, NV",Nevada,,,False,,tf_card_start,difficulty=green
tf-647679,trailforks,https://www.trailforks.com/trails/back-cut-647679/,Back Cut,39.29708,-120.18258,point_start,39.29708,-120.18258,,,,,4.0,trailforks_card_raw_avg,4.0,1,green,Sawtooth,"Truckee, CA",California,,,False,,tf_card_start,difficulty=green
tf-692645,trailforks,https://www.trailforks.com/trails/sawyer-692645/,Sawyer,39.2992,-120.18373,point_start,39.2992,-120.18373,,,,,4.0,trailforks_card_raw_avg,4.0,1,green,Sawtooth,"Truckee, CA",California,,,False,,tf_card_start,difficulty=green
tf-668138,trailforks,https://www.trailforks.com/trails/sand-bowl/,Sand Bowl,25.89286,-80.27931,point_start,25.89286,-80.27931,,,,,5.0,trailforks_card_raw_avg,5.0,1,green,Amelia Earhart Park,"Hialeah, FL",Florida,,,False,,tf_card_start,difficulty=green
tf-4530,trailforks,https://www.trailforks.com/trails/warm-up-loop/,Warm Up Loop,26.13045,-80.35029,point_start,26.13045,-80.35029,,,,,4.0,trailforks_card_raw_avg,4.0,3,green,Markham Park,"Sunrise, FL",Florida,,,False,,tf_card_start,difficulty=green
tf-24723,trailforks,https://www.trailforks.com/trails/freebird-24723/,Freebird,25.75236,-80.14891,point_start,25.75236,-80.14891,,,,,4.2,trailforks_card_raw_avg,4.2,6,green,Virginia Key North Point Trails,"Miami, FL",Florida,,,False,,tf_card_start,difficulty=green
tf-26602,trailforks,https://www.trailforks.com/trails/potato-vine/,Potato Vine,25.89365,-80.28009,point_start,25.89365,-80.28009,,,,,4.7,trailforks_card_raw_avg,4.7,6,green,Amelia Earhart Park,"Hialeah, FL",Florida,,,False,,tf_card_start,difficulty=green
tf-26605,trailforks,https://www.trailforks.com/trails/playground-26605/,Playground,25.89322,-80.28208,point_start,25.89322,-80.28208,,,,,3.8,trailforks_card_raw_avg,3.8,5,green,Amelia Earhart Park,"Hialeah, FL",Florida,,,False,,tf_card_start,difficulty=green
tf-26616,trailforks,https://www.trailforks.com/trails/coffee-trail/,Coffee Trail,25.89262,-80.28488,point_start,25.89262,-80.28488,,,,,4.0,trailforks_card_raw_avg,4.0,8,green,Amelia Earhart Park,"Hialeah, FL",Florida,,,False,,tf_card_start,difficulty=green
tf-104368,trailforks,https://www.trailforks.com/trails/top-down/,Top Down,42.1833,-71.50247,point_start,42.1833,-71.50247,,,,,3.8,trailforks_card_raw_avg,3.8,5,green,Vietnam Trail Network,"Milford, MA",Massachusetts,,,False,,tf_card_start,difficulty=green
tf-125327,trailforks,https://www.trailforks.com/trails/town-forest-trail/,Town Forest Trail,42.17673,-71.48616,point_start,42.17673,-71.48616,,,,,4.5,trailforks_card_raw_avg,4.5,4,green,Vietnam Trail Network,"Milford, MA",Massachusetts,,,False,,tf_card_start,difficulty=green
tf-127245,trailforks,https://www.trailforks.com/trails/bravo-127245/,Bravo,42.10695,-71.61239,point_start,42.10695,-71.61239,,,,,4.9,trailforks_card_raw_avg,4.9,7,green,West Hill Dam,"Uxbridge, MA",Massachusetts,,,False,,tf_card_start,difficulty=green
tf-150099,trailforks,https://www.trailforks.com/trails/november-150099/,November,42.12191,-71.6023,point_start,42.12191,-71.6023,,,,,5.0,trailforks_card_raw_avg,5.0,2,green,West Hill Dam,"Uxbridge, MA",Massachusetts,,,False,,tf_card_start,difficulty=green
tf-104378,trailforks,https://www.trailforks.com/trails/farm-way/,Farm Way,42.18785,-71.50205,point_start,42.18785,-71.50205,,,,,5.0,trailforks_card_raw_avg,5.0,3,green,Vietnam Trail Network,"Milford, MA",Massachusetts,,,False,,tf_card_start,difficulty=green
tf-298826,trailforks,https://www.trailforks.com/trails/pumped-up/,Pumped Up,42.09299,-71.3124,point_start,42.09299,-71.3124,,,,,4.0,trailforks_card_raw_avg,4.0,1,green,Lind Farm,"Norfolk, MA",Massachusetts,,,False,,tf_card_start,difficulty=green
tf-126210,trailforks,https://www.trailforks.com/trails/blackstone-river-path/,Blackstone River Path,42.10787,-71.62482,point_start,42.10787,-71.62482,,,,,5.0,trailforks_card_raw_avg,5.0,1,green,Blackstone River and Canal Heritage State Park,"Uxbridge, MA",Massachusetts,,,False,,tf_card_start,difficulty=green
tf-179655,trailforks,https://www.trailforks.com/trails/more-cowbell-179655/,More Cowbell,48.39697,-120.27354,point_start,48.39697,-120.27354,,,,,4.0,trailforks_card_raw_avg,4.0,5,green,Sun Mountain,"Winthrop, WA",Washington,,,False,,tf_card_start,difficulty=green
tf-70745,trailforks,https://www.trailforks.com/trails/nowhere-to-hide/,No-Where To Hide,47.93551,-120.03638,point_start,47.93551,-120.03638,,,,,4.2,trailforks_card_raw_avg,4.2,7,green,Echo Ridge,"Chelan, WA",Washington,,,False,,tf_card_start,difficulty=green
tf-68514,trailforks,https://www.trailforks.com/trails/rodeo-trail/,Rodeo Trail,48.46421,-120.26182,point_start,48.46421,-120.26182,,,,,4.0,trailforks_card_raw_avg,4.0,3,green,Sun Mountain,"Winthrop, WA",Washington,,,False,,tf_card_start,difficulty=green
tf-91427,trailforks,https://www.trailforks.com/trails/bowen-traverse/,Bowen Traverse,48.45962,-120.0923,point_start,48.45962,-120.0923,,,,,5.0,trailforks_card_raw_avg,5.0,2,green,Pipestone Canyon,"Twisp, WA",Washington,,,False,,tf_card_start,difficulty=green
tf-82939,trailforks,https://www.trailforks.com/trails/ronja-the-robbers-daughter-82939/,"Ronja, The Robbers Daughter",48.45001,-120.0788,point_start,48.45001,-120.0788,,,,,4.0,trailforks_card_raw_avg,4.0,1,green,Pipestone Canyon,"Twisp, WA",Washington,,,False,,tf_card_start,difficulty=green
tf-317058,trailforks,https://www.trailforks.com/trails/lower-safety-harbor-creek/,Lower Safety Harbor Creek,48.10966,-120.36116,point_start,48.10966,-120.36116,,,,,4.0,trailforks_card_raw_avg,4.0,1,green,Angels Staircase / Uno Peak,"Twisp, WA",Washington,,,False,,tf_card_start,difficulty=green
tf-7343,trailforks,https://www.trailforks.com/trails/ridgeline-trail-7343/,Ridgeline Trail,35.21914,-82.60139,point_start,35.21914,-82.60139,,,,,4.7,trailforks_card_raw_avg,4.7,124,green,Dupont State Recreational Forest,"Cedar Mountain, NC",North Carolina,,,False,,tf_card_start,difficulty=green
tf-529404,trailforks,https://www.trailforks.com/trails/bear-country-529404/,Bear Country,35.53277,-82.80078,point_start,35.53277,-82.80078,,,,,4.7,trailforks_card_raw_avg,4.7,14,green,Chestnut Mountain Nature Park,"Canton, NC",North Carolina,,,False,,tf_card_start,difficulty=green
tf-528849,trailforks,https://www.trailforks.com/trails/papertown-express/,Papertown Express,35.53544,-82.80653,point_start,35.53544,-82.80653,,,,,4.8,trailforks_card_raw_avg,4.8,11,green,Chestnut Mountain Nature Park,"Canton, NC",North Carolina,,,False,,tf_card_start,difficulty=green
tf-592658,trailforks,https://www.trailforks.com/trails/green-river-592658/,Green River,35.20718,-82.52732,point_start,35.20718,-82.52732,,,,,4.8,trailforks_card_raw_avg,4.8,4,green,Ride Rock Creek,"Zirconia, NC",North Carolina,,,False,,tf_card_start,difficulty=green
tf-573962,trailforks,https://www.trailforks.com/trails/papertown-express-573962/,Papertown Express,35.5329,-82.80037,point_start,35.5329,-82.80037,,,,,4.5,trailforks_card_raw_avg,4.5,4,green,Chestnut Mountain Nature Park,"Canton, NC",North Carolina,,,False,,tf_card_start,difficulty=green
tf-833718,trailforks,https://www.trailforks.com/trails/laurel-loco-loop/,Laurel Loco Loop,35.2954,-82.18293,point_start,35.2954,-82.18293,,,,,5.0,trailforks_card_raw_avg,5.0,2,green,Little White Oak Mountain,"Mill Spring, NC",North Carolina,,,False,,tf_card_start,difficulty=green
tf-556415,trailforks,https://www.trailforks.com/trails/foundation-556415/,Foundation,35.65116,-82.17656,point_start,35.65116,-82.17656,,,,,4.5,trailforks_card_raw_avg,4.5,7,green,Old Fort Gateway Trail System,"Old Fort, NC",North Carolina,,,False,,tf_card_start,difficulty=green
tf-674407,trailforks,https://www.trailforks.com/trails/rainbow-road-trail/,Rainbow Road Trail,35.6396,-82.29513,point_start,35.6396,-82.29513,,,,,5.0,trailforks_card_raw_avg,5.0,2,green,Old Fort,"Old Fort, NC",North Carolina,,,False,,tf_card_start,difficulty=green
tf-656182,trailforks,https://www.trailforks.com/trails/san-luis-rey-bike-path-656182/,San Luis Rey Bike Path,33.23981,-117.32177,point_start,33.23981,-117.32177,,,,,4.4,trailforks_card_raw_avg,4.4,3,green,Oceanside,"Oceanside, CA",California,,,False,,tf_card_start,difficulty=green
tf-406565,trailforks,https://www.trailforks.com/trails/historic-flume-trail/,Historic Flume Trail,32.86639,-116.88774,point_start,32.86639,-116.88774,,,,,4.0,trailforks_card_raw_avg,4.0,2,green,Flume Trails,"Lakeside, CA",California,,,False,,tf_card_start,difficulty=green
tf-723927,trailforks,https://www.trailforks.com/trails/mom-s-house/,Mom's House,33.47713,-117.00256,point_start,33.47713,-117.00256,,,,,4.5,trailforks_card_raw_avg,4.5,2,green,Vailocity Bike Park,"Temecula, CA",California,,,False,,tf_card_start,difficulty=green
tf-573684,trailforks,https://www.trailforks.com/trails/rollers-573684/,Rollers,33.47587,-117.00128,point_start,33.47587,-117.00128,,,,,4.0,trailforks_card_raw_avg,4.0,2,green,Vailocity Bike Park,"Temecula, CA",California,,,False,,tf_card_start,difficulty=green
tf-678423,trailforks,https://www.trailforks.com/trails/rolling-acorn/,Rolling Acorn,33.26269,-116.84355,point_start,33.26269,-116.84355,,,,,4.7,trailforks_card_raw_avg,4.7,6,green,Luiseño Bike Park,"Pala, CA",California,,,False,,tf_card_start,difficulty=green
tf-4946,trailforks,https://www.trailforks.com/trails/springboard/,Springboard,44.31611,-123.50596,point_start,44.31611,-123.50596,,,,,4.7,trailforks_card_raw_avg,4.7,39,green,Alsea Falls,"Monroe, OR",Oregon,,,False,,tf_card_start,difficulty=green
tf-506584,trailforks,https://www.trailforks.com/trails/bonzai-506584/,Bonzai,44.66217,-123.26075,point_start,44.66217,-123.26075,,,,,4.4,trailforks_card_raw_avg,4.4,3,green,McDonald Forest,"Corvallis, OR",Oregon,,,False,,tf_card_start,difficulty=green
tf-335628,trailforks,https://www.trailforks.com/trails/lower-as-you-wish/,Lower As You Wish,44.61182,-123.35486,point_start,44.61182,-123.35486,,,,,4.5,trailforks_card_raw_avg,4.5,4,green,Alder Creek,"Corvallis, OR",Oregon,,,False,,tf_card_start,difficulty=green
tf-57106,trailforks,https://www.trailforks.com/trails/vineyard-mountain/,Vineyard Mountain,44.64378,-123.27201,point_start,44.64378,-123.27201,,,,,4.3,trailforks_card_raw_avg,4.3,12,green,McDonald Forest,"Corvallis, OR",Oregon,,,False,,tf_card_start,difficulty=green
tf-35757,trailforks,https://www.trailforks.com/trails/upper-dan-s/,Upper Dan's,44.61435,-123.31841,point_start,44.61435,-123.31841,,,,,3.9,trailforks_card_raw_avg,3.9,11,green,McDonald Forest,"Corvallis, OR",Oregon,,,False,,tf_card_start,difficulty=green
tf-95183,trailforks,https://www.trailforks.com/trails/gutrobber/,Gutrobber,44.30864,-123.53463,point_start,44.30864,-123.53463,,,,,4.6,trailforks_card_raw_avg,4.6,7,green,Alsea Falls,"Monroe, OR",Oregon,,,False,,tf_card_start,difficulty=green
tf-554461,trailforks,https://www.trailforks.com/trails/deliverance-554461/,Deliverance,28.23711,-82.61531,point_start,28.23711,-82.61531,,,,,4.0,trailforks_card_raw_avg,4.0,2,green,Jay B. Starkey Park,"New Port Richey, FL",Florida,,,False,,tf_card_start,difficulty=green
tf-691608,trailforks,https://www.trailforks.com/trails/secret-squirrel-691608/,Secret Squirrel,27.92478,-81.96269,point_start,27.92478,-81.96269,,,,,4.5,trailforks_card_raw_avg,4.5,2,green,Loyce Harpe Park,"Lakeland, FL",Florida,,,False,,tf_card_start,difficulty=green
tf-88871,trailforks,https://www.trailforks.com/trails/twisted-pine-88871/,Twisted Pine,28.25656,-82.63579,point_start,28.25656,-82.63579,,,,,4.5,trailforks_card_raw_avg,4.5,6,green,Jay B. Starkey Park,"New Port Richey, FL",Florida,,,False,,tf_card_start,difficulty=green
tf-19504,trailforks,https://www.trailforks.com/trails/hole-in-the-fence-45/,Hole in the Fence (4-5),28.07272,-82.33608,point_start,28.07272,-82.33608,,,,,4.4,trailforks_card_raw_avg,4.4,6,green,Wilderness Park  / Flatwoods,"Thonotosassa, FL",Florida,,,False,,tf_card_start,difficulty=green
tf-26688,trailforks,https://www.trailforks.com/trails/modello-highway/,Modello Highway,27.91848,-81.96808,point_start,27.91848,-81.96808,,,,,4.0,trailforks_card_raw_avg,4.0,5,green,Loyce Harpe Park,"Lakeland, FL",Florida,,,False,,tf_card_start,difficulty=green
tf-63164,trailforks,https://www.trailforks.com/trails/misery/,Misery,28.06939,-82.32869,point_start,28.06939,-82.32869,,,,,5.0,trailforks_card_raw_avg,5.0,3,green,Wilderness Park  / Flatwoods,"Thonotosassa, FL",Florida,,,False,,tf_card_start,difficulty=green
tf-25847,trailforks,https://www.trailforks.com/trails/rock-garden-25847/,Rock Garden,27.78852,-82.13322,point_start,27.78852,-82.13322,,,,,4.4,trailforks_card_raw_avg,4.4,15,green,Alafia River State Park,"Lithia, FL",Florida,,,False,,tf_card_start,difficulty=green
tf-562853,trailforks,https://www.trailforks.com/trails/clearwater-lake-access-trail/,Clearwater Lake Access Trail,28.98209,-81.55071,point_start,28.98209,-81.55071,,,,,5.0,trailforks_card_raw_avg,5.0,1,green,Paisley Woods Bicycle Trail,"Paisley, FL",Florida,,,False,,tf_card_start,difficulty=green
tf-702838,trailforks,https://www.trailforks.com/trails/shingle-creek-702838/,Shingle Creek,28.36118,-81.44107,point_start,28.36118,-81.44107,,,,,5.0,trailforks_card_raw_avg,5.0,1,green,Shingle Creek,"Kissimee, FL",Florida,,,False,,tf_card_start,difficulty=green
tf-114813,trailforks,https://www.trailforks.com/trails/the-hammock/,The Hammock,28.78191,-81.38879,point_start,28.78191,-81.38879,,,,,3.9,trailforks_card_raw_avg,3.9,8,green,Markham Woods Trail System,"Lake Mary, FL",Florida,,,False,,tf_card_start,difficulty=green
tf-23173,trailforks,https://www.trailforks.com/trails/meat-head/,Meat Head,28.674229,-81.124179,point_start,28.674229,-81.124179,,,,,4.5,trailforks_card_raw_avg,4.5,2,green,Little Big Econ State Forest (Snow Hill),"Oviedo, FL",Florida,,,False,,tf_card_start,difficulty=green
tf-146750,trailforks,https://www.trailforks.com/trails/paisley-north-access/,Paisley North Access,29.0781,-81.5777,point_start,29.0781,-81.5777,,,,,5.0,trailforks_card_raw_avg,5.0,1,green,Paisley Woods Bicycle Trail,"Paisley, FL",Florida,,,False,,tf_card_start,difficulty=green
tf-77496,trailforks,https://www.trailforks.com/trails/florida-flow/,Florida Flow,28.80369,-81.6279,point_start,28.80369,-81.6279,,,,,4.9,trailforks_card_raw_avg,4.9,8,green,Mount Dora MTB Trails,"Mount Dora, FL",Florida,,,False,,tf_card_start,difficulty=green
tf-108943,trailforks,https://www.trailforks.com/trails/sugar-pine-railway/,Sugar Pine Railway,38.18698,-120.01919,point_start,38.18698,-120.01919,,,,,4.8,trailforks_card_raw_avg,4.8,4,green,Pinecrest,"Pinecrest, CA",California,,,False,,tf_card_start,difficulty=green
tf-225821,trailforks,https://www.trailforks.com/trails/valley-loop-225821/,Valley Loop,37.74256,-119.58825,point_start,37.74256,-119.58825,,,,,5.0,trailforks_card_raw_avg,5.0,1,green,Yosemite National Park,"Yosemite, CA",California,,,False,,tf_card_start,difficulty=green
tf-51740,trailforks,https://www.trailforks.com/trails/outer-loop-51740/,Outer Loop,26.1756,-97.68553,point_start,26.1756,-97.68553,,,,,4.0,trailforks_card_raw_avg,4.0,2,green,Arroyo Park Hike & Bike,"Harlingen, TX",Texas,,,False,,tf_card_start,difficulty=green
tf-714954,trailforks,https://www.trailforks.com/trails/marvin-braude-bike-path-marina-del-rey-section/,Marvin Braude Bike Path: Marina Del Rey Section,33.98616,-118.45518,point_start,33.98616,-118.45518,,,,,5.0,trailforks_card_raw_avg,5.0,1,green,Will Rogers State Park,"Santa Monica, CA",California,,,False,,tf_card_start,difficulty=green
tf-381007,trailforks,https://www.trailforks.com/trails/aliso-canyon-run/,Aliso Canyon Run,34.29688,-118.54129,point_start,34.29688,-118.54129,,,,,4.7,trailforks_card_raw_avg,4.7,3,green,Los Angeles County,"Chatsworth, CA",California,,,False,,tf_card_start,difficulty=green
tf-692609,trailforks,https://www.trailforks.com/trails/madonna-trail/,Madonna Trail,34.11753,-118.32912,point_start,34.11753,-118.32912,,,,,4.0,trailforks_card_raw_avg,4.0,1,green,Hollywood Hills,"Hollywood Hills, CA",California,,,False,,tf_card_start,difficulty=green
tf-17555,trailforks,https://www.trailforks.com/trails/lower-gabrielino-trail/,Lower Gabrielino Trail,34.19435,-118.16806,point_start,34.19435,-118.16806,,,,,4.2,trailforks_card_raw_avg,4.2,22,green,Brown Mountain,"Altadena, CA",California,,,False,,tf_card_start,difficulty=green
tf-623629,trailforks,https://www.trailforks.com/trails/santa-anita-wash-trail/,Santa Anita Wash Trail,34.15159,-118.02779,point_start,34.15159,-118.02779,,,,,4.0,trailforks_card_raw_avg,4.0,1,green,Arcadia,"Arcadia, CA",California,,,False,,tf_card_start,difficulty=green
tf-437549,trailforks,https://www.trailforks.com/trails/fun-forest-437549/,Fun Forest,51.07034,-115.36544,point_start,51.07034,-115.36544,,,,,4.6,trailforks_card_raw_avg,4.6,7,green,Quarry Lake Trails,"Canmore, AB",Alberta,,,False,,tf_card_start,difficulty=green
tf-471076,trailforks,https://www.trailforks.com/trails/hoodoos-471076/,Hoodoos,51.19028,-115.51471,point_start,51.19028,-115.51471,,,,,4.0,trailforks_card_raw_avg,4.0,4,green,Tunnel Mountain Bench Area,"Banff, AB",Alberta,,,False,,tf_card_start,difficulty=green
tf-433131,trailforks,https://www.trailforks.com/trails/south-fat-bike-d/,South Fat Bike D,50.60248,-115.78552,point_start,50.60248,-115.78552,,,,,5.0,trailforks_card_raw_avg,5.0,1,green,Nipika Mountain Resort & the Cross River Canyon Recreation Site,"Radium Hot Springs, BC",British Columbia,,,False,,tf_card_start,difficulty=green
tf-433130,trailforks,https://www.trailforks.com/trails/south-fat-bike-c/,South Fat Bike C,50.60248,-115.78552,point_start,50.60248,-115.78552,,,,,5.0,trailforks_card_raw_avg,5.0,1,green,Nipika Mountain Resort & the Cross River Canyon Recreation Site,"Radium Hot Springs, BC",British Columbia,,,False,,tf_card_start,difficulty=green
tf-433129,trailforks,https://www.trailforks.com/trails/south-fat-bike-b/,South Fat Bike B,50.60248,-115.78552,point_start,50.60248,-115.78552,,,,,5.0,trailforks_card_raw_avg,5.0,1,green,Nipika Mountain Resort & the Cross River Canyon Recreation Site,"Radium Hot Springs, BC",British Columbia,,,False,,tf_card_start,difficulty=green
tf-28835,trailforks,https://www.trailforks.com/trails/loki-s/,Loki's,51.06771,-115.35647,point_start,51.06771,-115.35647,,,,,4.0,trailforks_card_raw_avg,4.0,17,green,Three Sisters Mountain Village,"Canmore, AB",Alberta,,,False,,tf_card_start,difficulty=green
tf-743227,trailforks,https://www.trailforks.com/trails/three-sisters-parkway/,Three Sisters Parkway,51.02716,-115.24784,point_start,51.02716,-115.24784,,,,,5.0,trailforks_card_raw_avg,5.0,1,green,Bow Valley Wildland Provincial Park,"Canmore, AB",Alberta,,,False,,tf_card_start,difficulty=green
tf-8568,trailforks,https://www.trailforks.com/trails/goat-creek/,Goat Creek,51.06202,-115.41912,point_start,51.06202,-115.41912,,,,,3.8,trailforks_card_raw_avg,3.8,16,green,Banff National Park,AB,Alberta,,,False,,tf_card_start,difficulty=green
tf-581559,trailforks,https://www.trailforks.com/trails/hbt-581559/,HBT,36.31147,-115.33055,point_start,36.31147,-115.33055,,,,,3.8,trailforks_card_raw_avg,3.8,4,green,Twilight Zone,"Las Vegas, NV",Nevada,,,False,,tf_card_start,difficulty=green
tf-574764,trailforks,https://www.trailforks.com/trails/motor-boat/,Motor Boat,35.97725,-115.00913,point_start,35.97725,-115.00913,,,,,5.0,trailforks_card_raw_avg,5.0,1,green,Sloan Canyon Trails,"Henderson, NV",Nevada,,,False,,tf_card_start,difficulty=green
tf-5018,trailforks,https://www.trailforks.com/trails/badger-pass/,Badger Pass,36.011113,-115.431397,point_start,36.011113,-115.431397,,,,,4.1,trailforks_card_raw_avg,4.1,30,green,Cottonwood Valley,"Las Vegas, NV",Nevada,,,False,,tf_card_start,difficulty=green
tf-5011,trailforks,https://www.trailforks.com/trails/mustang-loop-5011/,Mustang Loop,36.01128,-115.43139,point_start,36.01128,-115.43139,,,,,4.5,trailforks_card_raw_avg,4.5,26,green,Cottonwood Valley,"Las Vegas, NV",Nevada,,,False,,tf_card_start,difficulty=green
tf-45141,trailforks,https://www.trailforks.com/trails/benchmark/,Benchmark,36.08488,-115.34698,point_start,36.08488,-115.34698,,,,,4.3,trailforks_card_raw_avg,4.3,19,green,Red Rock - Bear’s Best,"Las Vegas, NV",Nevada,,,False,,tf_card_start,difficulty=green
tf-532053,trailforks,https://www.trailforks.com/trails/midnight-ridge-532053/,Midnight Ridge,36.11655,-115.35223,point_start,36.11655,-115.35223,,,,,4.0,trailforks_card_raw_avg,4.0,2,green,Red Rock - Bear’s Best,"Las Vegas, NV",Nevada,,,False,,tf_card_start,difficulty=green
tf-204773,trailforks,https://www.trailforks.com/trails/lil-daytona/,Lil Daytona,36.02682,-115.43921,point_start,36.02682,-115.43921,,,,,4.4,trailforks_card_raw_avg,4.4,26,green,Cottonwood Valley,"Las Vegas, NV",Nevada,,,False,,tf_card_start,difficulty=green
tf-656206,trailforks,https://www.trailforks.com/trails/high-water-656206/,High Water,38.76569,-121.14415,point_start,38.76569,-121.14415,,,,,4.0,trailforks_card_raw_avg,4.0,2,green,Roseville,"Roseville, CA",California,,,False,,tf_card_start,difficulty=green
tf-500423,trailforks,https://www.trailforks.com/trails/ranch-trail-500423/,Ranch Trail,38.78324,-121.03943,point_start,38.78324,-121.03943,,,,,4.0,trailforks_card_raw_avg,4.0,1,green,Salmon Falls Ranch,"El Dorado Hills, CA",California,,,False,,tf_card_start,difficulty=green
tf-514160,trailforks,https://www.trailforks.com/trails/shortcut-to-park/,Shortcut to Park,38.61542,-121.298,point_start,38.61542,-121.298,,,,,4.0,trailforks_card_raw_avg,4.0,1,green,Folsom,"Folsom, CA",California,,,False,,tf_card_start,difficulty=green
tf-523260,trailforks,https://www.trailforks.com/trails/marsh-dance/,Marsh Dance,38.7662,-121.14417,point_start,38.7662,-121.14417,,,,,5.0,trailforks_card_raw_avg,5.0,1,green,Granite Bay,"Folsom, CA",California,,,False,,tf_card_start,difficulty=green
tf-126557,trailforks,https://www.trailforks.com/trails/american-river-auxiliary/,American River Auxiliary,38.637477,-121.206874,point_start,38.637477,-121.206874,,,,,4.5,trailforks_card_raw_avg,4.5,4,green,Granite Bay,"Folsom, CA",California,,,False,,tf_card_start,difficulty=green
tf-311714,trailforks,https://www.trailforks.com/trails/new-bench-climb/,New Bench Climb,38.76582,-121.14339,point_start,38.76582,-121.14339,,,,,5.0,trailforks_card_raw_avg,5.0,2,green,Granite Bay,"Granite Bay, CA",California,,,False,,tf_card_start,difficulty=green
tf-106558,trailforks,https://www.trailforks.com/trails/dead-dude/,Dead Dude,38.760076,-121.139273,point_start,38.760076,-121.139273,,,,,4.0,trailforks_card_raw_avg,4.0,2,green,Granite Bay,"Folsom, CA",California,,,False,,tf_card_start,difficulty=green
tf-51747,trailforks,https://www.trailforks.com/trails/levy-run/,Levy Run,26.19234,-98.33042,point_start,26.19234,-98.33042,,,,,4.0,trailforks_card_raw_avg,4.0,2,green,Mission Hike and Bike Trail,"Mission, TX",Texas,,,False,,tf_card_start,difficulty=green
tf-682639,trailforks,https://www.trailforks.com/trails/acoustic-rave/,Acoustic Rave,40.24467,-75.83107,point_start,40.24467,-75.83107,,,,,4.7,trailforks_card_raw_avg,4.7,10,green,Birdsboro Preserve,"Birdsboro, PA",Pennsylvania,,,False,,tf_card_start,difficulty=green
tf-583700,trailforks,https://www.trailforks.com/trails/ponds-outer-loop/,Ponds Outer Loop,40.62568,-75.50477,point_start,40.62568,-75.50477,,,,,5.0,trailforks_card_raw_avg,5.0,1,green,Jordan Creek,"Allentown, PA",Pennsylvania,,,False,,tf_card_start,difficulty=green
tf-666818,trailforks,https://www.trailforks.com/trails/raider-s-revenge/,Raider's Revenge,40.25007,-75.83025,point_start,40.25007,-75.83025,,,,,4.4,trailforks_card_raw_avg,4.4,6,green,Birdsboro Preserve,"Birdsboro, PA",Pennsylvania,,,False,,tf_card_start,difficulty=green
tf-88697,trailforks,https://www.trailforks.com/trails/air-time-88697/,Air Time,40.25188,-75.83282,point_start,40.25188,-75.83282,,,,,3.9,trailforks_card_raw_avg,3.9,7,green,Birdsboro Preserve,"Birdsboro, PA",Pennsylvania,,,False,,tf_card_start,difficulty=green
tf-68955,trailforks,https://www.trailforks.com/trails/neversink-south-trail/,Neversink South Trail,40.31519,-75.89191,point_start,40.31519,-75.89191,,,,,5.0,trailforks_card_raw_avg,5.0,2,green,Neversink Mountain Preserve,"Reading, PA",Pennsylvania,,,False,,tf_card_start,difficulty=green
tf-88272,trailforks,https://www.trailforks.com/trails/indian-run-dam-loop/,Indian Run Dam Loop,40.24428,-75.82319,point_start,40.24428,-75.82319,,,,,4.3,trailforks_card_raw_avg,4.3,7,green,Birdsboro Preserve,"Birdsboro, PA",Pennsylvania,,,False,,tf_card_start,difficulty=green
tf-145237,trailforks,https://www.trailforks.com/trails/great-oak-trail-145237/,Great Oak Trail,40.21573,-75.71015,point_start,40.21573,-75.71015,,,,,4.0,trailforks_card_raw_avg,4.0,3,green,Coventry Woods,"Saint Peters, PA",Pennsylvania,,,False,,tf_card_start,difficulty=green
tf-52684,trailforks,https://www.trailforks.com/trails/inner-log-loops/,Inner Log Loops,30.40012,-97.69099,point_start,30.40012,-97.69099,,,,,4.6,trailforks_card_raw_avg,4.6,19,green,Walnut Creek Metropolitan Park,"Austin, TX",Texas,,,False,,tf_card_start,difficulty=green
tf-16518,trailforks,https://www.trailforks.com/trails/point-six-loop/,Point Six Loop,30.40354,-97.68882,point_start,30.40354,-97.68882,,,,,4.0,trailforks_card_raw_avg,4.0,14,green,Walnut Creek Metropolitan Park,"Austin, TX",Texas,,,False,,tf_card_start,difficulty=green
tf-297873,trailforks,https://www.trailforks.com/trails/love-roller-coaster/,Love Roller Coaster,30.19017,-97.86492,point_start,30.19017,-97.86492,,,,,4.3,trailforks_card_raw_avg,4.3,4,green,South Austin Trail Network (SATN),"Austin, TX",Texas,,,False,,tf_card_start,difficulty=green
tf-395315,trailforks,https://www.trailforks.com/trails/peddler-s-pass-395315/,Peddler's Pass,30.50767,-97.77371,point_start,30.50767,-97.77371,,,,,4.7,trailforks_card_raw_avg,4.7,9,green,Brushy Creek Regional Park,"Cedar Park, TX",Texas,,,False,,tf_card_start,difficulty=green
tf-247777,trailforks,https://www.trailforks.com/trails/the-missing-link-247777/,The Missing Link,30.16798,-97.83975,point_start,30.16798,-97.83975,,,,,5.0,trailforks_card_raw_avg,5.0,2,green,Bauerle Ranch,"Austin, TX",Texas,,,False,,tf_card_start,difficulty=green
tf-52687,trailforks,https://www.trailforks.com/trails/shady-springs/,Shady Springs,30.39711,-97.68506,point_start,30.39711,-97.68506,,,,,4.0,trailforks_card_raw_avg,4.0,4,green,Walnut Creek Metropolitan Park,"Austin, TX",Texas,,,False,,tf_card_start,difficulty=green
tf-73501,trailforks,https://www.trailforks.com/trails/coyote-run-trail/,Coyote Run Trail,30.16215,-97.83606,point_start,30.16215,-97.83606,,,,,5.0,trailforks_card_raw_avg,5.0,2,green,Bauerle Ranch,"Austin, TX",Texas,,,False,,tf_card_start,difficulty=green
tf-226693,trailforks,https://www.trailforks.com/trails/canterbury-trails/,Canterbury Trails,30.16175,-97.83195,point_start,30.16175,-97.83195,,,,,5.0,trailforks_card_raw_avg,5.0,2,green,South Austin Trail Network (SATN),"Austin, TX",Texas,,,False,,tf_card_start,difficulty=green
tf-313863,trailforks,https://www.trailforks.com/trails/suburban-ninja/,Suburban Ninja,30.53431,-97.78004,point_start,30.53431,-97.78004,,,,,4.9,trailforks_card_raw_avg,4.9,8,green,Suburban Ninja/Christ Church,"Cedar Park, TX",Texas,,,False,,tf_card_start,difficulty=green
tf-88804,trailforks,https://www.trailforks.com/trails/desperado-n/,Desperado (N),32.27825,-111.08278,point_start,32.27825,-111.08278,,,,,4.0,trailforks_card_raw_avg,4.0,10,green,Sweetwater Preserve,AZ,Arizona,,,False,,tf_card_start,difficulty=green
tf-111039,trailforks,https://www.trailforks.com/trails/wildflower-ridge-111039/,Wildflower Ridge,32.27261,-111.08584,point_start,32.27261,-111.08584,,,,,4.3,trailforks_card_raw_avg,4.3,8,green,Sweetwater Preserve,AZ,Arizona,,,False,,tf_card_start,difficulty=green
tf-78635,trailforks,https://www.trailforks.com/trails/desperado-s/,Desperado (S),32.27883,-111.07394,point_start,32.27883,-111.07394,,,,,4.4,trailforks_card_raw_avg,4.4,17,green,Sweetwater Preserve,AZ,Arizona,,,False,,tf_card_start,difficulty=green
tf-15527,trailforks,https://www.trailforks.com/trails/honeybee-west/,Honeybee West,32.51777,-111.0126,point_start,32.51777,-111.0126,,,,,4.1,trailforks_card_raw_avg,4.1,15,green,Honeybee Canyon/Rail X Ranch,"Oro Valley, AZ",Arizona,,,False,,tf_card_start,difficulty=green
tf-110721,trailforks,https://www.trailforks.com/trails/big-wash-trail/,Big Wash Trail,32.44939,-110.94468,point_start,32.44939,-110.94468,,,,,4.2,trailforks_card_raw_avg,4.2,5,green,Honeybee Canyon/Rail X Ranch,"Oro Valley, AZ",Arizona,,,False,,tf_card_start,difficulty=green
tf-104610,trailforks,https://www.trailforks.com/trails/window-rock/,Window Rock,32.55625,-111.00254,point_start,32.55625,-111.00254,,,,,4.5,trailforks_card_raw_avg,4.5,6,green,Honeybee Canyon/Rail X Ranch,"Oro Valley, AZ",Arizona,,,False,,tf_card_start,difficulty=green
tf-15482,trailforks,https://www.trailforks.com/trails/azt-rincon-creek/,AZT - Rincon Creek,32.12963,-110.64474,point_start,32.12963,-110.64474,,,,,4.5,trailforks_card_raw_avg,4.5,6,green,Rincon Valley,"Vail, AZ",Arizona,,,False,,tf_card_start,difficulty=green
tf-451318,trailforks,https://www.trailforks.com/trails/coal-train-451318/,Coal Train,38.91024,-107.0262,point_start,38.91024,-107.0262,,,,,5.0,trailforks_card_raw_avg,5.0,1,green,Crested Butte Town Trails,"Crested Butte, CO",Colorado,,,False,,tf_card_start,difficulty=green
tf-13447,trailforks,https://www.trailforks.com/trails/lower-loop/,Lower Loop,38.8903,-107.00573,point_start,38.8903,-107.00573,,,,,4.0,trailforks_card_raw_avg,4.0,5,green,Crested Butte Town Trails,"Crested Butte, CO",Colorado,,,False,,tf_card_start,difficulty=green
tf-306762,trailforks,https://www.trailforks.com/trails/golden-gate-306762/,Golden Gate,39.62537,-106.35216,point_start,39.62537,-106.35216,,,,,4.5,trailforks_card_raw_avg,4.5,6,green,Vail Mountain,"Vail, CO",Colorado,,,False,,tf_card_start,difficulty=green
tf-63837,trailforks,https://www.trailforks.com/trails/extra-credit-63837/,Extra Credit,39.63845,-106.78872,point_start,39.63845,-106.78872,,,,,4.3,trailforks_card_raw_avg,4.3,7,green,East Eagle,"Eagle, CO",Colorado,,,False,,tf_card_start,difficulty=green
tf-429085,trailforks,https://www.trailforks.com/trails/chicken-hawk-429085/,Chicken Hawk,33.90388,-117.30393,point_start,33.90388,-117.30393,,,,,4.8,trailforks_card_raw_avg,4.8,4,green,Sycamore Canyon,"Riverside, CA",California,,,False,,tf_card_start,difficulty=green
tf-849196,trailforks,https://www.trailforks.com/trails/lil-pines/,Lil Pines,34.36724,-117.69154,point_start,34.36724,-117.69154,,,,,5.0,trailforks_card_raw_avg,5.0,1,green,San Gabriel Mountains (Wrightwood area),"Wrightwood, CA",California,,,False,,tf_card_start,difficulty=green
tf-453890,trailforks,https://www.trailforks.com/trails/dixie-lee-loop/,Dixie Lee Loop,34.25314,-116.83742,point_start,34.25314,-116.83742,,,,,5.0,trailforks_card_raw_avg,5.0,3,green,Maple Hill Trail System,"Big Bear City, CA",California,,,False,,tf_card_start,difficulty=green
tf-449234,trailforks,https://www.trailforks.com/trails/scenic-view-road/,Scenic View Road,33.62249,-117.1716,point_start,33.62249,-117.1716,,,,,4.3,trailforks_card_raw_avg,4.3,4,green,Greer Ranch,"Murrieta, CA",California,,,False,,tf_card_start,difficulty=green
tf-454124,trailforks,https://www.trailforks.com/trails/sawmill-loop-454124/,Sawmill Loop,34.25321,-116.83789,point_start,34.25321,-116.83789,,,,,4.0,trailforks_card_raw_avg,4.0,3,green,Maple Hill Trail System,"Big Bear City, CA",California,,,False,,tf_card_start,difficulty=green
tf-439899,trailforks,https://www.trailforks.com/trails/elementary-trail/,Elementary Trail,34.25048,-116.83098,point_start,34.25048,-116.83098,,,,,5.0,trailforks_card_raw_avg,5.0,2,green,Maple Hill Trail System,"Big Bear City, CA",California,,,False,,tf_card_start,difficulty=green
tf-439898,trailforks,https://www.trailforks.com/trails/baldwin-loop-439898/,Baldwin Loop,34.25546,-116.83475,point_start,34.25546,-116.83475,,,,,5.0,trailforks_card_raw_avg,5.0,3,green,Maple Hill Trail System,"Big Bear City, CA",California,,,False,,tf_card_start,difficulty=green
tf-251710,trailforks,https://www.trailforks.com/trails/lower-climb-251710/,Lower Climb,44.3265,-72.74109,point_start,44.3265,-72.74109,,,,,4.0,trailforks_card_raw_avg,4.0,2,green,Perry Hill,"Waterbury, VT",Vermont,,,False,,tf_card_start,difficulty=green
tf-3858,trailforks,https://www.trailforks.com/trails/cady-hill-climb-lower/,Cady Hill Climb - Lower,44.47323,-72.69488,point_start,44.47323,-72.69488,,,,,4.3,trailforks_card_raw_avg,4.3,22,green,Cady Hill Forest,"Stowe, VT",Vermont,,,False,,tf_card_start,difficulty=green
tf-99272,trailforks,https://www.trailforks.com/trails/s-mores-99272/,S'Mores,44.33305,-72.73226,point_start,44.33305,-72.73226,,,,,4.8,trailforks_card_raw_avg,4.8,33,green,Perry Hill,"Waterbury, VT",Vermont,,,False,,tf_card_start,difficulty=green
tf-677105,trailforks,https://www.trailforks.com/trails/green-fee/,Green Fee,44.36591,-72.84537,point_start,44.36591,-72.84537,,,,,4.7,trailforks_card_raw_avg,4.7,3,green,The Driving Range,"Bolton, VT",Vermont,,,False,,tf_card_start,difficulty=green
tf-564647,trailforks,https://www.trailforks.com/trails/ebascootcha/,Ebascootcha,44.41532,-72.83442,point_start,44.41532,-72.83442,,,,,4.9,trailforks_card_raw_avg,4.9,6,green,Bolton Valley Resort,"Bolton, VT",Vermont,,,False,,tf_card_start,difficulty=green
tf-443601,trailforks,https://www.trailforks.com/trails/brookside-443601/,Brookside,44.39485,-72.98373,point_start,44.39485,-72.98373,,,,,4.0,trailforks_card_raw_avg,4.0,1,green,Cochran's Ski Area,"Richmond, VT",Vermont,,,False,,tf_card_start,difficulty=green
tf-457205,trailforks,https://www.trailforks.com/trails/the-field-loop-457205/,The Field Loop,43.95476,-72.99085,point_start,43.95476,-72.99085,,,,,5.0,trailforks_card_raw_avg,5.0,1,green,Rikert Outdoor Center,"Ripton, VT",Vermont,,,False,,tf_card_start,difficulty=green
tf-579169,trailforks,https://www.trailforks.com/trails/rosa-gulch/,Rosa Gulch,39.74342,-105.50526,point_start,39.74342,-105.50526,,,,,4.1,trailforks_card_raw_avg,4.1,12,green,Virginia Canyon Mountain Park,"Idaho Springs, CO",Colorado,,,False,,tf_card_start,difficulty=green
tf-782005,trailforks,https://www.trailforks.com/trails/buttermilk-peak/,Buttermilk Peak,39.7515,-105.50866,point_start,39.7515,-105.50866,,,,,4.8,trailforks_card_raw_avg,4.8,4,green,Virginia Canyon Mountain Park,"Idaho Springs, CO",Colorado,,,False,,tf_card_start,difficulty=green
tf-559652,trailforks,https://www.trailforks.com/trails/rocky-mountain-arsenal-national-wildlife-refuge-perimeter-trail/,Rocky Mountain Arsenal National Wildlife Refuge Perimeter Trail,39.81275,-104.88873,point_start,39.81275,-104.88873,,,,,4.0,trailforks_card_raw_avg,4.0,5,green,Rocky Mountain Arsenal National Wildlife Refuge,"Commerce City, CO",Colorado,,,False,,tf_card_start,difficulty=green
tf-629341,trailforks,https://www.trailforks.com/trails/north-sky-trail/,North Sky Trail,40.06985,-105.29154,point_start,40.06985,-105.29154,,,,,3.9,trailforks_card_raw_avg,3.9,9,green,Boulder Valley Ranch / Boulder Reservoir,"Boulder, CO",Colorado,,,False,,tf_card_start,difficulty=green
tf-13577,trailforks,https://www.trailforks.com/trails/whippletree/,Whippletree,39.80747,-105.26109,point_start,39.80747,-105.26109,,,,,3.9,trailforks_card_raw_avg,3.9,14,green,White Ranch Park,"Golden, CO",Colorado,,,False,,tf_card_start,difficulty=green
tf-144653,trailforks,https://www.trailforks.com/trails/portal-144653/,Portal,39.72429,-105.41253,point_start,39.72429,-105.41253,,,,,3.8,trailforks_card_raw_avg,3.8,14,green,Floyd Hill Open Space,"Idaho Springs, CO",Colorado,,,False,,tf_card_start,difficulty=green
tf-13203,trailforks,https://www.trailforks.com/trails/hardscrabble/,Hardscrabble,39.715003,-105.233885,point_start,39.715003,-105.233885,,,,,4.0,trailforks_card_raw_avg,4.0,6,green,Apex Park,"Golden, CO",Colorado,,,False,,tf_card_start,difficulty=green
tf-96738,trailforks,https://www.trailforks.com/trails/happy-trail-96738/,Happy Trail,29.975569,-95.586044,point_start,29.975569,-95.586044,,,,,4.5,trailforks_card_raw_avg,4.5,8,green,Cypress Creek,"Houston, TX",Texas,,,False,,tf_card_start,difficulty=green
tf-197956,trailforks,https://www.trailforks.com/trails/operation-yellow-bird/,Operation Yellow Bird,29.57939,-95.66855,point_start,29.57939,-95.66855,,,,,4.3,trailforks_card_raw_avg,4.3,7,green,Brazos River Trails,"Sugar Land, TX",Texas,,,False,,tf_card_start,difficulty=green
tf-85115,trailforks,https://www.trailforks.com/trails/tower-loop-85115/,Tower Loop,29.56502,-95.65747,point_start,29.56502,-95.65747,,,,,4.8,trailforks_card_raw_avg,4.8,14,green,Brazos River Trails,"Sugar Land, TX",Texas,,,False,,tf_card_start,difficulty=green
tf-197955,trailforks,https://www.trailforks.com/trails/rc-uppers/,RC Uppers,29.57913,-95.66885,point_start,29.57913,-95.66885,,,,,4.7,trailforks_card_raw_avg,4.7,6,green,Brazos River Trails,"Sugar Land, TX",Texas,,,False,,tf_card_start,difficulty=green
tf-85113,trailforks,https://www.trailforks.com/trails/brazos-bend/,Brazos Bend,29.57096,-95.66487,point_start,29.57096,-95.66487,,,,,4.3,trailforks_card_raw_avg,4.3,7,green,Brazos River Trails,"Sugar Land, TX",Texas,,,False,,tf_card_start,difficulty=green
tf-85112,trailforks,https://www.trailforks.com/trails/barbed-wire-85112/,Barbed Wire,29.5746,-95.66572,point_start,29.5746,-95.66572,,,,,5.0,trailforks_card_raw_avg,5.0,2,green,Brazos River Trails,"Sugar Land, TX",Texas,,,False,,tf_card_start,difficulty=green
tf-53314,trailforks,https://www.trailforks.com/trails/justin-brindley-memorial/,Justin Brindley Memorial,29.55212,-95.63985,point_start,29.55212,-95.63985,,,,,4.7,trailforks_card_raw_avg,4.7,11,green,Brazos River Trails,"Sugar Land, TX",Texas,,,False,,tf_card_start,difficulty=green
tf-119912,trailforks,https://www.trailforks.com/trails/100-acre-wood-north/,100 Acre Wood North,29.98609,-95.57714,point_start,29.98609,-95.57714,,,,,4.0,trailforks_card_raw_avg,4.0,5,green,Cypress Creek,"Houston, TX",Texas,,,False,,tf_card_start,difficulty=green
tf-7817,trailforks,https://www.trailforks.com/trails/mind-bender/,Mind Bender,29.57778,-95.68698,point_start,29.57778,-95.68698,,,,,5.0,trailforks_card_raw_avg,5.0,3,green,Brazos River Trails,"Sugar Land, TX",Texas,,,False,,tf_card_start,difficulty=green
tf-336151,trailforks,https://www.trailforks.com/trails/greezed-lightnin/,Greezed Lightnin',29.58009,-95.68213,point_start,29.58009,-95.68213,,,,,5.0,trailforks_card_raw_avg,5.0,2,green,Brazos River Trails,"Sugar Land, TX",Texas,,,False,,tf_card_start,difficulty=green
tf-540029,trailforks,https://www.trailforks.com/trails/mozart-overcrossing/,Mozart Overcrossing,37.26226,-121.9545,point_start,37.26226,-121.9545,,,,,5.0,trailforks_card_raw_avg,5.0,1,green,Campbell,"Campbell, CA",California,,,False,,tf_card_start,difficulty=green
tf-656209,trailforks,https://www.trailforks.com/trails/beach-cycleway/,Beach Cycleway,36.96126,-122.02547,point_start,36.96126,-122.02547,,,,,5.0,trailforks_card_raw_avg,5.0,1,green,Santa Cruz,"Santa Cruz, CA",California,,,False,,tf_card_start,difficulty=green
tf-713857,trailforks,https://www.trailforks.com/trails/old-creek-connector/,Old Creek Connector,37.57897,-122.00741,point_start,37.57897,-122.00741,,,,,5.0,trailforks_card_raw_avg,5.0,1,green,Quarry Lakes Regional Park,"Fremont, CA",California,,,False,,tf_card_start,difficulty=green
tf-605779,trailforks,https://www.trailforks.com/trails/san-francisco-bay-trail-salt-pond/,San Francisco Bay Trail - Salt Pond,37.48295,-122.13411,point_start,37.48295,-122.13411,,,,,4.0,trailforks_card_raw_avg,4.0,1,green,Palo Alto,"Palo Alto, CA",California,,,False,,tf_card_start,difficulty=green
tf-656214,trailforks,https://www.trailforks.com/trails/west-cliff-multipurpose-cycleway/,West Cliff Multipurpose Cycleway,36.96125,-122.02547,point_start,36.96125,-122.02547,,,,,5.0,trailforks_card_raw_avg,5.0,1,green,Santa Cruz,"Santa Cruz, CA",California,,,False,,tf_card_start,difficulty=green
tf-543432,trailforks,https://www.trailforks.com/trails/corral-left/,Corral Left,37.5978,-121.69321,point_start,37.5978,-121.69321,,,,,5.0,trailforks_card_raw_avg,5.0,1,green,Del Valle Regional Park,"Livermore, CA",California,,,False,,tf_card_start,difficulty=green
tf-9286,trailforks,https://www.trailforks.com/trails/bearclaw-poppy-downhill/,Bearclaw Poppy (Downhill),37.06996,-113.65426,point_start,37.06996,-113.65426,,,,,4.3,trailforks_card_raw_avg,4.3,87,green,Green Valley,"St. George, UT",Utah,,,False,,tf_card_start,difficulty=green
tf-9285,trailforks,https://www.trailforks.com/trails/jem-9285/,Jem,37.15182,-113.25185,point_start,37.15182,-113.25185,,,,,3.9,trailforks_card_raw_avg,3.9,62,green,Hurricane Cliffs,"Hurricane, UT",Utah,,,False,,tf_card_start,difficulty=green
tf-734251,trailforks,https://www.trailforks.com/trails/giddyup-734251/,Giddyup,37.08667,-113.86035,point_start,37.08667,-113.86035,,,,,4.3,trailforks_card_raw_avg,4.3,4,green,Revenant Bike Park,"St. George, UT",Utah,,,False,,tf_card_start,difficulty=green
tf-743325,trailforks,https://www.trailforks.com/trails/quick-draw-743325/,Quick Draw,37.09203,-113.85962,point_start,37.09203,-113.85962,,,,,4.9,trailforks_card_raw_avg,4.9,8,green,Revenant Bike Park,"St. George, UT",Utah,,,False,,tf_card_start,difficulty=green
tf-774945,trailforks,https://www.trailforks.com/trails/get-it-together-774945/,Get It Together,37.24308,-113.54986,point_start,37.24308,-113.54986,,,,,4.7,trailforks_card_raw_avg,4.7,3,green,Cliffrose Trail System,"St. George, UT",Utah,,,False,,tf_card_start,difficulty=green
tf-774944,trailforks,https://www.trailforks.com/trails/get-it-together-774944/,Get It Together,37.23942,-113.56136,point_start,37.23942,-113.56136,,,,,4.6,trailforks_card_raw_avg,4.6,5,green,Cliffrose Trail System,"St. George, UT",Utah,,,False,,tf_card_start,difficulty=green
tf-774943,trailforks,https://www.trailforks.com/trails/get-it-together/,Get It Together,37.23337,-113.56461,point_start,37.23337,-113.56461,,,,,4.7,trailforks_card_raw_avg,4.7,3,green,Cliffrose Trail System,"St. George, UT",Utah,,,False,,tf_card_start,difficulty=green
tf-618035,trailforks,https://www.trailforks.com/trails/jem-lower/,Jem (Lower),37.1908,-113.22549,point_start,37.1908,-113.22549,,,,,4.3,trailforks_card_raw_avg,4.3,4,green,Hurricane Cliffs,"Hurricane, UT",Utah,,,False,,tf_card_start,difficulty=green
tf-34041,trailforks,https://www.trailforks.com/trails/sugar-line/,Sugar Line,42.61271,-72.86941,point_start,42.61271,-72.86941,,,,,4.6,trailforks_card_raw_avg,4.6,15,green,Thunder Mountain Bike Park,"Charlemont, MA",Massachusetts,,,False,,tf_card_start,difficulty=green
tf-222246,trailforks,https://www.trailforks.com/trails/sherpa-222246/,Sherpa,41.99097,-73.13499,point_start,41.99097,-73.13499,,,,,4.3,trailforks_card_raw_avg,4.3,7,green,Norbrook Farm Brewery and Trail Network,"Colebrook, CT",Connecticut,,,False,,tf_card_start,difficulty=green
tf-222233,trailforks,https://www.trailforks.com/trails/long-shot-222233/,Long Shot,41.99626,-73.13958,point_start,41.99626,-73.13958,,,,,5.0,trailforks_card_raw_avg,5.0,5,green,Norbrook Farm Brewery and Trail Network,"Colebrook, CT",Connecticut,,,False,,tf_card_start,difficulty=green
tf-222242,trailforks,https://www.trailforks.com/trails/creekside-222242/,Creekside,41.99771,-73.13568,point_start,41.99771,-73.13568,,,,,4.5,trailforks_card_raw_avg,4.5,4,green,Norbrook Farm Brewery and Trail Network,"Colebrook, CT",Connecticut,,,False,,tf_card_start,difficulty=green
tf-312228,trailforks,https://www.trailforks.com/trails/steve-quinn-memorial-trail/,Steve Quinn Memorial Trail,41.99248,-73.12759,point_start,41.99248,-73.12759,,,,,4.8,trailforks_card_raw_avg,4.8,8,green,Norbrook Farm Brewery and Trail Network,"Colebrook, CT",Connecticut,,,False,,tf_card_start,difficulty=green
tf-312227,trailforks,https://www.trailforks.com/trails/lost-camp/,Lost Camp,41.9943,-73.12878,point_start,41.9943,-73.12878,,,,,4.8,trailforks_card_raw_avg,4.8,5,green,Norbrook Farm Brewery and Trail Network,"Colebrook, CT",Connecticut,,,False,,tf_card_start,difficulty=green
tf-222226,trailforks,https://www.trailforks.com/trails/warmup-222226/,Warm-Up,41.99165,-73.13858,point_start,41.99165,-73.13858,,,,,4.7,trailforks_card_raw_avg,4.7,9,green,Norbrook Farm Brewery and Trail Network,"Colebrook, CT",Connecticut,,,False,,tf_card_start,difficulty=green
tf-18236,trailforks,https://www.trailforks.com/trails/whirlpool/,Whirlpool,42.48217,-73.29399,point_start,42.48217,-73.29399,,,,,4.0,trailforks_card_raw_avg,4.0,5,green,Pittsfield State Forest,"Pittsfield, MA",Massachusetts,,,False,,tf_card_start,difficulty=green
tf-136406,trailforks,https://www.trailforks.com/trails/bear-wallow-trail-136406/,Bear Wallow Trail,38.95049,-78.34843,point_start,38.95049,-78.34843,,,,,4.8,trailforks_card_raw_avg,4.8,8,doubleBlack,Elizabeth Furnace Recreation Area,"Strasburg, VA",Virginia,,,False,,tf_card_start,difficulty=doubleBlack
tf-154464,trailforks,https://www.trailforks.com/trails/hemlock-hollow/,Hemlock Hollow,38.863,-78.31092,point_start,38.863,-78.31092,,,,,4.0,trailforks_card_raw_avg,4.0,2,green,Shenandoah River State Park / Andy Guest,"Front Royal, VA",Virginia,,,False,,tf_card_start,difficulty=green
tf-145857,trailforks,https://www.trailforks.com/trails/bluebell-145857/,Bluebell,38.851,-78.31168,point_start,38.851,-78.31168,,,,,4.0,trailforks_card_raw_avg,4.0,1,green,Shenandoah River State Park / Andy Guest,"Front Royal, VA",Virginia,,,False,,tf_card_start,difficulty=green
tf-154459,trailforks,https://www.trailforks.com/trails/overlook-trail-154459/,Overlook Trail,38.85196,-78.30656,point_start,38.85196,-78.30656,,,,,5.0,trailforks_card_raw_avg,5.0,1,green,Shenandoah River State Park / Andy Guest,"Front Royal, VA",Virginia,,,False,,tf_card_start,difficulty=green
tf-154458,trailforks,https://www.trailforks.com/trails/campground-trail-154458/,Campground Trail,38.8485,-78.31163,point_start,38.8485,-78.31163,,,,,5.0,trailforks_card_raw_avg,5.0,1,green,Shenandoah River State Park / Andy Guest,"Front Royal, VA",Virginia,,,False,,tf_card_start,difficulty=green
tf-14583,trailforks,https://www.trailforks.com/trails/hiline/,Hiline,34.80464,-111.77129,point_start,34.80464,-111.77129,,,,,4.6,trailforks_card_raw_avg,4.6,164,doubleBlack,Cathedral,"Village Of Oak Creek, AZ",Arizona,,,False,,tf_card_start,difficulty=doubleBlack
tf-16331,trailforks,https://www.trailforks.com/trails/schultz-creek/,Schultz Creek,35.28466,-111.63186,point_start,35.28466,-111.63186,,,,,4.3,trailforks_card_raw_avg,4.3,44,green,MEDL (Mount Elden Dry Lakes),"Flagstaff, AZ",Arizona,,,False,,tf_card_start,difficulty=green
tf-16275,trailforks,https://www.trailforks.com/trails/flagstaff-loop-west/,Flagstaff Loop - West,35.1505,-111.70237,point_start,35.1505,-111.70237,,,,,4.7,trailforks_card_raw_avg,4.7,3,green,Fort Tuthill,"Flagstaff, AZ",Arizona,,,False,,tf_card_start,difficulty=green
tf-16586,trailforks,https://www.trailforks.com/trails/flagstaff-loop-se/,Flagstaff Loop (SE),35.16573,-111.59483,point_start,35.16573,-111.59483,,,,,4.9,trailforks_card_raw_avg,4.9,9,green,Flagstaff,"Flagstaff, AZ",Arizona,,,False,,tf_card_start,difficulty=green
tf-199166,trailforks,https://www.trailforks.com/trails/fisher-cave/,Fisher Cave,35.151,-111.59826,point_start,35.151,-111.59826,,,,,5.0,trailforks_card_raw_avg,5.0,1,green,Flagstaff,"Flagstaff, AZ",Arizona,,,False,,tf_card_start,difficulty=green
tf-31114,trailforks,https://www.trailforks.com/trails/azt-c-walnut-canyon-overlook-spur/,AZT/C - Walnut Canyon Overlook Spur,35.15838,-111.56104,point_start,35.15838,-111.56104,,,,,5.0,trailforks_card_raw_avg,5.0,1,green,Walnut Canyon,"Flagstaff, AZ",Arizona,,,False,,tf_card_start,difficulty=green
tf-16285,trailforks,https://www.trailforks.com/trails/soldiers-trail/,Soldiers Trail,35.15071,-111.69039,point_start,35.15071,-111.69039,,,,,4.1,trailforks_card_raw_avg,4.1,17,green,Fort Tuthill,"Flagstaff, AZ",Arizona,,,False,,tf_card_start,difficulty=green
tf-312773,trailforks,https://www.trailforks.com/trails/azt-schultz-creek-312773/,AZT - Schultz Creek,35.27295,-111.64722,point_start,35.27295,-111.64722,,,,,4.5,trailforks_card_raw_avg,4.5,7,green,Fort Valley Trail System,"Flagstaff, AZ",Arizona,,,False,,tf_card_start,difficulty=green
tf-16350,trailforks,https://www.trailforks.com/trails/chimney-trail/,Chimney Trail,35.24997,-111.66649,point_start,35.24997,-111.66649,,,,,4.0,trailforks_card_raw_avg,4.0,14,green,Fort Valley Trail System,"Flagstaff, AZ",Arizona,,,False,,tf_card_start,difficulty=green
tf-319118,trailforks,https://www.trailforks.com/trails/lower-tinker-s-dream/,Lower Tinker's Dream,35.48651,-83.3252,point_start,35.48651,-83.3252,,,,,4.0,trailforks_card_raw_avg,4.0,4,green,Fire Mountain Trails,"Cherokee, NC",North Carolina,,,False,,tf_card_start,difficulty=green
tf-39486,trailforks,https://www.trailforks.com/trails/little-savannah-connector/,Little Savannah Connector,35.30675,-83.20549,point_start,35.30675,-83.20549,,,,,5.0,trailforks_card_raw_avg,5.0,2,green,WCU Trail System,"Cullowhee, NC",North Carolina,,,False,,tf_card_start,difficulty=green
tf-39482,trailforks,https://www.trailforks.com/trails/cullowhee-connector/,Cullowhee Connector,35.31257,-83.18843,point_start,35.31257,-83.18843,,,,,3.9,trailforks_card_raw_avg,3.9,6,green,WCU Trail System,"Cullowhee, NC",North Carolina,,,False,,tf_card_start,difficulty=green
tf-135033,trailforks,https://www.trailforks.com/trails/waya-trail/,Waya Trail,35.483274,-83.328743,point_start,35.483274,-83.328743,,,,,4.7,trailforks_card_raw_avg,4.7,3,green,Fire Mountain Trails,"Cherokee, NC",North Carolina,,,False,,tf_card_start,difficulty=green
tf-39842,trailforks,https://www.trailforks.com/trails/right-loop-connector-2/,Right Loop Connector 2,35.41979,-83.58245,point_start,35.41979,-83.58245,,,,,5.0,trailforks_card_raw_avg,5.0,1,green,Tsali Recreation Area,"Bryson City, NC",North Carolina,,,False,,tf_card_start,difficulty=green
tf-5886,trailforks,https://www.trailforks.com/trails/legacy-climb-trail--stl-lhalem-sintl/,Legacy Climb Trail -  Stl'lhalem Sintl',49.74116,-123.08785,point_start,49.74116,-123.08785,,,,,4.4,trailforks_card_raw_avg,4.4,77,green,Diamond Head,"Squamish, BC",British Columbia,,,False,,tf_card_start,difficulty=green
tf-926,trailforks,https://www.trailforks.com/trails/jacks/,Jacks,49.75876,-123.12646,point_start,49.75876,-123.12646,,,,,3.8,trailforks_card_raw_avg,3.8,66,green,Alice Lake & Highlands,"Squamish, BC",British Columbia,,,False,,tf_card_start,difficulty=green
tf-9964,trailforks,https://www.trailforks.com/trails/climb-trail--stl-lhalem-sintl-9964/,Climb Trail -  Stl'lhalem Sintl',49.73863,-123.07481,point_start,49.73863,-123.07481,,,,,4.4,trailforks_card_raw_avg,4.4,43,green,Diamond Head,"Squamish, BC",British Columbia,,,False,,tf_card_start,difficulty=green
tf-826490,trailforks,https://www.trailforks.com/trails/south-coast-adaptive-trail/,South Coast Adaptive Trail,49.78917,-123.10823,point_start,49.78917,-123.10823,,,,,5.0,trailforks_card_raw_avg,5.0,2,green,Alice Lake & Highlands,"Squamish, BC",British Columbia,,,False,,tf_card_start,difficulty=green
tf-1251,trailforks,https://www.trailforks.com/trails/wonderland/,Wonderland,49.78902,-123.13141,point_start,49.78902,-123.13141,,,,,4.1,trailforks_card_raw_avg,4.1,37,green,Alice Lake & Highlands,"Squamish, BC",British Columbia,,,False,,tf_card_start,difficulty=green
tf-720489,trailforks,https://www.trailforks.com/trails/alice-in-wonderland-trail-720489/,Alice in Wonderland Trail,42.16823,-122.70282,point_start,42.16823,-122.70282,,,,,4.0,trailforks_card_raw_avg,4.0,2,green,Ashland Watershed,"Ashland, OR",Oregon,,,False,,tf_card_start,difficulty=green
tf-86358,trailforks,https://www.trailforks.com/trails/greenhorn-86358/,Greenhorn,42.34807,-122.78517,point_start,42.34807,-122.78517,,,,,4.7,trailforks_card_raw_avg,4.7,3,green,Roxy Ann Peak,"Medford, OR",Oregon,,,False,,tf_card_start,difficulty=green
tf-31070,trailforks,https://www.trailforks.com/trails/pay-dirt-31070/,Pay Dirt,42.41774,-123.15133,point_start,42.41774,-123.15133,,,,,4.2,trailforks_card_raw_avg,4.2,11,green,Mountain of the Rogue Trail System,"Rogue River, OR",Oregon,,,False,,tf_card_start,difficulty=green
tf-45310,trailforks,https://www.trailforks.com/trails/the-mill-raceway/,The Mill - Raceway,34.13304,-84.51876,point_start,34.13304,-84.51876,,,,,4.7,trailforks_card_raw_avg,4.7,10,green,Taylor Randall Memorial Bike Trails at Olde Rope Mill Park,"Woodstock, GA",Georgia,,,False,,tf_card_start,difficulty=green
tf-15740,trailforks,https://www.trailforks.com/trails/mosquito-flats/,Mosquito Flats,34.1611,-84.53939,point_start,34.1611,-84.53939,,,,,4.3,trailforks_card_raw_avg,4.3,8,green,Blankets Creek,"Woodstock, GA",Georgia,,,False,,tf_card_start,difficulty=green
tf-190835,trailforks,https://www.trailforks.com/trails/love-shack-190835/,Love Shack,34.02163,-84.71719,point_start,34.02163,-84.71719,,,,,4.1,trailforks_card_raw_avg,4.1,9,green,Allatoona Creek Park,"Acworth, GA",Georgia,,,False,,tf_card_start,difficulty=green
tf-86467,trailforks,https://www.trailforks.com/trails/stumpy-s-loop/,Stumpy's Loop,34.02453,-84.31194,point_start,34.02453,-84.31194,,,,,4.4,trailforks_card_raw_avg,4.4,9,green,Big Creek Park,"Roswell, GA",Georgia,,,False,,tf_card_start,difficulty=green
tf-286340,trailforks,https://www.trailforks.com/trails/beginner-trail-286340/,Beginner Trail,33.33511,-84.83758,point_start,33.33511,-84.83758,,,,,5.0,trailforks_card_raw_avg,5.0,2,green,Brown's Mill Battlefield,"Newnan, GA",Georgia,,,False,,tf_card_start,difficulty=green
tf-116447,trailforks,https://www.trailforks.com/trails/haw-creek/,Haw Creek,34.16155,-84.10559,point_start,34.16155,-84.10559,,,,,4.3,trailforks_card_raw_avg,4.3,7,green,Haw Creek Park,"Cumming, GA",Georgia,,,False,,tf_card_start,difficulty=green
tf-134827,trailforks,https://www.trailforks.com/trails/evergreen-trail-134827/,Evergreen Trail,33.66305,-84.37034,point_start,33.66305,-84.37034,,,,,4.3,trailforks_card_raw_avg,4.3,4,green,Southside Park,"Atlanta, GA",Georgia,,,False,,tf_card_start,difficulty=green
tf-847186,trailforks,https://www.trailforks.com/trails/mission-to-mars/,Mission to MARS,46.91509,-113.90264,point_start,46.91509,-113.90264,,,,,5.0,trailforks_card_raw_avg,5.0,4,green,Marshall Mountain,"Missoula, MT",Montana,,,False,,tf_card_start,difficulty=green
tf-458636,trailforks,https://www.trailforks.com/trails/not-so-easy-up/,Not So Easy Up,46.91983,-113.90728,point_start,46.91983,-113.90728,,,,,3.8,trailforks_card_raw_avg,3.8,4,green,Marshall Mountain,"Missoula, MT",Montana,,,False,,tf_card_start,difficulty=green
tf-542925,trailforks,https://www.trailforks.com/trails/house-of-sky-542925/,House of Sky,46.79851,-113.92865,point_start,46.79851,-113.92865,,,,,5.0,trailforks_card_raw_avg,5.0,2,green,Dean Stone,"Missoula, MT",Montana,,,False,,tf_card_start,difficulty=green
tf-433158,trailforks,https://www.trailforks.com/trails/unwind/,Unwind,46.91236,-113.94422,point_start,46.91236,-113.94422,,,,,4.0,trailforks_card_raw_avg,4.0,1,green,The Rattlesnake,"Missoula, MT",Montana,,,False,,tf_card_start,difficulty=green
tf-124205,trailforks,https://www.trailforks.com/trails/ewok-124205/,Ewok,46.93492,-113.98065,point_start,46.93492,-113.98065,,,,,4.1,trailforks_card_raw_avg,4.1,14,green,The Rattlesnake,"Missoula, MT",Montana,,,False,,tf_card_start,difficulty=green
tf-31483,trailforks,https://www.trailforks.com/trails/mo-z/,Mo Z,46.83448,-113.98013,point_start,46.83448,-113.98013,,,,,3.9,trailforks_card_raw_avg,3.9,13,green,Pattee Canyon,"Missoula, MT",Montana,,,False,,tf_card_start,difficulty=green
tf-28843,trailforks,https://www.trailforks.com/trails/sound-of-music/,Sound of Music,46.90521,-113.93597,point_start,46.90521,-113.93597,,,,,4.1,trailforks_card_raw_avg,4.1,15,green,The Rattlesnake,"Missoula, MT",Montana,,,False,,tf_card_start,difficulty=green
tf-103931,trailforks,https://www.trailforks.com/trails/peekaboo-loop/,Peek-A-Boo Loop,35.15867,-120.642309,point_start,35.15867,-120.642309,,,,,4.5,trailforks_card_raw_avg,4.5,6,green,Pismo Preserve,"Pismo Beach, CA",California,,,False,,tf_card_start,difficulty=green
tf-29908,trailforks,https://www.trailforks.com/trails/south-loop-29908/,South Loop,35.22365,-120.69337,point_start,35.22365,-120.69337,,,,,3.9,trailforks_card_raw_avg,3.9,8,green,Johnson Ranch,"San Luis Obispo, CA",California,,,False,,tf_card_start,difficulty=green
tf-29907,trailforks,https://www.trailforks.com/trails/north-loop-29907/,North Loop,35.22774,-120.69505,point_start,35.22774,-120.69505,,,,,3.9,trailforks_card_raw_avg,3.9,8,green,Johnson Ranch,"San Luis Obispo, CA",California,,,False,,tf_card_start,difficulty=green
tf-31732,trailforks,https://www.trailforks.com/trails/carmel-loops/,Carmel Loops,35.35785,-120.83452,point_start,35.35785,-120.83452,,,,,4.0,trailforks_card_raw_avg,4.0,2,green,Morro Bay State Park,"morro bay, CA",California,,,False,,tf_card_start,difficulty=green
tf-801089,trailforks,https://www.trailforks.com/trails/geneva-connector-south/,Geneva Connector South,48.73268,-122.41727,point_start,48.73268,-122.41727,,,,,5.0,trailforks_card_raw_avg,5.0,1,green,Galbraith,"Bellingham, WA",Washington,,,False,,tf_card_start,difficulty=green
tf-8617,trailforks,https://www.trailforks.com/trails/dog-patch-8617/,Dog Patch,48.71013,-122.42159,point_start,48.71013,-122.42159,,,,,4.3,trailforks_card_raw_avg,4.3,37,green,Galbraith,"Bellingham, WA",Washington,,,False,,tf_card_start,difficulty=green
tf-567585,trailforks,https://www.trailforks.com/trails/bay-to-baker-trail/,Bay to Baker Trail,48.92582,-122.07722,point_start,48.92582,-122.07722,,,,,5.0,trailforks_card_raw_avg,5.0,1,green,Maple Creek Park,"Maple Falls, WA",Washington,,,False,,tf_card_start,difficulty=green
tf-49222,trailforks,https://www.trailforks.com/trails/mr-uppity-upper/,Mr. Uppity (upper),49.06183,-122.22499,point_start,49.06183,-122.22499,,,,,4.5,trailforks_card_raw_avg,4.5,7,green,Ledgeview,"Abbotsford, BC",British Columbia,,,False,,tf_card_start,difficulty=green
tf-153852,trailforks,https://www.trailforks.com/trails/total-sanity-middle/,Total Sanity (Middle),49.06888,-122.21999,point_start,49.06888,-122.21999,,,,,4.7,trailforks_card_raw_avg,4.7,10,green,Ledgeview,"Abbotsford, BC",British Columbia,,,False,,tf_card_start,difficulty=green
tf-156499,trailforks,https://www.trailforks.com/trails/total-sanity-end/,Total Sanity (End),49.06707,-122.22313,point_start,49.06707,-122.22313,,,,,4.6,trailforks_card_raw_avg,4.6,9,green,Ledgeview,"Abbotsford, BC",British Columbia,,,False,,tf_card_start,difficulty=green
tf-9769,trailforks,https://www.trailforks.com/trails/karma/,Karma,48.73493,-122.43292,point_start,48.73493,-122.43292,,,,,4.2,trailforks_card_raw_avg,4.2,15,green,Galbraith,"Bellingham, WA",Washington,,,False,,tf_card_start,difficulty=green
tf-781732,trailforks,https://www.trailforks.com/trails/wonderland-781732/,Wonderland,39.58933,-106.06102,point_start,39.58933,-106.06102,,,,,4.4,trailforks_card_raw_avg,4.4,4,green,Frisco Peninsula,"Frisco, CO",Colorado,,,False,,tf_card_start,difficulty=green
tf-581200,trailforks,https://www.trailforks.com/trails/queen-of-the-west/,Queen of the West,39.57544,-106.07133,point_start,39.57544,-106.07133,,,,,4.0,trailforks_card_raw_avg,4.0,5,green,Frisco Peninsula,"Frisco, CO",Colorado,,,False,,tf_card_start,difficulty=green
tf-12754,trailforks,https://www.trailforks.com/trails/southside-12754/,Southside,39.46932,-106.03634,point_start,39.46932,-106.03634,,,,,4.0,trailforks_card_raw_avg,4.0,1,green,Breckenridge,"Breckenridge, CO",Colorado,,,False,,tf_card_start,difficulty=green
tf-672446,trailforks,https://www.trailforks.com/trails/mineral-hill-north/,Mineral Hill North,39.49178,-105.98826,point_start,39.49178,-105.98826,,,,,4.0,trailforks_card_raw_avg,4.0,1,green,Breckenridge,"Breckenridge, CO",Colorado,,,False,,tf_card_start,difficulty=green
tf-495989,trailforks,https://www.trailforks.com/trails/hannah-s-way-495989/,Hannah’s Way,39.46543,-105.99046,point_start,39.46543,-105.99046,,,,,5.0,trailforks_card_raw_avg,5.0,1,green,Breckenridge,"Breckenridge, CO",Colorado,,,False,,tf_card_start,difficulty=green
tf-13370,trailforks,https://www.trailforks.com/trails/bluegrass-13370/,Bluegrass,39.59995,-105.94987,point_start,39.59995,-105.94987,,,,,4.3,trailforks_card_raw_avg,4.3,4,green,Keystone Resort,"Keystone, CO",Colorado,,,False,,tf_card_start,difficulty=green
tf-738344,trailforks,https://www.trailforks.com/trails/trail-31-south/,Trail 31 South,36.62214,-121.6948,point_start,36.62214,-121.6948,,,,,4.7,trailforks_card_raw_avg,4.7,3,green,Fort Ord National Monument,"Monterey, CA",California,,,False,,tf_card_start,difficulty=green
tf-4246,trailforks,https://www.trailforks.com/trails/emma-mccrary-trail/,Emma McCrary Trail,36.99034,-122.03686,point_start,36.99034,-122.03686,,,,,4.2,trailforks_card_raw_avg,4.2,32,green,Pogonip Open Space,"Santa Cruz, CA",California,,,False,,tf_card_start,difficulty=green
tf-27037,trailforks,https://www.trailforks.com/trails/trail-50-north/,Trail 50 - North,36.63068,-121.73813,point_start,36.63068,-121.73813,,,,,4.3,trailforks_card_raw_avg,4.3,12,green,Fort Ord National Monument,"Monterey, CA",California,,,False,,tf_card_start,difficulty=green
tf-27072,trailforks,https://www.trailforks.com/trails/trail-62/,Trail 62,36.63161,-121.73954,point_start,36.63161,-121.73954,,,,,4.4,trailforks_card_raw_avg,4.4,9,green,Fort Ord National Monument,"Monterey, CA",California,,,False,,tf_card_start,difficulty=green
tf-186676,trailforks,https://www.trailforks.com/trails/west-engelsman-reroute-new/,West Engelsman Reroute (new),36.97703,-122.08084,point_start,36.97703,-122.08084,,,,,4.3,trailforks_card_raw_avg,4.3,13,green,Wilder Ranch State Park,"Santa Cruz, CA",California,,,False,,tf_card_start,difficulty=green
tf-27039,trailforks,https://www.trailforks.com/trails/trail-70/,Trail 70,36.63127,-121.77767,point_start,36.63127,-121.77767,,,,,4.2,trailforks_card_raw_avg,4.2,7,green,Fort Ord National Monument,"Monterey, CA",California,,,False,,tf_card_start,difficulty=green
tf-294732,trailforks,https://www.trailforks.com/trails/head-knocker/,Head Knocker,36.64999,-121.7701,point_start,36.64999,-121.7701,,,,,4.8,trailforks_card_raw_avg,4.8,5,green,Monterey,"Monterey, CA",California,,,False,,tf_card_start,difficulty=green
tf-63900,trailforks,https://www.trailforks.com/trails/holy-roller-section-1/,Holy Roller (Section 1),40.60945,-111.48257,point_start,40.60945,-111.48257,,,,,4.3,trailforks_card_raw_avg,4.3,25,green,Deer Valley Resort,"Park City, UT",Utah,,,False,,tf_card_start,difficulty=green
tf-680171,trailforks,https://www.trailforks.com/trails/copper-rise/,Copper Rise,40.51056,-112.10175,point_start,40.51056,-112.10175,,,,,4.7,trailforks_card_raw_avg,4.7,8,green,Butterfield Canyon,"Herriman, UT",Utah,,,False,,tf_card_start,difficulty=green
tf-759971,trailforks,https://www.trailforks.com/trails/hornet-759971/,Hornet,40.86122,-111.82989,point_start,40.86122,-111.82989,,,,,4.8,trailforks_card_raw_avg,4.8,8,green,Bountiful,"Bountiful, UT",Utah,,,False,,tf_card_start,difficulty=green
tf-805733,trailforks,https://www.trailforks.com/trails/fire-up/,Fire Up,40.29895,-112.12585,point_start,40.29895,-112.12585,,,,,5.0,trailforks_card_raw_avg,5.0,2,green,Firefly Mountain Bike Park,"White Hills, UT",Utah,,,False,,tf_card_start,difficulty=green
tf-648071,trailforks,https://www.trailforks.com/trails/sparky-loop-up/,"Sparky Loop, UP",40.67182,-111.45443,point_start,40.67182,-111.45443,,,,,4.8,trailforks_card_raw_avg,4.8,10,green,Clark Ranch,"Park City, UT",Utah,,,False,,tf_card_start,difficulty=green
tf-684101,trailforks,https://www.trailforks.com/trails/millie-trail/,Millie Trail,40.51193,-112.09273,point_start,40.51193,-112.09273,,,,,4.2,trailforks_card_raw_avg,4.2,6,green,Butterfield Canyon,"Herriman, UT",Utah,,,False,,tf_card_start,difficulty=green
tf-680169,trailforks,https://www.trailforks.com/trails/juniper-680169/,Juniper,40.50766,-112.09902,point_start,40.50766,-112.09902,,,,,4.2,trailforks_card_raw_avg,4.2,13,green,Butterfield Canyon,"Herriman, UT",Utah,,,False,,tf_card_start,difficulty=green
tf-68209,trailforks,https://www.trailforks.com/trails/hare-68209/,Hare,27.00734,-80.1063,point_start,27.00734,-80.1063,,,,,4.7,trailforks_card_raw_avg,4.7,3,green,Camp Murphy,"Hobe Sound, FL",Florida,,,False,,tf_card_start,difficulty=green
tf-328764,trailforks,https://www.trailforks.com/trails/owahee-trail/,Owahee Trail,26.81011,-80.15437,point_start,26.81011,-80.15437,,,,,5.0,trailforks_card_raw_avg,5.0,1,green,Grassy Waters Preserve,FL,Florida,,,False,,tf_card_start,difficulty=green
tf-86966,trailforks,https://www.trailforks.com/trails/the-dips/,The Dips,27.10132,-80.24943,point_start,27.10132,-80.24943,,,,,5.0,trailforks_card_raw_avg,5.0,3,green,Halpatiokee Regional Park,"Arundel, FL",Florida,,,False,,tf_card_start,difficulty=green
tf-692318,trailforks,https://www.trailforks.com/trails/heath-creek-doubletrack-north/,Heath Creek Doubletrack (North),44.45704,-93.18997,point_start,44.45704,-93.18997,,,,,5.0,trailforks_card_raw_avg,5.0,1,green,St. Olaf College Natural Lands,"Northfield, MN",Minnesota,,,False,,tf_card_start,difficulty=green
tf-657028,trailforks,https://www.trailforks.com/trails/rice-lake-singletrack-001/,Rice Lake Singletrack 001,45.15697,-93.1098,point_start,45.15697,-93.1098,,,,,4.0,trailforks_card_raw_avg,4.0,3,green,Rice Creek Chain Of Lakes Park,"Centerville, MN",Minnesota,,,False,,tf_card_start,difficulty=green
tf-673478,trailforks,https://www.trailforks.com/trails/upper-arb-doubletrack-673478/,Upper Arb Doubletrack,44.46021,-93.14235,point_start,44.46021,-93.14235,,,,,4.0,trailforks_card_raw_avg,4.0,1,green,Carleton Cowling Arboretum,"Northfield, MN",Minnesota,,,False,,tf_card_start,difficulty=green
tf-566338,trailforks,https://www.trailforks.com/trails/northern-traverse-566338/,Northern Traverse,45.02355,-92.71115,point_start,45.02355,-92.71115,,,,,4.0,trailforks_card_raw_avg,4.0,2,green,Willow River State Park,"Hudson, WI",Wisconsin,,,False,,tf_card_start,difficulty=green
tf-570967,trailforks,https://www.trailforks.com/trails/in-the-middle-570967/,In the Middle,44.88291,-92.6341,point_start,44.88291,-92.6341,,,,,5.0,trailforks_card_raw_avg,5.0,1,green,Whitetail Ridge,"River Falls, WI",Wisconsin,,,False,,tf_card_start,difficulty=green
tf-49922,trailforks,https://www.trailforks.com/trails/maple-lake-east-yellow/,Maple Lake East (YELLOW),41.71376,-87.88477,point_start,41.71376,-87.88477,,,,,4.5,trailforks_card_raw_avg,4.5,6,green,Palos Forest Preserve,"Willow Springs, IL",Illinois,,,False,,tf_card_start,difficulty=green
tf-49920,trailforks,https://www.trailforks.com/trails/hickory-smoked-yellow/,Hickory Smoked (YELLOW),41.71149,-87.89025,point_start,41.71149,-87.89025,,,,,4.0,trailforks_card_raw_avg,4.0,5,green,Palos Forest Preserve,"Willow Springs, IL",Illinois,,,False,,tf_card_start,difficulty=green
tf-127748,trailforks,https://www.trailforks.com/trails/stair-steps-127748/,Stair Steps,41.70566,-87.91414,point_start,41.70566,-87.91414,,,,,4.0,trailforks_card_raw_avg,4.0,1,green,Palos Forest Preserve,"Willow Springs, IL",Illinois,,,False,,tf_card_start,difficulty=green
tf-127885,trailforks,https://www.trailforks.com/trails/deer-grove-brown-trail/,Deer Grove Brown Trail,42.1413,-88.04222,point_start,42.1413,-88.04222,,,,,4.0,trailforks_card_raw_avg,4.0,1,green,Deer Grove Forest Preserve,"Palatine, IL",Illinois,,,False,,tf_card_start,difficulty=green
tf-80084,trailforks,https://www.trailforks.com/trails/near-creek-run/,Near Creek Run,41.58666,-87.140467,point_start,41.58666,-87.140467,,,,,4.7,trailforks_card_raw_avg,4.7,3,green,Outback Trail at Imagination Glen,"Portage, IN",Indiana,,,False,,tf_card_start,difficulty=green
tf-534609,trailforks,https://www.trailforks.com/trails/ewok-534609/,Ewok,35.3024,-106.49804,point_start,35.3024,-106.49804,,,,,4.4,trailforks_card_raw_avg,4.4,6,green,Placitas Area Trails,"Placitas, NM",New Mexico,,,False,,tf_card_start,difficulty=green
tf-749393,trailforks,https://www.trailforks.com/trails/alligator-alley-749393/,Alligator Alley,35.00215,-106.29725,point_start,35.00215,-106.29725,,,,,4.0,trailforks_card_raw_avg,4.0,2,green,Pine Flat / Oak Flats - Manzanita Mountains,"Albuquerque, NM",New Mexico,,,False,,tf_card_start,difficulty=green
tf-656369,trailforks,https://www.trailforks.com/trails/pipeline-singletrack/,Pipeline singletrack,35.36017,-106.67863,point_start,35.36017,-106.67863,,,,,4.0,trailforks_card_raw_avg,4.0,1,green,Mariposa Fat Bike Trails,"Rio Rancho, NM",New Mexico,,,False,,tf_card_start,difficulty=green
tf-524700,trailforks,https://www.trailforks.com/trails/prickly-pear-524700/,Prickly Pear,35.29509,-106.5007,point_start,35.29509,-106.5007,,,,,4.4,trailforks_card_raw_avg,4.4,3,green,Placitas Area Trails,"Placitas, NM",New Mexico,,,False,,tf_card_start,difficulty=green
tf-589123,trailforks,https://www.trailforks.com/trails/full-patchogue-589123/,Full Patchogue,35.34875,-106.69229,point_start,35.34875,-106.69229,,,,,4.0,trailforks_card_raw_avg,4.0,2,green,Mariposa Fat Bike Trails,"Rio Rancho, NM",New Mexico,,,False,,tf_card_start,difficulty=green
tf-7312,trailforks,https://www.trailforks.com/trails/frog-trees/,Frog Trees,47.52906,-116.10435,point_start,47.52906,-116.10435,,,,,4.5,trailforks_card_raw_avg,4.5,0,green,,"Kellogg, ID",Idaho,,,False,,tf_card_start,difficulty=green
tf-7313,trailforks,https://www.trailforks.com/trails/low-life/,Low Life,47.51115,-116.12209,point_start,47.51115,-116.12209,,,,,3.8,trailforks_card_raw_avg,3.8,0,green,,"Kellogg, ID",Idaho,,,False,,tf_card_start,difficulty=green
tf-96685,trailforks,https://www.trailforks.com/trails/lower-plt/,Lower PLT,46.79427,-116.90675,point_start,46.79427,-116.90675,,,,,4.5,trailforks_card_raw_avg,4.5,0,green,,"Moscow, ID",Idaho,,,False,,tf_card_start,difficulty=green
tf-17537,trailforks,https://www.trailforks.com/trails/trail-7-17537/,Trail 7,47.73127,-116.71472,point_start,47.73127,-116.71472,,,,,4.0,trailforks_card_raw_avg,4.0,0,green,,"Coeur d'Alene, ID",Idaho,,,False,,tf_card_start,difficulty=green
tf-19768,trailforks,https://www.trailforks.com/trails/trail-258-19768/,Trail 258,47.59632,-116.6785,point_start,47.59632,-116.6785,,,,,4.0,trailforks_card_raw_avg,4.0,0,green,,"Coeur d'Alene, ID",Idaho,,,False,,tf_card_start,difficulty=green
tf-8992,trailforks,https://www.trailforks.com/trails/captain-ahab-lower/,Captain Ahab (lower),38.51354,-109.60992,point_start,38.51354,-109.60992,,,,,4.8,trailforks_card_raw_avg,4.8,187,doubleBlack,Amasa Back,"Moab, UT",Utah,,,False,,tf_card_start,difficulty=doubleBlack
tf-8893,trailforks,https://www.trailforks.com/trails/ez-8893/,EZ,38.6528,-109.66428,point_start,38.6528,-109.66428,,,,,4.1,trailforks_card_raw_avg,4.1,42,green,Moab Brand Trails,"Moab, UT",Utah,,,False,,tf_card_start,difficulty=green
tf-8895,trailforks,https://www.trailforks.com/trails/lazy/,Lazy,38.64291,-109.65463,point_start,38.64291,-109.65463,,,,,4.3,trailforks_card_raw_avg,4.3,40,green,Moab Brand Trails,"Moab, UT",Utah,,,False,,tf_card_start,difficulty=green
tf-8834,trailforks,https://www.trailforks.com/trails/great-pyramid/,Great Pyramid,38.49378,-109.72987,point_start,38.49378,-109.72987,,,,,4.3,trailforks_card_raw_avg,4.3,38,green,Dead Horse Point,"Moab, UT",Utah,,,False,,tf_card_start,difficulty=green
tf-9036,trailforks,https://www.trailforks.com/trails/raven-roll/,Raven Roll,38.51172,-109.72155,point_start,38.51172,-109.72155,,,,,4.0,trailforks_card_raw_avg,4.0,16,green,Dead Horse Point,"Moab, UT",Utah,,,False,,tf_card_start,difficulty=green
tf-151099,trailforks,https://www.trailforks.com/trails/town-house-trail/,Town House Trail,43.75934,-71.94742,point_start,43.75934,-71.94742,,,,,4.5,trailforks_card_raw_avg,4.5,4,green,Green Woodlands,"Dorchester, NH",New Hampshire,,,False,,tf_card_start,difficulty=green
tf-151091,trailforks,https://www.trailforks.com/trails/moose-tracks-151091/,Moose Tracks,43.75876,-71.9456,point_start,43.75876,-71.9456,,,,,3.8,trailforks_card_raw_avg,3.8,4,green,Green Woodlands,"Dorchester, NH",New Hampshire,,,False,,tf_card_start,difficulty=green
tf-151096,trailforks,https://www.trailforks.com/trails/moose-scat/,Moose Scat,43.76813,-71.9455,point_start,43.76813,-71.9455,,,,,4.5,trailforks_card_raw_avg,4.5,2,green,Green Woodlands,"Dorchester, NH",New Hampshire,,,False,,tf_card_start,difficulty=green
tf-102579,trailforks,https://www.trailforks.com/trails/pumphouse-loop/,Pumphouse Loop,44.39774,-71.21332,point_start,44.39774,-71.21332,,,,,5.0,trailforks_card_raw_avg,5.0,2,green,Coös Trails,"Gorham, NH",New Hampshire,,,False,,tf_card_start,difficulty=green
tf-219089,trailforks,https://www.trailforks.com/trails/mainline-219089/,Mainline,44.04476,-71.63175,point_start,44.04476,-71.63175,,,,,4.5,trailforks_card_raw_avg,4.5,4,green,Loon Mountain Resort,"Lincoln, NH",New Hampshire,,,False,,tf_card_start,difficulty=green
tf-219090,trailforks,https://www.trailforks.com/trails/bandit-219090/,Bandit,44.04675,-71.62676,point_start,44.04675,-71.62676,,,,,4.8,trailforks_card_raw_avg,4.8,4,green,Loon Mountain Resort,"Lincoln, NH",New Hampshire,,,False,,tf_card_start,difficulty=green
tf-61718,trailforks,https://www.trailforks.com/trails/pumphouse-loop-61718/,Pumphouse Loop,44.39524,-71.20222,point_start,44.39524,-71.20222,,,,,4.3,trailforks_card_raw_avg,4.3,7,green,Coös Trails,"Gorham, NH",New Hampshire,,,False,,tf_card_start,difficulty=green
tf-102236,trailforks,https://www.trailforks.com/trails/orange-trail-102236/,Orange Trail,44.32052,-71.77258,point_start,44.32052,-71.77258,,,,,5.0,trailforks_card_raw_avg,5.0,3,green,PRKR MTN,"Littleton, NH",New Hampshire,,,False,,tf_card_start,difficulty=green
tf-14690,trailforks,https://www.trailforks.com/trails/big-park-loop/,Big Park Loop,34.79769,-111.76299,point_start,34.79769,-111.76299,,,,,3.9,trailforks_card_raw_avg,3.9,20,green,Big Park,"Village Of Oak Creek, AZ",Arizona,,,False,,tf_card_start,difficulty=green
tf-26061,trailforks,https://www.trailforks.com/trails/sulfur-mountain/,Sulfur Mountain,34.37865,-119.30424,point_start,34.37865,-119.30424,,,,,3.8,trailforks_card_raw_avg,3.8,5,green,Ojai,"Ojai, CA",California,,,False,,tf_card_start,difficulty=green
tf-124620,trailforks,https://www.trailforks.com/trails/burro-trail-124620/,Burro Trail,34.4087,-119.73957,point_start,34.4087,-119.73957,,,,,4.2,trailforks_card_raw_avg,4.2,6,green,Elings Park,"Santa Barbara, CA",California,,,False,,tf_card_start,difficulty=green
tf-169277,trailforks,https://www.trailforks.com/trails/oso-connector/,Oso connector,34.54493,-119.7704,point_start,34.54493,-119.7704,,,,,4.0,trailforks_card_raw_avg,4.0,1,green,Santa Ynez Recreation Area,"Santa Barbara, CA",California,,,False,,tf_card_start,difficulty=green
tf-124628,trailforks,https://www.trailforks.com/trails/cliff-dive/,Cliff Dive,34.40791,-119.73796,point_start,34.40791,-119.73796,,,,,4.5,trailforks_card_raw_avg,4.5,2,green,Elings Park,"Santa Barbara, CA",California,,,False,,tf_card_start,difficulty=green
tf-60832,trailforks,https://www.trailforks.com/trails/san-antonio-creek-trail/,San Antonio Creek Trail,34.46665,-119.77203,point_start,34.46665,-119.77203,,,,,3.8,trailforks_card_raw_avg,3.8,5,green,Santa Barbara,"Santa Barbara, CA",California,,,False,,tf_card_start,difficulty=green
tf-125800,trailforks,https://www.trailforks.com/trails/el-nido-trail/,El Nido Trail,34.454616,-119.317521,point_start,34.454616,-119.317521,,,,,5.0,trailforks_card_raw_avg,5.0,2,green,Ventura River Preserve,"Ojai, CA",California,,,False,,tf_card_start,difficulty=green
tf-132051,trailforks,https://www.trailforks.com/trails/spartan-west/,Spartan West,38.50689,-106.01881,point_start,38.50689,-106.01881,,,,,4.3,trailforks_card_raw_avg,4.3,15,green,Methodist Mountain Trail System,"Salida, CO",Colorado,,,False,,tf_card_start,difficulty=green
tf-131981,trailforks,https://www.trailforks.com/trails/spartan-east/,Spartan East,38.50689,-106.01881,point_start,38.50689,-106.01881,,,,,4.1,trailforks_card_raw_avg,4.1,12,green,Methodist Mountain Trail System,"Salida, CO",Colorado,,,False,,tf_card_start,difficulty=green
tf-78961,trailforks,https://www.trailforks.com/trails/and-again/,And Again,39.22714,-106.29482,point_start,39.22714,-106.29482,,,,,4.0,trailforks_card_raw_avg,4.0,1,green,Timberline Trails,"Leadville, CO",Colorado,,,False,,tf_card_start,difficulty=green
tf-154262,trailforks,https://www.trailforks.com/trails/slip-n-slide-154262/,Slip N Slide,39.22579,-106.29042,point_start,39.22579,-106.29042,,,,,4.2,trailforks_card_raw_avg,4.2,9,green,Timberline Trails,"Leadville, CO",Colorado,,,False,,tf_card_start,difficulty=green
tf-78963,trailforks,https://www.trailforks.com/trails/perma-grin/,Perma Grin,39.22701,-106.29672,point_start,39.22701,-106.29672,,,,,5.0,trailforks_card_raw_avg,5.0,4,green,Timberline Trails,"Leadville, CO",Colorado,,,False,,tf_card_start,difficulty=green
tf-12735,trailforks,https://www.trailforks.com/trails/giddy-up/,Giddy Up,39.22919,-106.29062,point_start,39.22919,-106.29062,,,,,4.5,trailforks_card_raw_avg,4.5,2,green,Timberline Trails,"Leadville, CO",Colorado,,,False,,tf_card_start,difficulty=green
tf-53764,trailforks,https://www.trailforks.com/trails/burn-pile-trail/,Burn Pile Trail,38.54292,-105.98751,point_start,38.54292,-105.98751,,,,,4.2,trailforks_card_raw_avg,4.2,6,green,Arkansas Hills Trails,"Salida, CO",Colorado,,,False,,tf_card_start,difficulty=green
tf-125039,trailforks,https://www.trailforks.com/trails/gnomewood-beginner-loop-125039/,GnomeWood Beginner Loop,40.19777,-82.93802,point_start,40.19777,-82.93802,,,,,4.8,trailforks_card_raw_avg,4.8,4,green,Alum Creek State Park,"Delaware, OH",Ohio,,,False,,tf_card_start,difficulty=green
tf-864096,trailforks,https://www.trailforks.com/trails/shredwalk/,Shredwalk,40.22908,-82.95947,point_start,40.22908,-82.95947,,,,,5.0,trailforks_card_raw_avg,5.0,1,green,Alum Creek State Park,"Delaware, OH",Ohio,,,False,,tf_card_start,difficulty=green
tf-864100,trailforks,https://www.trailforks.com/trails/boneyard-864100/,Boneyard,40.23496,-82.96376,point_start,40.23496,-82.96376,,,,,5.0,trailforks_card_raw_avg,5.0,1,green,Alum Creek State Park,"Delaware, OH",Ohio,,,False,,tf_card_start,difficulty=green
tf-864101,trailforks,https://www.trailforks.com/trails/roll-model/,Roll Model,40.23496,-82.96376,point_start,40.23496,-82.96376,,,,,4.4,trailforks_card_raw_avg,4.4,3,green,Alum Creek State Park,"Delaware, OH",Ohio,,,False,,tf_card_start,difficulty=green
tf-36014,trailforks,https://www.trailforks.com/trails/predator-mountain-biking-only/,Predator (MOUNTAIN BIKING ONLY),47.48501,-121.93835,point_start,47.48501,-121.93835,,,,,4.8,trailforks_card_raw_avg,4.8,98,doubleBlack,Tiger Mountain State Forest,"Issaquah, WA",Washington,,,False,,tf_card_start,difficulty=doubleBlack
tf-52966,trailforks,https://www.trailforks.com/trails/master-link-52966/,Master Link,47.46824,-121.92947,point_start,47.46824,-121.92947,,,,,4.6,trailforks_card_raw_avg,4.6,75,green,Tiger Mountain State Forest,"Issaquah, WA",Washington,,,False,,tf_card_start,difficulty=green
tf-129879,trailforks,https://www.trailforks.com/trails/flow-state-lower-mountain-biking-only/,Flow State Lower (MOUNTAIN BIKING ONLY),47.50314,-121.83903,point_start,47.50314,-121.83903,,,,,4.7,trailforks_card_raw_avg,4.7,53,green,Raging River State Forest,"Snoqualmie, WA",Washington,,,False,,tf_card_start,difficulty=green
tf-17238,trailforks,https://www.trailforks.com/trails/bootcamp/,Bootcamp,47.57783,-121.97738,point_start,47.57783,-121.97738,,,,,4.6,trailforks_card_raw_avg,4.6,71,green,Duthie Hill Mountain Bike Park,"Issaquah, WA",Washington,,,False,,tf_card_start,difficulty=green
tf-623536,trailforks,https://www.trailforks.com/trails/crosshaul-623536/,Crosshaul,47.48459,-121.92078,point_start,47.48459,-121.92078,,,,,4.2,trailforks_card_raw_avg,4.2,9,green,Tiger Mountain State Forest,"Issaquah, WA",Washington,,,False,,tf_card_start,difficulty=green
tf-583573,trailforks,https://www.trailforks.com/trails/blue-jay-way-583573/,Blue Jay Way,47.60146,-121.9796,point_start,47.60146,-121.9796,,,,,5.0,trailforks_card_raw_avg,5.0,1,green,Soaring Eagle Park,"Sammamish, WA",Washington,,,False,,tf_card_start,difficulty=green
tf-129884,trailforks,https://www.trailforks.com/trails/upward-mobility/,Upward Mobility,47.50865,-121.8448,point_start,47.50865,-121.8448,,,,,4.5,trailforks_card_raw_avg,4.5,45,green,Raging River State Forest,"Snoqualmie, WA",Washington,,,False,,tf_card_start,difficulty=green
tf-421116,trailforks,https://www.trailforks.com/trails/nwt-bypass/,NWT Bypass,47.47155,-121.91943,point_start,47.47155,-121.91943,,,,,4.0,trailforks_card_raw_avg,4.0,9,green,Tiger Mountain State Forest,"Issaquah, WA",Washington,,,False,,tf_card_start,difficulty=green
tf-586063,trailforks,https://www.trailforks.com/trails/north-trail-alternative/,North Trail Alternative,47.17629,-122.57356,point_start,47.17629,-122.57356,,,,,4.0,trailforks_card_raw_avg,4.0,1,green,Fort Steilacoom Park,"Lakewood, WA",Washington,,,False,,tf_card_start,difficulty=green
tf-194526,trailforks,https://www.trailforks.com/trails/artpark-gorge-trail-lower/,Artpark Gorge Trail - Lower,43.16243,-79.04398,point_start,43.16243,-79.04398,,,,,5.0,trailforks_card_raw_avg,5.0,1,green,Lewiston,"Lewiston, NY",New York,,,False,,tf_card_start,difficulty=green
tf-86630,trailforks,https://www.trailforks.com/trails/creek-side/,Creek Side,42.5896,-78.64167,point_start,42.5896,-78.64167,,,,,5.0,trailforks_card_raw_avg,5.0,1,green,Sprague Brook,"Glenwood, NY",New York,,,False,,tf_card_start,difficulty=green
tf-58282,trailforks,https://www.trailforks.com/trails/outer-loop-58282/,Outer Loop,42.5837,-78.61972,point_start,42.5837,-78.61972,,,,,5.0,trailforks_card_raw_avg,5.0,1,green,Sprague Brook,"Glenwood, NY",New York,,,False,,tf_card_start,difficulty=green
tf-14241,trailforks,https://www.trailforks.com/trails/crosscut-14241/,Cross-cut,42.83776,-112.46751,point_start,42.83776,-112.46751,,,,,3.9,trailforks_card_raw_avg,3.9,0,green,,"Pocatello, ID",Idaho,,,False,,tf_card_start,difficulty=green
tf-14264,trailforks,https://www.trailforks.com/trails/burrito/,Burrito,42.84266,-112.45421,point_start,42.84266,-112.45421,,,,,4.0,trailforks_card_raw_avg,4.0,0,green,,"Pocatello, ID",Idaho,,,False,,tf_card_start,difficulty=green
tf-14253,trailforks,https://www.trailforks.com/trails/rim-14253/,Rim,42.84791,-112.4514,point_start,42.84791,-112.4514,,,,,4.0,trailforks_card_raw_avg,4.0,0,green,,"Pocatello, ID",Idaho,,,False,,tf_card_start,difficulty=green
tf-14277,trailforks,https://www.trailforks.com/trails/white-cairn/,White Cairn,42.84793,-112.4607,point_start,42.84793,-112.4607,,,,,4.0,trailforks_card_raw_avg,4.0,0,green,,"Pocatello, ID",Idaho,,,False,,tf_card_start,difficulty=green
tf-14234,trailforks,https://www.trailforks.com/trails/serengeti-14234/,Serengeti,42.82963,-112.45536,point_start,42.82963,-112.45536,,,,,3.8,trailforks_card_raw_avg,3.8,0,green,,"Pocatello, ID",Idaho,,,False,,tf_card_start,difficulty=green
tf-317888,trailforks,https://www.trailforks.com/trails/allamerican-317888/,All-American,36.40507,-94.20801,point_start,36.40507,-94.20801,,,,,4.4,trailforks_card_raw_avg,4.4,11,green,Slaughter Pen Trails,"Bentonville, AR",Arkansas,,,False,,tf_card_start,difficulty=green
tf-317891,trailforks,https://www.trailforks.com/trails/allamerican-317891/,All-American,36.39441,-94.20252,point_start,36.39441,-94.20252,,,,,4.4,trailforks_card_raw_avg,4.4,12,green,Slaughter Pen Trails,"Bentonville, AR",Arkansas,,,False,,tf_card_start,difficulty=green
tf-121498,trailforks,https://www.trailforks.com/trails/black-apple-creek-121498/,Black Apple Creek,36.38113,-94.21456,point_start,36.38113,-94.21456,,,,,4.0,trailforks_card_raw_avg,4.0,16,green,Park Spring Park,"Bentonville, AR",Arkansas,,,False,,tf_card_start,difficulty=green
tf-137854,trailforks,https://www.trailforks.com/trails/family-flow/,Family Flow,36.37941,-94.23868,point_start,36.37941,-94.23868,,,,,4.8,trailforks_card_raw_avg,4.8,26,green,Coler Mountain Bike Preserve,"Bentonville, AR",Arkansas,,,False,,tf_card_start,difficulty=green
tf-182807,trailforks,https://www.trailforks.com/trails/karst-trail/,Karst Trail,36.29868,-93.91958,point_start,36.29868,-93.91958,,,,,4.7,trailforks_card_raw_avg,4.7,25,green,Hobbs State Park,"Rogers, AR",Arkansas,,,False,,tf_card_start,difficulty=green
tf-182805,trailforks,https://www.trailforks.com/trails/wolf-den-west/,Wolf Den West,36.28676,-93.92164,point_start,36.28676,-93.92164,,,,,4.7,trailforks_card_raw_avg,4.7,15,green,Hobbs State Park,"Rogers, AR",Arkansas,,,False,,tf_card_start,difficulty=green
tf-109807,trailforks,https://www.trailforks.com/trails/esthers/,Esthers,36.37758,-94.23674,point_start,36.37758,-94.23674,,,,,4.0,trailforks_card_raw_avg,4.0,29,green,Coler Mountain Bike Preserve,"Bentonville, AR",Arkansas,,,False,,tf_card_start,difficulty=green
tf-231846,trailforks,https://www.trailforks.com/trails/ravine-trail-231846/,Ravine Trail,36.38288,-94.20286,point_start,36.38288,-94.20286,,,,,4.8,trailforks_card_raw_avg,4.8,4,green,Slaughter Pen Trails,"Bentonville, AR",Arkansas,,,False,,tf_card_start,difficulty=green
tf-699000,trailforks,https://www.trailforks.com/trails/shangrila-upper/,Shangri-La (Upper),37.61697,-107.83055,point_start,37.61697,-107.83055,,,,,5.0,trailforks_card_raw_avg,5.0,1,green,Purgatory Resort,"Durango, CO",Colorado,,,False,,tf_card_start,difficulty=green
tf-540880,trailforks,https://www.trailforks.com/trails/mears-trail/,Mears Trail,37.96004,-107.66353,point_start,37.96004,-107.66353,,,,,4.0,trailforks_card_raw_avg,4.0,1,green,Nucla,"Nucla, CO",Colorado,,,False,,tf_card_start,difficulty=green
tf-197284,trailforks,https://www.trailforks.com/trails/tommy-knocker-197284/,Tommy Knocker,37.92381,-107.83058,point_start,37.92381,-107.83058,,,,,5.0,trailforks_card_raw_avg,5.0,4,green,Telluride Bike Park,"Telluride, CO",Colorado,,,False,,tf_card_start,difficulty=green
tf-196322,trailforks,https://www.trailforks.com/trails/aldasoro/,Aldasoro,37.95495,-107.89105,point_start,37.95495,-107.89105,,,,,4.5,trailforks_card_raw_avg,4.5,2,green,Telluride,"Telluride, CO",Colorado,,,False,,tf_card_start,difficulty=green
tf-327652,trailforks,https://www.trailforks.com/trails/shangrila-327652/,Shangri-La,37.62595,-107.84478,point_start,37.62595,-107.84478,,,,,4.4,trailforks_card_raw_avg,4.4,3,green,Purgatory Resort,"Durango, CO",Colorado,,,False,,tf_card_start,difficulty=green
tf-848600,trailforks,https://www.trailforks.com/trails/phase-1-climb-name-tbd-848600/,Phase 1 Climb (Name TBD),37.82275,-107.66488,point_start,37.82275,-107.66488,,,,,5.0,trailforks_card_raw_avg,5.0,1,green,Baker's Park,"Silverton, CO",Colorado,,,False,,tf_card_start,difficulty=green
tf-36939,trailforks,https://www.trailforks.com/trails/spring-valley-outer-loop/,Spring Valley (Outer Loop),38.46,-90.30156,point_start,38.46,-90.30156,,,,,4.5,trailforks_card_raw_avg,4.5,4,green,Cliff Cave,"St. Louis, MO",Missouri,,,False,,tf_card_start,difficulty=green
tf-303043,trailforks,https://www.trailforks.com/trails/colossus-303043/,Colossus,38.49221,-90.62671,point_start,38.49221,-90.62671,,,,,4.0,trailforks_card_raw_avg,4.0,1,green,Eureka Mountain Bike Park,"Eureka, MO",Missouri,,,False,,tf_card_start,difficulty=green
tf-36938,trailforks,https://www.trailforks.com/trails/spring-valley-inner-loop/,Spring Valley (Inner Loop),38.45759,-90.29511,point_start,38.45759,-90.29511,,,,,4.2,trailforks_card_raw_avg,4.2,5,green,Cliff Cave,"St. Louis, MO",Missouri,,,False,,tf_card_start,difficulty=green
tf-122967,trailforks,https://www.trailforks.com/trails/meramec-loop/,Meramec Loop,38.547939,-90.481918,point_start,38.547939,-90.481918,,,,,4.0,trailforks_card_raw_avg,4.0,3,green,Meramec Levee Recreational Park,"St. Louis, MO",Missouri,,,False,,tf_card_start,difficulty=green
tf-5405,trailforks,https://www.trailforks.com/trails/for-the-kids/,For The Kids,49.34598,-123.05727,point_start,49.34598,-123.05727,,,,,4.4,trailforks_card_raw_avg,4.4,16,green,Mount Fromme,"North Vancouver, BC",British Columbia,,,False,,tf_card_start,difficulty=green
tf-398856,trailforks,https://www.trailforks.com/trails/swan-trail-north/,Swan Trail North,49.71325,-123.15823,point_start,49.71325,-123.15823,,,,,5.0,trailforks_card_raw_avg,5.0,1,green,Squamish Estuary (Skwelwil'em),"Squamish, BC",British Columbia,,,False,,tf_card_start,difficulty=green
tf-151499,trailforks,https://www.trailforks.com/trails/armstrong-trail-151499/,Armstrong Trail,39.40245,-84.20418,point_start,39.40245,-84.20418,,,,,4.0,trailforks_card_raw_avg,4.0,2,green,Premiere Health Bike Park (Lebanon Bike Park),"Lebanon, OH",Ohio,,,False,,tf_card_start,difficulty=green
tf-28101,trailforks,https://www.trailforks.com/trails/a-loop-28101/,A Loop,39.19068,-84.71956,point_start,39.19068,-84.71956,,,,,4.5,trailforks_card_raw_avg,4.5,4,green,Mitchell Memorial Forest,"Cincinnati, OH",Ohio,,,False,,tf_card_start,difficulty=green
tf-31013,trailforks,https://www.trailforks.com/trails/beginner-loop-31013/,Beginner Loop,39.00672,-84.14209,point_start,39.00672,-84.14209,,,,,4.7,trailforks_card_raw_avg,4.7,3,green,East Fork State Park,"Bethel, OH",Ohio,,,False,,tf_card_start,difficulty=green
tf-49402,trailforks,https://www.trailforks.com/trails/inner-loop-49402/,Inner Loop,39.16958,-84.29855,point_start,39.16958,-84.29855,,,,,3.8,trailforks_card_raw_avg,3.8,4,green,Terrell Park,"Milford, OH",Ohio,,,False,,tf_card_start,difficulty=green
tf-503063,trailforks,https://www.trailforks.com/trails/cannon-mount-row/,Cannon Mount Row,39.06647,-84.44102,point_start,39.06647,-84.44102,,,,,5.0,trailforks_card_raw_avg,5.0,1,green,Tower Park,"Covington, KY",Kentucky,,,False,,tf_card_start,difficulty=green
tf-566197,trailforks,https://www.trailforks.com/trails/licking-river-greenway-gravel/,LIcking River Greenway Gravel,39.06201,-84.49816,point_start,39.06201,-84.49816,,,,,4.0,trailforks_card_raw_avg,4.0,2,green,Licking River Greenway,"Covington, KY",Kentucky,,,False,,tf_card_start,difficulty=green
tf-272827,trailforks,https://www.trailforks.com/trails/west-rim-trail-272827/,West Rim Trail,46.38682,-116.96778,point_start,46.38682,-116.96778,,,,,5.0,trailforks_card_raw_avg,5.0,0,green,,"Lewiston, ID",Idaho,,,False,,tf_card_start,difficulty=green
tf-452899,trailforks,https://www.trailforks.com/trails/vista-ridge-452899/,Vista Ridge,45.74841,-122.32237,point_start,45.74841,-122.32237,,,,,5.0,trailforks_card_raw_avg,5.0,3,green,Yacolt Burn State Forest,"Battle Ground, WA",Washington,,,False,,tf_card_start,difficulty=green
tf-463525,trailforks,https://www.trailforks.com/trails/murphy-s-grade-lower/,Murphy's Grade - Lower,45.73509,-122.31324,point_start,45.73509,-122.31324,,,,,4.0,trailforks_card_raw_avg,4.0,2,green,Yacolt Burn State Forest,"Battle Ground, WA",Washington,,,False,,tf_card_start,difficulty=green
tf-541119,trailforks,https://www.trailforks.com/trails/woodland-trail-541119/,Woodland Trail,45.43796,-123.07097,point_start,45.43796,-123.07097,,,,,4.3,trailforks_card_raw_avg,4.3,4,green,Chehalem Ridge Nature Park,"Gaston, OR",Oregon,,,False,,tf_card_start,difficulty=green
tf-562360,trailforks,https://www.trailforks.com/trails/river-trail-562360/,River Trail,45.86177,-122.68487,point_start,45.86177,-122.68487,,,,,4.0,trailforks_card_raw_avg,4.0,2,green,West Fork Lewis River Greenway,"La Center, WA",Washington,,,False,,tf_card_start,difficulty=green
tf-382830,trailforks,https://www.trailforks.com/trails/beargrass/,Beargrass,45.71995,-122.29097,point_start,45.71995,-122.29097,,,,,4.5,trailforks_card_raw_avg,4.5,7,green,Yacolt Burn State Forest,"Battle Ground, WA",Washington,,,False,,tf_card_start,difficulty=green
tf-649011,trailforks,https://www.trailforks.com/trails/yellow-3-y3/,Yellow 3 (Y3),42.75212,-76.29039,point_start,42.75212,-76.29039,,,,,5.0,trailforks_card_raw_avg,5.0,1,green,Bear Swamp State Forest,"Sempronius, NY",New York,,,False,,tf_card_start,difficulty=green
tf-649008,trailforks,https://www.trailforks.com/trails/yellow-2-y2/,Yellow 2 (Y2),42.74454,-76.28752,point_start,42.74454,-76.28752,,,,,5.0,trailforks_card_raw_avg,5.0,1,green,Bear Swamp State Forest,"Sempronius, NY",New York,,,False,,tf_card_start,difficulty=green
tf-649150,trailforks,https://www.trailforks.com/trails/red-2-r2/,Red 2 (R2),42.75106,-76.30554,point_start,42.75106,-76.30554,,,,,5.0,trailforks_card_raw_avg,5.0,1,green,Bear Swamp State Forest,"Sempronius, NY",New York,,,False,,tf_card_start,difficulty=green
tf-648997,trailforks,https://www.trailforks.com/trails/r1-648997/,R-1,42.74895,-76.31639,point_start,42.74895,-76.31639,,,,,5.0,trailforks_card_raw_avg,5.0,1,green,Bear Swamp State Forest,"Sempronius, NY",New York,,,False,,tf_card_start,difficulty=green
tf-649169,trailforks,https://www.trailforks.com/trails/red-1-r1-649169/,Red 1 (R1),42.75492,-76.31726,point_start,42.75492,-76.31726,,,,,5.0,trailforks_card_raw_avg,5.0,1,green,Bear Swamp State Forest,"Sempronius, NY",New York,,,False,,tf_card_start,difficulty=green
tf-649026,trailforks,https://www.trailforks.com/trails/yellow-6-y6/,Yellow 6 (Y6),42.75237,-76.28061,point_start,42.75237,-76.28061,,,,,5.0,trailforks_card_raw_avg,5.0,1,green,Bear Swamp State Forest,"Sempronius, NY",New York,,,False,,tf_card_start,difficulty=green
tf-131733,trailforks,https://www.trailforks.com/trails/west-rim-flow/,West Rim Flow,43.01111,-76.108469,point_start,43.01111,-76.108469,,,,,5.0,trailforks_card_raw_avg,5.0,1,green,Skytop Quarry,"Syracuse, NY",New York,,,False,,tf_card_start,difficulty=green
tf-649205,trailforks,https://www.trailforks.com/trails/red-6-r6/,Red 6 (R6),42.75492,-76.31723,point_start,42.75492,-76.31723,,,,,5.0,trailforks_card_raw_avg,5.0,1,green,Bear Swamp State Forest,"Sempronius, NY",New York,,,False,,tf_card_start,difficulty=green
tf-165287,trailforks,https://www.trailforks.com/trails/rolling-hills-to-4-corners-165287/,Rolling Hills to 4 Corners,43.04794,-75.98348,point_start,43.04794,-75.98348,,,,,5.0,trailforks_card_raw_avg,5.0,1,green,Green Lakes State Park,"Syracuse, NY",New York,,,False,,tf_card_start,difficulty=green
tf-201073,trailforks,https://www.trailforks.com/trails/pedal-tavern/,Pedal Tavern,36.27256,-86.73845,point_start,36.27256,-86.73845,,,,,4.8,trailforks_card_raw_avg,4.8,8,green,Cedar Hill Park,"Nashville, TN",Tennessee,,,False,,tf_card_start,difficulty=green
tf-7575,trailforks,https://www.trailforks.com/trails/toybox-hill/,Toybox Hill,36.083815,-86.874056,point_start,36.083815,-86.874056,,,,,4.4,trailforks_card_raw_avg,4.4,8,green,Percy Warner Park,"Nashville, TN",Tennessee,,,False,,tf_card_start,difficulty=green
tf-277847,trailforks,https://www.trailforks.com/trails/cane-ridge-phase-2/,Cane Ridge Phase 2,35.99048,-86.61766,point_start,35.99048,-86.61766,,,,,4.0,trailforks_card_raw_avg,4.0,1,green,Cane Ridge,"Antioch, TN",Tennessee,,,False,,tf_card_start,difficulty=green
tf-639458,trailforks,https://www.trailforks.com/trails/south-cedar-lake-trail/,South Cedar Lake Trail,44.91953,-93.41417,point_start,44.91953,-93.41417,,,,,5.0,trailforks_card_raw_avg,5.0,1,white,Lone Lake Park,"Minnetonka, MN",Minnesota,,,False,,tf_card_start,difficulty=white
tf-529315,trailforks,https://www.trailforks.com/trails/lake-trail-529315/,Lake Trail,44.78657,-93.4346,point_start,44.78657,-93.4346,,,,,4.0,trailforks_card_raw_avg,4.0,1,green,Xcel Energy Mountain Bike Park,"Shakopee, MN",Minnesota,,,False,,tf_card_start,difficulty=green
tf-356974,trailforks,https://www.trailforks.com/trails/lone-lake-long-loop/,Lone Lake Long Loop,44.90043,-93.42677,point_start,44.90043,-93.42677,,,,,4.2,trailforks_card_raw_avg,4.2,5,green,Lone Lake Park,"Minnetonka, MN",Minnesota,,,False,,tf_card_start,difficulty=green
tf-319370,trailforks,https://www.trailforks.com/trails/green-loop-319370/,Green Loop,45.00584,-92.90472,point_start,45.00584,-92.90472,,,,,4.3,trailforks_card_raw_avg,4.3,4,green,Sunfish Lake Park,"Lake Elmo, MN",Minnesota,,,False,,tf_card_start,difficulty=green
tf-467005,trailforks,https://www.trailforks.com/trails/coc--a-t--harpers-ferry-to-lock-31/,COC / A.T. (Harpers Ferry to Lock 31),39.32924,-77.68138,point_start,39.32924,-77.68138,,,,,5.0,trailforks_card_raw_avg,5.0,2,green,Frederick County,"Brunswick, MD",Maryland,,,False,,tf_card_start,difficulty=green
tf-567892,trailforks,https://www.trailforks.com/trails/pozwell-s-pass-loop/,Pozwell's Pass Loop,39.31086,-77.6048,point_start,39.31086,-77.6048,,,,,4.5,trailforks_card_raw_avg,4.5,2,green,River's Edge Trails,"Brunswick, MD",Maryland,,,False,,tf_card_start,difficulty=green
tf-467008,trailforks,https://www.trailforks.com/trails/coc-lockhouse-31-to-brunswick/,COC (Lockhouse 31 to Brunswick),39.31163,-77.63106,point_start,39.31163,-77.63106,,,,,5.0,trailforks_card_raw_avg,5.0,2,green,Frederick County,"Brunswick, MD",Maryland,,,False,,tf_card_start,difficulty=green
tf-233619,trailforks,https://www.trailforks.com/trails/boy-scout-trail-233619/,Boy Scout Trail,39.49245,-78.31756,point_start,39.49245,-78.31756,,,,,4.4,trailforks_card_raw_avg,4.4,6,green,Cacapon Resort State Park,"Berkeley Springs, WV",West Virginia,,,False,,tf_card_start,difficulty=green
tf-446322,trailforks,https://www.trailforks.com/trails/ewok-forest-north/,Ewok Forest North,45.82764,-110.88622,point_start,45.82764,-110.88622,,,,,3.8,trailforks_card_raw_avg,3.8,4,green,Crosscut Trail System,"Bozeman, MT",Montana,,,False,,tf_card_start,difficulty=green
tf-646771,trailforks,https://www.trailforks.com/trails/kagy-loop-646771/,Kagy Loop,45.65661,-111.00568,point_start,45.65661,-111.00568,,,,,5.0,trailforks_card_raw_avg,5.0,1,green,Highland Glen,"Bozeman, MT",Montana,,,False,,tf_card_start,difficulty=green
tf-556129,trailforks,https://www.trailforks.com/trails/huff-s-trek-556129/,Huff's Trek,45.26771,-111.34469,point_start,45.26771,-111.34469,,,,,5.0,trailforks_card_raw_avg,5.0,1,green,Big Sky,"Big Sky, MT",Montana,,,False,,tf_card_start,difficulty=green
tf-847512,trailforks,https://www.trailforks.com/trails/sandhill-trail-847512/,Sandhill Trail,45.64187,-111.00112,point_start,45.64187,-111.00112,,,,,5.0,trailforks_card_raw_avg,5.0,1,green,Bozeman,"Bozeman, MT",Montana,,,False,,tf_card_start,difficulty=green
tf-847510,trailforks,https://www.trailforks.com/trails/sandhill-trail-847510/,Sandhill Trail,45.64991,-111.0012,point_start,45.64991,-111.0012,,,,,5.0,trailforks_card_raw_avg,5.0,1,green,Bozeman,"Bozeman, MT",Montana,,,False,,tf_card_start,difficulty=green
tf-646426,trailforks,https://www.trailforks.com/trails/east-ridge-646426/,East Ridge,45.65724,-111.00184,point_start,45.65724,-111.00184,,,,,4.0,trailforks_card_raw_avg,4.0,2,green,Highland Glen,"Bozeman, MT",Montana,,,False,,tf_card_start,difficulty=green
tf-626441,trailforks,https://www.trailforks.com/trails/wuh-kio-trail/,Wuh Kio Trail,37.09311,-119.56311,point_start,37.09311,-119.56311,,,,,5.0,trailforks_card_raw_avg,5.0,1,green,San Joaquin River Gorge,"Friant, CA",California,,,False,,tf_card_start,difficulty=green
tf-146583,trailforks,https://www.trailforks.com/trails/lily-trail-shaver-perimeter/,Lily Trail (Shaver Perimeter),37.0985,-119.29998,point_start,37.0985,-119.29998,,,,,5.0,trailforks_card_raw_avg,5.0,1,green,Shaver Lake,"shaver lake, CA",California,,,False,,tf_card_start,difficulty=green
tf-196310,trailforks,https://www.trailforks.com/trails/blue-oak-trail-196310/,Blue Oak Trail,36.99704,-119.66281,point_start,36.99704,-119.66281,,,,,4.5,trailforks_card_raw_avg,4.5,2,green,Central California,"Friant, CA",California,,,False,,tf_card_start,difficulty=green
tf-31515,trailforks,https://www.trailforks.com/trails/buds-bypass/,Buds Bypass,37.22121,-119.16809,point_start,37.22121,-119.16809,,,,,4.0,trailforks_card_raw_avg,4.0,2,green,China Peak Mountain Resort,"Lakeshore, CA",California,,,False,,tf_card_start,difficulty=green
tf-31528,trailforks,https://www.trailforks.com/trails/pond-skimmer/,Pond Skimmer,37.22581,-119.1542,point_start,37.22581,-119.1542,,,,,4.0,trailforks_card_raw_avg,4.0,2,green,China Peak Mountain Resort,"Lakeshore, CA",California,,,False,,tf_card_start,difficulty=green
tf-765576,trailforks,https://www.trailforks.com/trails/the-bog-loop-765576/,The Bog Loop,43.13787,-87.92984,point_start,43.13787,-87.92984,,,,,4.7,trailforks_card_raw_avg,4.7,3,green,Kletzsch Park Trails,"Glendale, WI",Wisconsin,,,False,,tf_card_start,difficulty=green
tf-832064,trailforks,https://www.trailforks.com/trails/gremlin/,Gremlin,42.64695,-87.86019,point_start,42.64695,-87.86019,,,,,4.0,trailforks_card_raw_avg,4.0,1,green,Petrifying Springs County Park,"Kenosha, WI",Wisconsin,,,False,,tf_card_start,difficulty=green
tf-526383,trailforks,https://www.trailforks.com/trails/fraggle-rocks/,Fraggle Rocks,43.30492,-88.26689,point_start,43.30492,-88.26689,,,,,4.6,trailforks_card_raw_avg,4.6,9,green,Heritage Trails Park,"Slinger, WI",Wisconsin,,,False,,tf_card_start,difficulty=green
tf-792120,trailforks,https://www.trailforks.com/trails/regner-park/,Regner Park,43.43401,-88.19216,point_start,43.43401,-88.19216,,,,,5.0,trailforks_card_raw_avg,5.0,3,green,West Bend,"West Bend, WI",Wisconsin,,,False,,tf_card_start,difficulty=green
tf-831967,trailforks,https://www.trailforks.com/trails/grandad/,Grandad,42.65353,-87.85196,point_start,42.65353,-87.85196,,,,,4.0,trailforks_card_raw_avg,4.0,1,green,Petrifying Springs County Park,"Kenosha, WI",Wisconsin,,,False,,tf_card_start,difficulty=green
tf-50213,trailforks,https://www.trailforks.com/trails/green-loop/,Green Loop,42.97791,-88.18463,point_start,42.97791,-88.18463,,,,,3.9,trailforks_card_raw_avg,3.9,7,green,Minooka Park,"Waukesha, WI",Wisconsin,,,False,,tf_card_start,difficulty=green
tf-117597,trailforks,https://www.trailforks.com/trails/yeti/,Yeti,42.5603,-88.13237,point_start,42.5603,-88.13237,,,,,4.5,trailforks_card_raw_avg,4.5,6,green,Silver Lake County Park,"Salem, WI",Wisconsin,,,False,,tf_card_start,difficulty=green
tf-17633,trailforks,https://www.trailforks.com/trails/pemberton-st/,Pemberton ST,33.71648,-111.78662,point_start,33.71648,-111.78662,,,,,4.0,trailforks_card_raw_avg,4.0,19,green,McDowell Mountain Regional Park,"Fountain Hills, AZ",Arizona,,,False,,tf_card_start,difficulty=green
tf-18040,trailforks,https://www.trailforks.com/trails/granite-mtn-loop/,Granite Mtn. Loop,33.78864,-111.81093,point_start,33.78864,-111.81093,,,,,4.4,trailforks_card_raw_avg,4.4,11,green,Brown's Ranch,"Scottsdale, AZ",Arizona,,,False,,tf_card_start,difficulty=green
tf-35532,trailforks,https://www.trailforks.com/trails/hawknest-trail-35532/,Hawknest Trail,33.784391,-111.855835,point_start,33.784391,-111.855835,,,,,4.9,trailforks_card_raw_avg,4.9,14,green,Brown's Ranch,"Scottsdale, AZ",Arizona,,,False,,tf_card_start,difficulty=green
tf-29994,trailforks,https://www.trailforks.com/trails/lower-shallmo-wash-trail/,Lower Shallmo Wash Trail,33.67297,-111.70219,point_start,33.67297,-111.70219,,,,,4.1,trailforks_card_raw_avg,4.1,12,green,McDowell Mountain Regional Park,"Fountain Hills, AZ",Arizona,,,False,,tf_card_start,difficulty=green
tf-20793,trailforks,https://www.trailforks.com/trails/watershed-trail-20793/,Watershed Trail,33.77928,-111.82457,point_start,33.77928,-111.82457,,,,,3.8,trailforks_card_raw_avg,3.8,9,green,Brown's Ranch,"Scottsdale, AZ",Arizona,,,False,,tf_card_start,difficulty=green
tf-26582,trailforks,https://www.trailforks.com/trails/balanced-rock-trail/,Balanced Rock Trail,33.77949,-111.82209,point_start,33.77949,-111.82209,,,,,4.1,trailforks_card_raw_avg,4.1,16,green,Brown's Ranch,"Scottsdale, AZ",Arizona,,,False,,tf_card_start,difficulty=green
tf-100565,trailforks,https://www.trailforks.com/trails/chuck-wagon-100565/,Chuck Wagon,33.78047,-111.81768,point_start,33.78047,-111.81768,,,,,3.9,trailforks_card_raw_avg,3.9,12,green,Brown's Ranch,"Scottsdale, AZ",Arizona,,,False,,tf_card_start,difficulty=green
tf-76731,trailforks,https://www.trailforks.com/trails/straightaway/,Straightaway,41.15095,-81.5505,point_start,41.15095,-81.5505,,,,,5.0,trailforks_card_raw_avg,5.0,2,green,Hampton Hills,"Akron, OH",Ohio,,,False,,tf_card_start,difficulty=green
tf-150796,trailforks,https://www.trailforks.com/trails/royalview-yellow/,Royalview Yellow,41.31034,-81.79389,point_start,41.31034,-81.79389,,,,,4.9,trailforks_card_raw_avg,4.9,7,green,Royalview,"Strongsville, OH",Ohio,,,False,,tf_card_start,difficulty=green
tf-231441,trailforks,https://www.trailforks.com/trails/c-loop-extension/,C Loop Extension,41.15022,-81.55662,point_start,41.15022,-81.55662,,,,,5.0,trailforks_card_raw_avg,5.0,1,green,Hampton Hills,"Akron, OH",Ohio,,,False,,tf_card_start,difficulty=green
tf-222283,trailforks,https://www.trailforks.com/trails/little-loop-222283/,Little Loop,41.38221,-81.69878,point_start,41.38221,-81.69878,,,,,4.0,trailforks_card_raw_avg,4.0,2,green,West Creek Reservation,"Cleveland, OH",Ohio,,,False,,tf_card_start,difficulty=green
tf-24073,trailforks,https://www.trailforks.com/trails/royalview-red-trail/,Royalview Red Trail,41.29934,-81.80199,point_start,41.29934,-81.80199,,,,,4.6,trailforks_card_raw_avg,4.6,5,green,Royalview,"Strongsville, OH",Ohio,,,False,,tf_card_start,difficulty=green
tf-76732,trailforks,https://www.trailforks.com/trails/b-loop-76732/,B Loop,41.15055,-81.55129,point_start,41.15055,-81.55129,,,,,4.0,trailforks_card_raw_avg,4.0,2,green,Hampton Hills,"Akron, OH",Ohio,,,False,,tf_card_start,difficulty=green
tf-76727,trailforks,https://www.trailforks.com/trails/c-loop-76727/,C Loop,41.15059,-81.5529,point_start,41.15059,-81.5529,,,,,4.0,trailforks_card_raw_avg,4.0,1,green,Hampton Hills,"Akron, OH",Ohio,,,False,,tf_card_start,difficulty=green
tf-89495,trailforks,https://www.trailforks.com/trails/novice-loop-89495/,Novice Loop,41.43088,-81.6623,point_start,41.43088,-81.6623,,,,,4.0,trailforks_card_raw_avg,4.0,1,green,Ohio & Erie Canal Reservation,"Cleveland, OH",Ohio,,,False,,tf_card_start,difficulty=green
tf-551383,trailforks,https://www.trailforks.com/trails/new-to-this/,New To This,43.77293,-116.10025,point_start,43.77293,-116.10025,,,,,4.6,trailforks_card_raw_avg,4.6,0,green,,"Boise, ID",Idaho,,,False,,tf_card_start,difficulty=green
tf-777235,trailforks,https://www.trailforks.com/trails/bill-s-777235/,Bill's,43.70874,-116.23282,point_start,43.70874,-116.23282,,,,,5.0,trailforks_card_raw_avg,5.0,0,green,,"Boise, ID",Idaho,,,False,,tf_card_start,difficulty=green
tf-609629,trailforks,https://www.trailforks.com/trails/hawkins-reserve-loop/,Hawkins Reserve Loop,43.70505,-116.16974,point_start,43.70505,-116.16974,,,,,3.8,trailforks_card_raw_avg,3.8,0,green,,"Boise, ID",Idaho,,,False,,tf_card_start,difficulty=green
tf-488912,trailforks,https://www.trailforks.com/trails/barn-owl-488912/,Barn Owl,43.70343,-116.25154,point_start,43.70343,-116.25154,,,,,4.5,trailforks_card_raw_avg,4.5,0,green,,"Boise, ID",Idaho,,,False,,tf_card_start,difficulty=green
tf-185801,trailforks,https://www.trailforks.com/trails/rabbitbrush-trail/,Rabbitbrush Trail,43.72131,-116.23547,point_start,43.72131,-116.23547,,,,,4.0,trailforks_card_raw_avg,4.0,0,green,,"Boise, ID",Idaho,,,False,,tf_card_start,difficulty=green
tf-51143,trailforks,https://www.trailforks.com/trails/frazier-trail-51143/,Frazier Trail,43.67042,-70.45321,point_start,43.67042,-70.45321,,,,,4.0,trailforks_card_raw_avg,4.0,3,green,Weeks/Moody's,"Gorham, ME",Maine,,,False,,tf_card_start,difficulty=green
tf-50934,trailforks,https://www.trailforks.com/trails/moody-blues/,Moody Blues,43.65751,-70.44934,point_start,43.65751,-70.44934,,,,,4.0,trailforks_card_raw_avg,4.0,1,green,Weeks/Moody's,"Gorham, ME",Maine,,,False,,tf_card_start,difficulty=green
tf-60104,trailforks,https://www.trailforks.com/trails/climb-trail-1-60104/,Climb Trail 1,43.6829,-70.45361,point_start,43.6829,-70.45361,,,,,4.0,trailforks_card_raw_avg,4.0,1,green,Alden Hill/USM,"Gorham, ME",Maine,,,False,,tf_card_start,difficulty=green
tf-22893,trailforks,https://www.trailforks.com/trails/knight-woods-22893/,Knight Woods,43.89954,-70.17781,point_start,43.89954,-70.17781,,,,,4.0,trailforks_card_raw_avg,4.0,3,green,Bradbury Mountain State Park,"Pownal, ME",Maine,,,False,,tf_card_start,difficulty=green
tf-18680,trailforks,https://www.trailforks.com/trails/upper-hemlock-trail-white-blaze/,Upper Hemlock Trail (White Blaze),43.79865,-70.34096,point_start,43.79865,-70.34096,,,,,4.0,trailforks_card_raw_avg,4.0,2,green,Blackstrap Hill Preserve,"Falmouth, ME",Maine,,,False,,tf_card_start,difficulty=green
tf-101738,trailforks,https://www.trailforks.com/trails/fox-den/,Fox Den,43.42764,-70.46942,point_start,43.42764,-70.46942,,,,,4.0,trailforks_card_raw_avg,4.0,1,green,Smith Preserve,"Kennebunkport, ME",Maine,,,False,,tf_card_start,difficulty=green
tf-15714,trailforks,https://www.trailforks.com/trails/ocnp-loop-1-white/,OCNP Loop 1 - White,32.71407,-96.86532,point_start,32.71407,-96.86532,,,,,4.0,trailforks_card_raw_avg,4.0,3,green,Oak Cliff Nature Preserve,"Dallas, TX",Texas,,,False,,tf_card_start,difficulty=green
tf-4656,trailforks,https://www.trailforks.com/trails/east-loop-4656/,East Loop,32.79386,-97.13168,point_start,32.79386,-97.13168,,,,,4.4,trailforks_card_raw_avg,4.4,9,green,River Legacy Park,"Arlington, TX",Texas,,,False,,tf_card_start,difficulty=green
tf-354217,trailforks,https://www.trailforks.com/trails/lower-40/,Lower 40,32.65946,-96.95869,point_start,32.65946,-96.95869,,,,,5.0,trailforks_card_raw_avg,5.0,1,green,Big Cedar Wilderness Trails,"Dallas, TX",Texas,,,False,,tf_card_start,difficulty=green
tf-353628,trailforks,https://www.trailforks.com/trails/death-valley-353628/,Death Valley,32.65849,-96.95879,point_start,32.65849,-96.95879,,,,,5.0,trailforks_card_raw_avg,5.0,1,green,Big Cedar Wilderness Trails,"Dallas, TX",Texas,,,False,,tf_card_start,difficulty=green
tf-118909,trailforks,https://www.trailforks.com/trails/north-loop-118909/,North Loop,32.79403,-97.127171,point_start,32.79403,-97.127171,,,,,3.8,trailforks_card_raw_avg,3.8,4,green,River Legacy Park,"Arlington, TX",Texas,,,False,,tf_card_start,difficulty=green
tf-118905,trailforks,https://www.trailforks.com/trails/south-loop-118905/,South Loop,32.7932,-97.116984,point_start,32.7932,-97.116984,,,,,4.0,trailforks_card_raw_avg,4.0,5,green,River Legacy Park,"Arlington, TX",Texas,,,False,,tf_card_start,difficulty=green
tf-118908,trailforks,https://www.trailforks.com/trails/prairie-loop-118908/,Prairie Loop,32.79159,-97.1262,point_start,32.79159,-97.1262,,,,,3.8,trailforks_card_raw_avg,3.8,4,green,River Legacy Park,"Arlington, TX",Texas,,,False,,tf_card_start,difficulty=green
tf-512398,trailforks,https://www.trailforks.com/trails/salt-creek-heights/,Salt Creek Heights,40.59271,-122.43925,point_start,40.59271,-122.43925,,,,,4.6,trailforks_card_raw_avg,4.6,5,green,Keswick,"Redding, CA",California,,,False,,tf_card_start,difficulty=green
tf-749578,trailforks,https://www.trailforks.com/trails/canyon-holler/,Canyon Holler,40.55955,-122.42096,point_start,40.55955,-122.42096,,,,,5.0,trailforks_card_raw_avg,5.0,1,green,Redding,"Redding, CA",California,,,False,,tf_card_start,difficulty=green
tf-514813,trailforks,https://www.trailforks.com/trails/t--party/,"""T"" Party",40.5644,-122.42144,point_start,40.5644,-122.42144,,,,,4.4,trailforks_card_raw_avg,4.4,3,green,Redding,"Redding, CA",California,,,False,,tf_card_start,difficulty=green
tf-789295,trailforks,https://www.trailforks.com/trails/hog-lake/,Hog Lake,40.27935,-122.12231,point_start,40.27935,-122.12231,,,,,4.0,trailforks_card_raw_avg,4.0,1,green,Sacramento River Bend,"Red Bluff, CA",California,,,False,,tf_card_start,difficulty=green
tf-700950,trailforks,https://www.trailforks.com/trails/canyon-hollow-700950/,Canyon Hollow,40.55622,-122.43053,point_start,40.55622,-122.43053,,,,,5.0,trailforks_card_raw_avg,5.0,1,green,Westside/Mary Lake,"Redding, CA",California,,,False,,tf_card_start,difficulty=green
tf-680069,trailforks,https://www.trailforks.com/trails/sloppy-joe-680069/,Sloppy Joe,40.56451,-122.42753,point_start,40.56451,-122.42753,,,,,5.0,trailforks_card_raw_avg,5.0,2,green,Redding,"Redding, CA",California,,,False,,tf_card_start,difficulty=green
tf-48033,trailforks,https://www.trailforks.com/trails/mary-lake-ditch-trail/,Mary Lake Ditch Trail,40.57782,-122.43781,point_start,40.57782,-122.43781,,,,,4.0,trailforks_card_raw_avg,4.0,2,green,Westside/Mary Lake,"Redding, CA",California,,,False,,tf_card_start,difficulty=green
tf-47823,trailforks,https://www.trailforks.com/trails/fb-lower/,FB (Lower),40.60173,-122.44298,point_start,40.60173,-122.44298,,,,,4.7,trailforks_card_raw_avg,4.7,3,green,Keswick,"Redding, CA",California,,,False,,tf_card_start,difficulty=green
tf-77751,trailforks,https://www.trailforks.com/trails/hornbeck-77751/,Hornbeck,40.635945,-122.42209,point_start,40.635945,-122.42209,,,,,4.4,trailforks_card_raw_avg,4.4,5,green,Redding,"Redding, CA",California,,,False,,tf_card_start,difficulty=green
tf-582687,trailforks,https://www.trailforks.com/trails/nomad-south/,Nomad South,40.53226,-105.16324,point_start,40.53226,-105.16324,,,,,4.5,trailforks_card_raw_avg,4.5,2,green,Horsetooth Mountain,"Fort Collins, CO",Colorado,,,False,,tf_card_start,difficulty=green
tf-110789,trailforks,https://www.trailforks.com/trails/721-side-kick/,721 Side Kick,34.56496,-112.54204,point_start,34.56496,-112.54204,,,,,4.9,trailforks_card_raw_avg,4.9,7,green,Spence Basin,"Prescott, AZ",Arizona,,,False,,tf_card_start,difficulty=green
tf-14718,trailforks,https://www.trailforks.com/trails/706-vista/,706 Vista,34.57856,-112.53376,point_start,34.57856,-112.53376,,,,,4.2,trailforks_card_raw_avg,4.2,16,green,Spence Basin,"Prescott, AZ",Arizona,,,False,,tf_card_start,difficulty=green
tf-268277,trailforks,https://www.trailforks.com/trails/hoot-owl-trail/,Hoot Owl Trail,34.48434,-112.37363,point_start,34.48434,-112.37363,,,,,4.0,trailforks_card_raw_avg,4.0,11,green,Prescott,"Prescott, AZ",Arizona,,,False,,tf_card_start,difficulty=green
tf-192623,trailforks,https://www.trailforks.com/trails/chicaree-to-lake-alpine-lodge/,Chicaree to Lake Alpine Lodge,38.47826,-120.00249,point_start,38.47826,-120.00249,,,,,5.0,trailforks_card_raw_avg,5.0,3,green,Bear Valley,"Bear Valley, CA",California,,,False,,tf_card_start,difficulty=green
tf-318328,trailforks,https://www.trailforks.com/trails/tap-5/,Tap 5,37.83952,-120.12641,point_start,37.83952,-120.12641,,,,,4.0,trailforks_card_raw_avg,4.0,4,green,Ferretti Non-Motorized Trail System,"Groveland, CA",California,,,False,,tf_card_start,difficulty=green
tf-226356,trailforks,https://www.trailforks.com/trails/panorama-dome-trail-226356/,Panorama Dome Trail,37.62295,-118.99968,point_start,37.62295,-118.99968,,,,,4.0,trailforks_card_raw_avg,4.0,1,green,Mammoth Lakes Trail System,"Mammoth Lakes, CA",California,,,False,,tf_card_start,difficulty=green
tf-744544,trailforks,https://www.trailforks.com/trails/barr-lake-perimeter-trail/,Barr Lake Perimeter Trail,39.93788,-104.75254,point_start,39.93788,-104.75254,,,,,4.0,trailforks_card_raw_avg,4.0,1,green,Barr Lake State Park,"Brighton, CO",Colorado,,,False,,tf_card_start,difficulty=green
tf-96785,trailforks,https://www.trailforks.com/trails/speak-easy-96785/,Speak Easy,32.79603,-97.41096,point_start,32.79603,-97.41096,,,,,4.3,trailforks_card_raw_avg,4.3,4,green,Marion Sansom Park,"Fort Worth, TX",Texas,,,False,,tf_card_start,difficulty=green
tf-12232,trailforks,https://www.trailforks.com/trails/horsethief-drop/,Horsethief Drop,39.17136,-108.85065,point_start,39.17136,-108.85065,,,,,3.8,trailforks_card_raw_avg,3.8,28,doubleBlack,Kokopelli Loops,,Colorado,,,False,,tf_card_start,difficulty=doubleBlack
tf-8925,trailforks,https://www.trailforks.com/trails/the-snotch/,The Snotch,38.58264,-109.36087,point_start,38.58264,-109.36087,,,,,4.3,trailforks_card_raw_avg,4.3,43,doubleBlack,La Sal Mountains,,Utah,,,False,,tf_card_start,difficulty=doubleBlack
